user_id,n_relevant,n_novel_relevant,novel_hits,seen_hits,novel_recall,seed,model
user_000000_000000,15,9,0,0,0.0,73,svd_256
user_000000_000001,14,6,0,4,0.0,73,svd_256
user_000000_000002,4,0,0,4,,73,svd_256
user_000000_000003,13,9,1,3,0.1111111111111111,73,svd_256
user_000000_000004,13,7,0,1,0.0,73,svd_256
user_000000_000005,7,1,0,3,0.0,73,svd_256
user_000000_000006,8,2,0,5,0.0,73,svd_256
user_000000_000007,11,2,0,7,0.0,73,svd_256
user_000000_000008,15,11,1,0,0.09090909090909091,73,svd_256
user_000000_000009,14,9,1,3,0.1111111111111111,73,svd_256
user_000000_000010,12,2,0,6,0.0,73,svd_256
user_000000_000011,14,6,1,5,0.16666666666666666,73,svd_256
user_000000_000012,8,3,0,5,0.0,73,svd_256
user_000000_000013,14,9,0,1,0.0,73,svd_256
user_000000_000014,14,4,0,6,0.0,73,svd_256
user_000000_000015,12,5,0,6,0.0,73,svd_256
user_000000_000016,12,4,1,3,0.25,73,svd_256
user_000000_000017,10,2,0,5,0.0,73,svd_256
user_000000_000018,14,8,0,3,0.0,73,svd_256
user_000000_000019,15,8,0,2,0.0,73,svd_256
user_000000_000020,12,5,0,4,0.0,73,svd_256
user_000000_000021,11,7,1,4,0.14285714285714285,73,svd_256
user_000000_000022,11,2,0,6,0.0,73,svd_256
user_000000_000023,11,7,1,2,0.14285714285714285,73,svd_256
user_000000_000024,8,5,0,3,0.0,73,svd_256
user_000000_000025,12,3,0,6,0.0,73,svd_256
user_000000_000026,14,8,1,3,0.125,73,svd_256
user_000000_000027,13,7,0,5,0.0,73,svd_256
user_000000_000028,10,3,0,5,0.0,73,svd_256
user_000000_000029,5,1,0,3,0.0,73,svd_256
user_000000_000030,13,8,0,5,0.0,73,svd_256
user_000000_000031,9,4,0,4,0.0,73,svd_256
user_000000_000032,6,1,0,5,0.0,73,svd_256
user_000000_000033,13,6,0,3,0.0,73,svd_256
user_000000_000034,15,11,0,2,0.0,73,svd_256
user_000000_000035,11,3,0,5,0.0,73,svd_256
user_000000_000036,14,10,0,4,0.0,73,svd_256
user_000000_000037,11,5,0,3,0.0,73,svd_256
user_000000_000038,13,7,0,3,0.0,73,svd_256
user_000000_000039,10,5,0,5,0.0,73,svd_256
user_000000_000040,14,6,0,4,0.0,73,svd_256
user_000000_000041,8,5,0,3,0.0,73,svd_256
user_000000_000042,14,6,0,4,0.0,73,svd_256
user_000000_000043,5,2,1,3,0.5,73,svd_256
user_000000_000044,14,8,0,2,0.0,73,svd_256
user_000000_000045,14,11,1,0,0.09090909090909091,73,svd_256
user_000000_000046,14,6,1,4,0.16666666666666666,73,svd_256
user_000000_000047,14,5,1,4,0.2,73,svd_256
user_000000_000048,8,2,1,5,0.5,73,svd_256
user_000000_000049,8,3,1,2,0.3333333333333333,73,svd_256
user_000000_000050,8,5,1,3,0.2,73,svd_256
user_000000_000051,9,4,0,3,0.0,73,svd_256
user_000000_000052,7,1,0,5,0.0,73,svd_256
user_000000_000053,15,9,0,0,0.0,73,svd_256
user_000000_000054,13,7,0,5,0.0,73,svd_256
user_000000_000055,14,10,0,3,0.0,73,svd_256
user_000000_000056,5,0,0,5,,73,svd_256
user_000000_000057,15,7,1,2,0.14285714285714285,73,svd_256
user_000000_000058,13,5,0,4,0.0,73,svd_256
user_000000_000059,12,2,0,6,0.0,73,svd_256
user_000000_000060,9,4,1,3,0.25,73,svd_256
user_000000_000061,7,1,0,5,0.0,73,svd_256
user_000000_000062,13,8,0,5,0.0,73,svd_256
user_000000_000063,12,3,0,4,0.0,73,svd_256
user_000000_000064,14,9,0,1,0.0,73,svd_256
user_000000_000065,8,2,0,3,0.0,73,svd_256
user_000000_000066,14,9,0,3,0.0,73,svd_256
user_000000_000067,14,11,0,1,0.0,73,svd_256
user_000000_000068,12,7,0,2,0.0,73,svd_256
user_000000_000069,8,3,0,2,0.0,73,svd_256
user_000000_000070,10,2,0,5,0.0,73,svd_256
user_000000_000071,12,6,1,2,0.16666666666666666,73,svd_256
user_000000_000072,14,7,0,3,0.0,73,svd_256
user_000000_000073,9,1,0,3,0.0,73,svd_256
user_000000_000074,12,6,0,2,0.0,73,svd_256
user_000000_000075,14,8,0,3,0.0,73,svd_256
user_000000_000076,8,5,1,3,0.2,73,svd_256
user_000000_000077,12,8,0,4,0.0,73,svd_256
user_000000_000078,13,8,0,3,0.0,73,svd_256
user_000000_000079,13,10,3,0,0.3,73,svd_256
user_000000_000080,7,4,1,3,0.25,73,svd_256
user_000000_000081,12,3,1,6,0.3333333333333333,73,svd_256
user_000000_000082,11,7,0,4,0.0,73,svd_256
user_000000_000083,14,10,1,3,0.1,73,svd_256
user_000000_000084,10,5,1,4,0.2,73,svd_256
user_000000_000085,10,5,0,5,0.0,73,svd_256
user_000000_000086,14,7,0,5,0.0,73,svd_256
user_000000_000087,13,7,0,3,0.0,73,svd_256
user_000000_000088,15,8,0,0,0.0,73,svd_256
user_000000_000089,14,9,0,2,0.0,73,svd_256
user_000000_000090,14,10,0,1,0.0,73,svd_256
user_000000_000091,11,4,0,4,0.0,73,svd_256
user_000000_000092,6,1,0,5,0.0,73,svd_256
user_000000_000093,14,12,0,1,0.0,73,svd_256
user_000000_000094,14,13,3,0,0.23076923076923078,73,svd_256
user_000000_000095,9,3,0,6,0.0,73,svd_256
user_000000_000096,13,10,0,3,0.0,73,svd_256
user_000000_000097,14,4,0,5,0.0,73,svd_256
user_000000_000098,14,6,0,4,0.0,73,svd_256
user_000000_000099,14,8,0,4,0.0,73,svd_256
user_000000_000100,10,8,0,2,0.0,73,svd_256
user_000000_000101,14,8,0,4,0.0,73,svd_256
user_000000_000102,13,8,1,2,0.125,73,svd_256
user_000000_000103,14,10,0,3,0.0,73,svd_256
user_000000_000104,10,6,0,3,0.0,73,svd_256
user_000000_000105,11,5,0,4,0.0,73,svd_256
user_000000_000106,14,9,0,3,0.0,73,svd_256
user_000000_000107,14,10,0,0,0.0,73,svd_256
user_000000_000108,12,3,0,7,0.0,73,svd_256
user_000000_000109,14,3,0,5,0.0,73,svd_256
user_000000_000110,14,7,0,3,0.0,73,svd_256
user_000000_000111,13,10,0,3,0.0,73,svd_256
user_000000_000112,6,2,1,4,0.5,73,svd_256
user_000000_000113,12,3,0,6,0.0,73,svd_256
user_000000_000114,9,3,0,4,0.0,73,svd_256
user_000000_000115,12,8,2,2,0.25,73,svd_256
user_000000_000116,11,6,1,4,0.16666666666666666,73,svd_256
user_000000_000117,9,2,0,5,0.0,73,svd_256
user_000000_000118,14,9,0,1,0.0,73,svd_256
user_000000_000119,14,8,1,1,0.125,73,svd_256
user_000000_000120,14,6,0,3,0.0,73,svd_256
user_000000_000121,10,5,0,4,0.0,73,svd_256
user_000000_000122,6,1,0,5,0.0,73,svd_256
user_000000_000123,8,7,0,1,0.0,73,svd_256
user_000000_000124,14,7,0,3,0.0,73,svd_256
user_000000_000125,14,5,0,4,0.0,73,svd_256
user_000000_000126,8,1,0,5,0.0,73,svd_256
user_000000_000127,12,7,0,2,0.0,73,svd_256
user_000000_000128,14,12,0,2,0.0,73,svd_256
user_000000_000129,14,8,2,1,0.25,73,svd_256
user_000000_000130,13,5,0,5,0.0,73,svd_256
user_000000_000131,13,6,0,5,0.0,73,svd_256
user_000000_000132,12,5,1,5,0.2,73,svd_256
user_000000_000133,10,5,1,3,0.2,73,svd_256
user_000000_000134,7,1,0,4,0.0,73,svd_256
user_000000_000135,15,9,0,1,0.0,73,svd_256
user_000000_000136,13,8,2,4,0.25,73,svd_256
user_000000_000137,14,6,0,4,0.0,73,svd_256
user_000000_000138,10,6,0,4,0.0,73,svd_256
user_000000_000139,10,2,0,7,0.0,73,svd_256
user_000000_000140,6,1,1,5,1.0,73,svd_256
user_000000_000141,13,5,1,3,0.2,73,svd_256
user_000000_000142,14,4,0,5,0.0,73,svd_256
user_000000_000143,8,4,0,4,0.0,73,svd_256
user_000000_000144,14,5,0,4,0.0,73,svd_256
user_000000_000145,10,5,1,4,0.2,73,svd_256
user_000000_000146,15,9,0,3,0.0,73,svd_256
user_000000_000147,12,3,0,6,0.0,73,svd_256
user_000000_000148,15,10,0,2,0.0,73,svd_256
user_000000_000149,11,4,1,5,0.25,73,svd_256
user_000000_000150,14,11,1,3,0.09090909090909091,73,svd_256
user_000000_000151,15,12,0,1,0.0,73,svd_256
user_000000_000152,6,2,0,4,0.0,73,svd_256
user_000000_000153,14,9,1,2,0.1111111111111111,73,svd_256
user_000000_000154,8,5,0,3,0.0,73,svd_256
user_000000_000155,14,8,0,5,0.0,73,svd_256
user_000000_000156,14,7,1,4,0.14285714285714285,73,svd_256
user_000000_000157,10,3,1,2,0.3333333333333333,73,svd_256
user_000000_000158,10,2,0,6,0.0,73,svd_256
user_000000_000159,10,4,0,5,0.0,73,svd_256
user_000000_000160,12,4,0,4,0.0,73,svd_256
user_000000_000161,14,5,0,4,0.0,73,svd_256
user_000000_000162,7,0,0,6,,73,svd_256
user_000000_000163,15,10,0,2,0.0,73,svd_256
user_000000_000164,13,7,1,3,0.14285714285714285,73,svd_256
user_000000_000165,7,4,1,2,0.25,73,svd_256
user_000000_000166,9,5,0,4,0.0,73,svd_256
user_000000_000167,13,8,0,2,0.0,73,svd_256
user_000000_000168,9,3,0,3,0.0,73,svd_256
user_000000_000169,8,2,0,6,0.0,73,svd_256
user_000000_000170,12,7,0,2,0.0,73,svd_256
user_000000_000171,12,8,0,2,0.0,73,svd_256
user_000000_000172,11,5,0,4,0.0,73,svd_256
user_000000_000173,14,9,1,3,0.1111111111111111,73,svd_256
user_000000_000174,14,7,0,2,0.0,73,svd_256
user_000000_000175,14,10,1,2,0.1,73,svd_256
user_000000_000176,15,6,0,3,0.0,73,svd_256
user_000000_000177,10,2,0,5,0.0,73,svd_256
user_000000_000178,14,10,2,1,0.2,73,svd_256
user_000000_000179,15,10,1,4,0.1,73,svd_256
user_000000_000180,11,5,1,4,0.2,73,svd_256
user_000000_000181,12,4,0,5,0.0,73,svd_256
user_000000_000182,6,0,0,6,,73,svd_256
user_000000_000183,12,8,1,3,0.125,73,svd_256
user_000000_000184,15,11,2,3,0.18181818181818182,73,svd_256
user_000000_000185,12,6,1,3,0.16666666666666666,73,svd_256
user_000000_000186,7,1,0,6,0.0,73,svd_256
user_000000_000187,13,4,0,6,0.0,73,svd_256
user_000000_000188,14,11,2,1,0.18181818181818182,73,svd_256
user_000000_000189,14,6,0,5,0.0,73,svd_256
user_000000_000190,12,4,0,5,0.0,73,svd_256
user_000000_000191,13,7,0,4,0.0,73,svd_256
user_000000_000192,13,4,0,5,0.0,73,svd_256
user_000000_000193,14,7,0,3,0.0,73,svd_256
user_000000_000194,14,8,0,2,0.0,73,svd_256
user_000000_000195,15,12,0,2,0.0,73,svd_256
user_000000_000196,11,3,0,4,0.0,73,svd_256
user_000000_000197,14,10,0,2,0.0,73,svd_256
user_000000_000198,14,6,0,4,0.0,73,svd_256
user_000000_000199,15,8,0,5,0.0,73,svd_256
user_000000_000200,13,7,0,5,0.0,73,svd_256
user_000000_000201,14,7,0,1,0.0,73,svd_256
user_000000_000202,13,9,0,1,0.0,73,svd_256
user_000000_000203,11,6,0,4,0.0,73,svd_256
user_000000_000204,14,7,0,1,0.0,73,svd_256
user_000000_000205,12,5,0,5,0.0,73,svd_256
user_000000_000206,14,9,0,2,0.0,73,svd_256
user_000000_000207,11,3,0,6,0.0,73,svd_256
user_000000_000208,10,5,1,4,0.2,73,svd_256
user_000000_000209,13,4,0,3,0.0,73,svd_256
user_000000_000210,9,6,1,2,0.16666666666666666,73,svd_256
user_000000_000211,9,2,0,4,0.0,73,svd_256
user_000000_000212,11,1,0,7,0.0,73,svd_256
user_000000_000213,15,8,0,6,0.0,73,svd_256
user_000000_000214,12,5,2,4,0.4,73,svd_256
user_000000_000215,15,10,0,3,0.0,73,svd_256
user_000000_000216,9,3,0,3,0.0,73,svd_256
user_000000_000217,15,9,0,3,0.0,73,svd_256
user_000000_000218,11,6,0,4,0.0,73,svd_256
user_000000_000219,13,6,0,4,0.0,73,svd_256
user_000000_000220,13,7,0,3,0.0,73,svd_256
user_000000_000221,11,4,0,5,0.0,73,svd_256
user_000000_000222,10,3,0,5,0.0,73,svd_256
user_000000_000223,1,0,0,1,,73,svd_256
user_000000_000224,13,5,0,5,0.0,73,svd_256
user_000000_000225,7,4,0,3,0.0,73,svd_256
user_000000_000226,13,6,2,1,0.3333333333333333,73,svd_256
user_000000_000227,5,0,0,5,,73,svd_256
user_000000_000228,13,6,1,1,0.16666666666666666,73,svd_256
user_000000_000229,11,4,0,5,0.0,73,svd_256
user_000000_000230,13,7,0,4,0.0,73,svd_256
user_000000_000231,9,6,0,3,0.0,73,svd_256
user_000000_000232,15,10,0,3,0.0,73,svd_256
user_000000_000233,11,6,0,4,0.0,73,svd_256
user_000000_000234,10,3,0,6,0.0,73,svd_256
user_000000_000235,10,8,0,1,0.0,73,svd_256
user_000000_000236,8,1,0,7,0.0,73,svd_256
user_000000_000237,12,3,1,4,0.3333333333333333,73,svd_256
user_000000_000238,14,9,0,2,0.0,73,svd_256
user_000000_000239,10,2,0,8,0.0,73,svd_256
user_000000_000240,14,10,0,2,0.0,73,svd_256
user_000000_000241,13,8,0,4,0.0,73,svd_256
user_000000_000242,12,3,0,5,0.0,73,svd_256
user_000000_000243,13,5,0,6,0.0,73,svd_256
user_000000_000244,12,8,0,3,0.0,73,svd_256
user_000000_000245,14,11,0,0,0.0,73,svd_256
user_000000_000246,7,1,0,6,0.0,73,svd_256
user_000000_000247,12,8,1,4,0.125,73,svd_256
user_000000_000248,14,6,1,2,0.16666666666666666,73,svd_256
user_000000_000249,13,7,0,2,0.0,73,svd_256
user_000000_000250,8,4,0,2,0.0,73,svd_256
user_000000_000251,12,7,0,3,0.0,73,svd_256
user_000000_000252,12,6,1,2,0.16666666666666666,73,svd_256
user_000000_000253,8,3,0,5,0.0,73,svd_256
user_000000_000254,8,4,2,3,0.5,73,svd_256
user_000000_000255,12,9,0,2,0.0,73,svd_256
user_000000_000256,15,8,0,2,0.0,73,svd_256
user_000000_000257,5,1,0,4,0.0,73,svd_256
user_000000_000258,12,7,0,3,0.0,73,svd_256
user_000000_000259,14,7,0,2,0.0,73,svd_256
user_000000_000260,11,6,0,4,0.0,73,svd_256
user_000000_000261,12,6,0,4,0.0,73,svd_256
user_000000_000262,9,0,0,6,,73,svd_256
user_000000_000263,11,6,0,1,0.0,73,svd_256
user_000000_000264,12,3,0,5,0.0,73,svd_256
user_000000_000265,15,10,0,3,0.0,73,svd_256
user_000000_000266,8,5,1,3,0.2,73,svd_256
user_000000_000267,11,5,0,4,0.0,73,svd_256
user_000000_000268,8,4,0,4,0.0,73,svd_256
user_000000_000269,10,2,0,4,0.0,73,svd_256
user_000000_000270,9,5,0,2,0.0,73,svd_256
user_000000_000271,14,10,1,3,0.1,73,svd_256
user_000000_000272,7,2,0,5,0.0,73,svd_256
user_000000_000273,10,4,0,4,0.0,73,svd_256
user_000000_000274,7,4,0,2,0.0,73,svd_256
user_000000_000275,12,3,0,7,0.0,73,svd_256
user_000000_000276,14,4,0,2,0.0,73,svd_256
user_000000_000277,8,2,1,6,0.5,73,svd_256
user_000000_000278,14,7,0,2,0.0,73,svd_256
user_000000_000279,9,1,0,6,0.0,73,svd_256
user_000000_000280,11,5,0,3,0.0,73,svd_256
user_000000_000281,14,5,0,6,0.0,73,svd_256
user_000000_000282,6,1,0,5,0.0,73,svd_256
user_000000_000283,14,4,0,4,0.0,73,svd_256
user_000000_000284,9,2,0,4,0.0,73,svd_256
user_000000_000285,12,7,0,3,0.0,73,svd_256
user_000000_000286,13,6,0,4,0.0,73,svd_256
user_000000_000287,9,1,0,5,0.0,73,svd_256
user_000000_000288,14,8,1,3,0.125,73,svd_256
user_000000_000289,7,0,0,6,,73,svd_256
user_000000_000290,6,1,0,5,0.0,73,svd_256
user_000000_000291,6,0,0,6,,73,svd_256
user_000000_000292,6,1,0,5,0.0,73,svd_256
user_000000_000293,10,5,0,4,0.0,73,svd_256
user_000000_000294,14,10,0,2,0.0,73,svd_256
user_000000_000295,9,2,0,6,0.0,73,svd_256
user_000000_000296,13,7,0,2,0.0,73,svd_256
user_000000_000297,13,9,1,2,0.1111111111111111,73,svd_256
user_000000_000298,11,4,0,4,0.0,73,svd_256
user_000000_000299,11,1,0,2,0.0,73,svd_256
user_000000_000300,11,3,0,3,0.0,73,svd_256
user_000000_000301,15,11,0,0,0.0,73,svd_256
user_000000_000302,9,1,0,5,0.0,73,svd_256
user_000000_000303,10,2,0,7,0.0,73,svd_256
user_000000_000304,15,7,1,4,0.14285714285714285,73,svd_256
user_000000_000305,14,12,1,1,0.08333333333333333,73,svd_256
user_000000_000306,13,6,0,4,0.0,73,svd_256
user_000000_000307,13,5,0,4,0.0,73,svd_256
user_000000_000308,15,8,0,0,0.0,73,svd_256
user_000000_000309,13,9,0,1,0.0,73,svd_256
user_000000_000310,6,1,0,5,0.0,73,svd_256
user_000000_000311,11,6,0,4,0.0,73,svd_256
user_000000_000312,11,8,0,3,0.0,73,svd_256
user_000000_000313,14,8,0,3,0.0,73,svd_256
user_000000_000314,14,8,0,4,0.0,73,svd_256
user_000000_000315,11,7,0,2,0.0,73,svd_256
user_000000_000316,13,8,1,0,0.125,73,svd_256
user_000000_000317,12,2,0,2,0.0,73,svd_256
user_000000_000318,6,1,0,4,0.0,73,svd_256
user_000000_000319,7,1,0,6,0.0,73,svd_256
user_000000_000320,11,5,0,4,0.0,73,svd_256
user_000000_000321,13,10,0,2,0.0,73,svd_256
user_000000_000322,13,8,1,4,0.125,73,svd_256
user_000000_000323,9,5,0,2,0.0,73,svd_256
user_000000_000324,5,0,0,5,,73,svd_256
user_000000_000325,7,3,0,3,0.0,73,svd_256
user_000000_000326,15,13,0,0,0.0,73,svd_256
user_000000_000327,12,6,0,2,0.0,73,svd_256
user_000000_000328,10,2,0,5,0.0,73,svd_256
user_000000_000329,12,6,2,4,0.3333333333333333,73,svd_256
user_000000_000330,11,4,0,4,0.0,73,svd_256
user_000000_000331,12,5,0,4,0.0,73,svd_256
user_000000_000332,12,8,1,2,0.125,73,svd_256
user_000000_000333,12,7,1,4,0.14285714285714285,73,svd_256
user_000000_000334,8,2,0,3,0.0,73,svd_256
user_000000_000335,13,9,1,3,0.1111111111111111,73,svd_256
user_000000_000336,14,9,0,2,0.0,73,svd_256
user_000000_000337,11,7,1,4,0.14285714285714285,73,svd_256
user_000000_000338,11,4,0,5,0.0,73,svd_256
user_000000_000339,9,1,0,8,0.0,73,svd_256
user_000000_000340,13,5,0,4,0.0,73,svd_256
user_000000_000341,5,1,1,3,1.0,73,svd_256
user_000000_000342,15,9,0,2,0.0,73,svd_256
user_000000_000343,9,1,0,6,0.0,73,svd_256
user_000000_000344,11,7,1,3,0.14285714285714285,73,svd_256
user_000000_000345,15,12,0,1,0.0,73,svd_256
user_000000_000346,13,6,0,4,0.0,73,svd_256
user_000000_000347,15,10,0,4,0.0,73,svd_256
user_000000_000348,14,12,0,1,0.0,73,svd_256
user_000000_000349,12,4,0,2,0.0,73,svd_256
user_000000_000350,14,1,0,7,0.0,73,svd_256
user_000000_000351,7,1,0,4,0.0,73,svd_256
user_000000_000352,10,6,0,3,0.0,73,svd_256
user_000000_000353,13,5,0,5,0.0,73,svd_256
user_000000_000354,14,7,0,1,0.0,73,svd_256
user_000000_000355,14,7,0,2,0.0,73,svd_256
user_000000_000356,15,7,1,2,0.14285714285714285,73,svd_256
user_000000_000357,11,5,0,3,0.0,73,svd_256
user_000000_000358,13,6,0,5,0.0,73,svd_256
user_000000_000359,11,4,0,5,0.0,73,svd_256
user_000000_000360,13,8,1,5,0.125,73,svd_256
user_000000_000361,6,0,0,5,,73,svd_256
user_000000_000362,8,4,0,3,0.0,73,svd_256
user_000000_000363,14,4,0,3,0.0,73,svd_256
user_000000_000364,14,6,0,3,0.0,73,svd_256
user_000000_000365,14,11,0,1,0.0,73,svd_256
user_000000_000366,13,8,1,2,0.125,73,svd_256
user_000000_000367,10,1,0,7,0.0,73,svd_256
user_000000_000368,10,4,0,2,0.0,73,svd_256
user_000000_000369,14,8,2,3,0.25,73,svd_256
user_000000_000370,11,3,0,5,0.0,73,svd_256
user_000000_000371,15,6,1,5,0.16666666666666666,73,svd_256
user_000000_000372,13,8,0,3,0.0,73,svd_256
user_000000_000373,13,9,2,2,0.2222222222222222,73,svd_256
user_000000_000374,15,4,0,2,0.0,73,svd_256
user_000000_000375,9,3,0,3,0.0,73,svd_256
user_000000_000376,13,9,2,2,0.2222222222222222,73,svd_256
user_000000_000377,15,6,1,6,0.16666666666666666,73,svd_256
user_000000_000378,13,5,0,3,0.0,73,svd_256
user_000000_000379,14,10,1,1,0.1,73,svd_256
user_000000_000380,14,10,0,3,0.0,73,svd_256
user_000000_000381,13,2,0,3,0.0,73,svd_256
user_000000_000382,10,7,1,2,0.14285714285714285,73,svd_256
user_000000_000383,8,2,0,4,0.0,73,svd_256
user_000000_000384,14,10,1,1,0.1,73,svd_256
user_000000_000385,14,12,1,1,0.08333333333333333,73,svd_256
user_000000_000386,10,6,0,3,0.0,73,svd_256
user_000000_000387,11,6,0,3,0.0,73,svd_256
user_000000_000388,14,7,0,5,0.0,73,svd_256
user_000000_000389,14,6,1,3,0.16666666666666666,73,svd_256
user_000000_000390,14,8,0,3,0.0,73,svd_256
user_000000_000391,14,7,0,2,0.0,73,svd_256
user_000000_000392,15,7,0,2,0.0,73,svd_256
user_000000_000393,15,9,1,2,0.1111111111111111,73,svd_256
user_000000_000394,13,6,0,4,0.0,73,svd_256
user_000000_000395,11,3,0,6,0.0,73,svd_256
user_000000_000396,12,5,0,4,0.0,73,svd_256
user_000000_000397,4,1,0,3,0.0,73,svd_256
user_000000_000398,11,5,0,4,0.0,73,svd_256
user_000000_000399,9,2,0,6,0.0,73,svd_256
user_000000_000400,15,13,1,0,0.07692307692307693,73,svd_256
user_000000_000401,11,8,0,2,0.0,73,svd_256
user_000000_000402,15,10,1,2,0.1,73,svd_256
user_000000_000403,12,3,1,4,0.3333333333333333,73,svd_256
user_000000_000404,9,3,0,5,0.0,73,svd_256
user_000000_000405,11,4,1,2,0.25,73,svd_256
user_000000_000406,11,8,2,2,0.25,73,svd_256
user_000000_000407,14,9,0,1,0.0,73,svd_256
user_000000_000408,12,4,0,6,0.0,73,svd_256
user_000000_000409,13,9,1,4,0.1111111111111111,73,svd_256
user_000000_000410,4,1,0,3,0.0,73,svd_256
user_000000_000411,2,0,0,2,,73,svd_256
user_000000_000412,14,8,1,2,0.125,73,svd_256
user_000000_000413,13,11,1,2,0.09090909090909091,73,svd_256
user_000000_000414,13,3,0,4,0.0,73,svd_256
user_000000_000415,14,10,1,2,0.1,73,svd_256
user_000000_000416,13,4,0,4,0.0,73,svd_256
user_000000_000417,12,4,2,1,0.5,73,svd_256
user_000000_000418,13,4,0,3,0.0,73,svd_256
user_000000_000419,14,7,0,3,0.0,73,svd_256
user_000000_000420,15,13,1,0,0.07692307692307693,73,svd_256
user_000000_000421,12,5,0,5,0.0,73,svd_256
user_000000_000422,11,4,0,5,0.0,73,svd_256
user_000000_000423,12,5,0,6,0.0,73,svd_256
user_000000_000424,11,5,0,4,0.0,73,svd_256
user_000000_000425,15,11,0,3,0.0,73,svd_256
user_000000_000426,10,5,0,3,0.0,73,svd_256
user_000000_000427,10,8,0,2,0.0,73,svd_256
user_000000_000428,13,8,0,4,0.0,73,svd_256
user_000000_000429,14,12,0,2,0.0,73,svd_256
user_000000_000430,9,5,0,3,0.0,73,svd_256
user_000000_000431,7,3,1,4,0.3333333333333333,73,svd_256
user_000000_000432,14,7,0,3,0.0,73,svd_256
user_000000_000433,7,0,0,7,,73,svd_256
user_000000_000434,10,6,1,2,0.16666666666666666,73,svd_256
user_000000_000435,13,9,0,1,0.0,73,svd_256
user_000000_000436,11,4,0,5,0.0,73,svd_256
user_000000_000437,15,10,1,1,0.1,73,svd_256
user_000000_000438,10,5,1,3,0.2,73,svd_256
user_000000_000439,8,3,0,5,0.0,73,svd_256
user_000000_000440,12,7,0,2,0.0,73,svd_256
user_000000_000441,12,7,2,2,0.2857142857142857,73,svd_256
user_000000_000442,14,8,0,4,0.0,73,svd_256
user_000000_000443,5,0,0,5,,73,svd_256
user_000000_000444,15,12,0,1,0.0,73,svd_256
user_000000_000445,11,5,0,3,0.0,73,svd_256
user_000000_000446,11,4,0,4,0.0,73,svd_256
user_000000_000447,6,0,0,4,,73,svd_256
user_000000_000448,8,4,1,4,0.25,73,svd_256
user_000000_000449,12,3,0,4,0.0,73,svd_256
user_000000_000450,11,5,0,4,0.0,73,svd_256
user_000000_000451,9,4,1,5,0.25,73,svd_256
user_000000_000452,5,0,0,5,,73,svd_256
user_000000_000453,15,10,2,2,0.2,73,svd_256
user_000000_000454,9,1,0,8,0.0,73,svd_256
user_000000_000455,14,10,0,3,0.0,73,svd_256
user_000000_000456,11,3,0,7,0.0,73,svd_256
user_000000_000457,7,3,0,4,0.0,73,svd_256
user_000000_000458,13,7,0,1,0.0,73,svd_256
user_000000_000459,8,4,0,1,0.0,73,svd_256
user_000000_000460,14,8,0,2,0.0,73,svd_256
user_000000_000461,5,2,0,3,0.0,73,svd_256
user_000000_000462,11,6,0,4,0.0,73,svd_256
user_000000_000463,12,7,1,5,0.14285714285714285,73,svd_256
user_000000_000464,12,7,0,5,0.0,73,svd_256
user_000000_000465,14,8,0,2,0.0,73,svd_256
user_000000_000466,15,12,2,0,0.16666666666666666,73,svd_256
user_000000_000467,15,8,0,3,0.0,73,svd_256
user_000000_000468,12,5,0,7,0.0,73,svd_256
user_000000_000469,14,9,0,3,0.0,73,svd_256
user_000000_000470,14,6,0,2,0.0,73,svd_256
user_000000_000471,8,0,0,6,,73,svd_256
user_000000_000472,10,5,0,3,0.0,73,svd_256
user_000000_000473,12,3,0,5,0.0,73,svd_256
user_000000_000474,8,6,0,2,0.0,73,svd_256
user_000000_000475,8,4,0,3,0.0,73,svd_256
user_000000_000476,8,2,0,4,0.0,73,svd_256
user_000000_000477,12,5,1,3,0.2,73,svd_256
user_000000_000478,13,9,0,0,0.0,73,svd_256
user_000000_000479,13,7,0,4,0.0,73,svd_256
user_000000_000480,7,2,0,4,0.0,73,svd_256
user_000000_000481,11,3,0,4,0.0,73,svd_256
user_000000_000482,10,2,0,4,0.0,73,svd_256
user_000000_000483,14,10,0,4,0.0,73,svd_256
user_000000_000484,11,7,3,3,0.42857142857142855,73,svd_256
user_000000_000485,13,7,0,3,0.0,73,svd_256
user_000000_000486,15,12,1,1,0.08333333333333333,73,svd_256
user_000000_000487,14,6,0,5,0.0,73,svd_256
user_000000_000488,12,4,0,4,0.0,73,svd_256
user_000000_000489,15,7,0,5,0.0,73,svd_256
user_000000_000490,12,6,2,3,0.3333333333333333,73,svd_256
user_000000_000491,7,1,0,6,0.0,73,svd_256
user_000000_000492,13,7,1,1,0.14285714285714285,73,svd_256
user_000000_000493,10,6,0,4,0.0,73,svd_256
user_000000_000494,13,3,0,3,0.0,73,svd_256
user_000000_000495,14,6,1,3,0.16666666666666666,73,svd_256
user_000000_000496,11,5,1,5,0.2,73,svd_256
user_000000_000497,14,3,1,5,0.3333333333333333,73,svd_256
user_000000_000498,13,7,0,3,0.0,73,svd_256
user_000000_000499,13,8,0,5,0.0,73,svd_256
user_000000_000500,7,4,0,3,0.0,73,svd_256
user_000000_000501,11,7,0,2,0.0,73,svd_256
user_000000_000502,12,8,0,3,0.0,73,svd_256
user_000000_000503,14,10,1,3,0.1,73,svd_256
user_000000_000504,7,2,1,3,0.5,73,svd_256
user_000000_000505,7,1,0,6,0.0,73,svd_256
user_000000_000506,7,3,1,4,0.3333333333333333,73,svd_256
user_000000_000507,11,4,0,3,0.0,73,svd_256
user_000000_000508,12,3,0,6,0.0,73,svd_256
user_000000_000509,14,9,1,2,0.1111111111111111,73,svd_256
user_000000_000510,10,2,0,4,0.0,73,svd_256
user_000000_000511,10,2,0,8,0.0,73,svd_256
user_000000_000512,11,0,0,8,,73,svd_256
user_000000_000513,13,7,0,3,0.0,73,svd_256
user_000000_000514,13,4,0,4,0.0,73,svd_256
user_000000_000515,7,1,0,6,0.0,73,svd_256
user_000000_000516,14,9,0,2,0.0,73,svd_256
user_000000_000517,8,3,0,2,0.0,73,svd_256
user_000000_000518,10,6,0,3,0.0,73,svd_256
user_000000_000519,14,3,0,6,0.0,73,svd_256
user_000000_000520,11,4,0,6,0.0,73,svd_256
user_000000_000521,11,4,0,3,0.0,73,svd_256
user_000000_000522,10,5,0,5,0.0,73,svd_256
user_000000_000523,6,3,0,3,0.0,73,svd_256
user_000000_000524,15,11,1,3,0.09090909090909091,73,svd_256
user_000000_000525,14,8,0,0,0.0,73,svd_256
user_000000_000526,10,5,0,5,0.0,73,svd_256
user_000000_000527,9,5,1,3,0.2,73,svd_256
user_000000_000528,7,1,0,6,0.0,73,svd_256
user_000000_000529,13,4,1,3,0.25,73,svd_256
user_000000_000530,13,11,0,0,0.0,73,svd_256
user_000000_000531,14,11,0,0,0.0,73,svd_256
user_000000_000532,15,9,0,4,0.0,73,svd_256
user_000000_000533,14,7,0,4,0.0,73,svd_256
user_000000_000534,15,7,0,5,0.0,73,svd_256
user_000000_000535,8,4,0,2,0.0,73,svd_256
user_000000_000536,13,7,0,3,0.0,73,svd_256
user_000000_000537,12,5,1,4,0.2,73,svd_256
user_000000_000538,4,0,0,4,,73,svd_256
user_000000_000539,15,7,1,2,0.14285714285714285,73,svd_256
user_000000_000540,14,11,0,1,0.0,73,svd_256
user_000000_000541,11,4,0,4,0.0,73,svd_256
user_000000_000542,9,1,0,5,0.0,73,svd_256
user_000000_000543,15,7,0,3,0.0,73,svd_256
user_000000_000544,7,1,0,6,0.0,73,svd_256
user_000000_000545,10,4,2,5,0.5,73,svd_256
user_000000_000546,12,4,0,5,0.0,73,svd_256
user_000000_000547,14,9,1,3,0.1111111111111111,73,svd_256
user_000000_000548,9,3,1,5,0.3333333333333333,73,svd_256
user_000000_000549,15,13,0,0,0.0,73,svd_256
user_000000_000550,10,6,0,3,0.0,73,svd_256
user_000000_000551,15,11,0,2,0.0,73,svd_256
user_000000_000552,14,8,0,3,0.0,73,svd_256
user_000000_000553,13,3,0,7,0.0,73,svd_256
user_000000_000554,12,4,0,5,0.0,73,svd_256
user_000000_000555,12,4,0,7,0.0,73,svd_256
user_000000_000556,12,6,0,1,0.0,73,svd_256
user_000000_000557,9,3,0,3,0.0,73,svd_256
user_000000_000558,14,5,0,3,0.0,73,svd_256
user_000000_000559,12,8,0,3,0.0,73,svd_256
user_000000_000560,11,5,1,5,0.2,73,svd_256
user_000000_000561,7,4,0,3,0.0,73,svd_256
user_000000_000562,6,0,0,6,,73,svd_256
user_000000_000563,11,5,0,5,0.0,73,svd_256
user_000000_000564,9,1,0,2,0.0,73,svd_256
user_000000_000565,15,9,0,2,0.0,73,svd_256
user_000000_000566,15,12,0,2,0.0,73,svd_256
user_000000_000567,10,3,1,2,0.3333333333333333,73,svd_256
user_000000_000568,10,4,0,4,0.0,73,svd_256
user_000000_000569,4,1,0,3,0.0,73,svd_256
user_000000_000570,9,4,0,4,0.0,73,svd_256
user_000000_000571,13,5,1,2,0.2,73,svd_256
user_000000_000572,7,2,0,3,0.0,73,svd_256
user_000000_000573,14,9,0,0,0.0,73,svd_256
user_000000_000574,14,10,0,1,0.0,73,svd_256
user_000000_000575,5,0,0,5,,73,svd_256
user_000000_000576,13,6,0,4,0.0,73,svd_256
user_000000_000577,15,11,3,2,0.2727272727272727,73,svd_256
user_000000_000578,14,9,0,1,0.0,73,svd_256
user_000000_000579,15,11,0,2,0.0,73,svd_256
user_000000_000580,15,10,0,2,0.0,73,svd_256
user_000000_000581,12,7,0,3,0.0,73,svd_256
user_000000_000582,10,2,0,7,0.0,73,svd_256
user_000000_000583,9,4,0,4,0.0,73,svd_256
user_000000_000584,11,2,0,6,0.0,73,svd_256
user_000000_000585,11,2,0,5,0.0,73,svd_256
user_000000_000586,15,12,0,2,0.0,73,svd_256
user_000000_000587,14,9,0,4,0.0,73,svd_256
user_000000_000588,6,0,0,5,,73,svd_256
user_000000_000589,14,10,1,0,0.1,73,svd_256
user_000000_000590,13,7,0,3,0.0,73,svd_256
user_000000_000591,15,9,0,3,0.0,73,svd_256
user_000000_000592,15,10,1,2,0.1,73,svd_256
user_000000_000593,12,10,0,2,0.0,73,svd_256
user_000000_000594,14,7,0,2,0.0,73,svd_256
user_000000_000595,13,7,2,1,0.2857142857142857,73,svd_256
user_000000_000596,9,4,0,3,0.0,73,svd_256
user_000000_000597,14,7,0,5,0.0,73,svd_256
user_000000_000598,14,6,1,5,0.16666666666666666,73,svd_256
user_000000_000599,9,4,0,4,0.0,73,svd_256
user_000000_000600,14,10,0,4,0.0,73,svd_256
user_000000_000601,14,6,0,1,0.0,73,svd_256
user_000000_000602,8,2,0,6,0.0,73,svd_256
user_000000_000603,8,1,0,5,0.0,73,svd_256
user_000000_000604,11,5,0,3,0.0,73,svd_256
user_000000_000605,6,1,0,4,0.0,73,svd_256
user_000000_000606,14,8,0,0,0.0,73,svd_256
user_000000_000607,12,6,0,3,0.0,73,svd_256
user_000000_000608,11,6,0,5,0.0,73,svd_256
user_000000_000609,12,1,0,8,0.0,73,svd_256
user_000000_000610,15,4,0,0,0.0,73,svd_256
user_000000_000611,14,7,0,4,0.0,73,svd_256
user_000000_000612,13,6,0,2,0.0,73,svd_256
user_000000_000613,15,10,0,2,0.0,73,svd_256
user_000000_000614,12,5,0,3,0.0,73,svd_256
user_000000_000615,12,7,0,3,0.0,73,svd_256
user_000000_000616,14,9,1,4,0.1111111111111111,73,svd_256
user_000000_000617,15,7,1,1,0.14285714285714285,73,svd_256
user_000000_000618,10,5,1,2,0.2,73,svd_256
user_000000_000619,12,7,1,2,0.14285714285714285,73,svd_256
user_000000_000620,15,7,0,3,0.0,73,svd_256
user_000000_000621,11,4,0,4,0.0,73,svd_256
user_000000_000622,11,5,0,4,0.0,73,svd_256
user_000000_000623,11,8,0,3,0.0,73,svd_256
user_000000_000624,13,7,1,4,0.14285714285714285,73,svd_256
user_000000_000625,12,2,0,6,0.0,73,svd_256
user_000000_000626,13,8,0,4,0.0,73,svd_256
user_000000_000627,15,9,1,3,0.1111111111111111,73,svd_256
user_000000_000628,9,4,0,4,0.0,73,svd_256
user_000000_000629,11,6,0,4,0.0,73,svd_256
user_000000_000630,13,4,0,4,0.0,73,svd_256
user_000000_000631,12,3,0,6,0.0,73,svd_256
user_000000_000632,13,6,0,6,0.0,73,svd_256
user_000000_000633,10,4,0,3,0.0,73,svd_256
user_000000_000634,9,3,0,5,0.0,73,svd_256
user_000000_000635,14,8,0,3,0.0,73,svd_256
user_000000_000636,11,6,0,4,0.0,73,svd_256
user_000000_000637,9,4,0,5,0.0,73,svd_256
user_000000_000638,15,9,0,4,0.0,73,svd_256
user_000000_000639,12,5,1,4,0.2,73,svd_256
user_000000_000640,14,8,0,3,0.0,73,svd_256
user_000000_000641,13,5,1,3,0.2,73,svd_256
user_000000_000642,13,7,0,3,0.0,73,svd_256
user_000000_000643,6,4,1,2,0.25,73,svd_256
user_000000_000644,5,0,0,5,,73,svd_256
user_000000_000645,9,3,0,3,0.0,73,svd_256
user_000000_000646,15,7,0,5,0.0,73,svd_256
user_000000_000647,12,3,0,6,0.0,73,svd_256
user_000000_000648,13,8,1,4,0.125,73,svd_256
user_000000_000649,5,1,0,3,0.0,73,svd_256
user_000000_000650,14,11,1,1,0.09090909090909091,73,svd_256
user_000000_000651,13,3,0,4,0.0,73,svd_256
user_000000_000652,11,2,0,5,0.0,73,svd_256
user_000000_000653,12,4,1,5,0.25,73,svd_256
user_000000_000654,10,4,0,5,0.0,73,svd_256
user_000000_000655,14,10,1,3,0.1,73,svd_256
user_000000_000656,15,8,0,5,0.0,73,svd_256
user_000000_000657,7,0,0,7,,73,svd_256
user_000000_000658,15,10,1,2,0.1,73,svd_256
user_000000_000659,6,2,0,2,0.0,73,svd_256
user_000000_000660,9,3,0,5,0.0,73,svd_256
user_000000_000661,15,7,1,4,0.14285714285714285,73,svd_256
user_000000_000662,12,2,1,6,0.5,73,svd_256
user_000000_000663,12,8,0,4,0.0,73,svd_256
user_000000_000664,8,3,2,5,0.6666666666666666,73,svd_256
user_000000_000665,13,8,2,3,0.25,73,svd_256
user_000000_000666,14,4,0,6,0.0,73,svd_256
user_000000_000667,14,8,0,3,0.0,73,svd_256
user_000000_000668,10,5,0,4,0.0,73,svd_256
user_000000_000669,13,1,0,5,0.0,73,svd_256
user_000000_000670,12,8,2,2,0.25,73,svd_256
user_000000_000671,7,0,0,7,,73,svd_256
user_000000_000672,7,1,0,6,0.0,73,svd_256
user_000000_000673,12,4,0,4,0.0,73,svd_256
user_000000_000674,12,8,1,3,0.125,73,svd_256
user_000000_000675,8,5,0,2,0.0,73,svd_256
user_000000_000676,12,6,0,2,0.0,73,svd_256
user_000000_000677,11,5,0,4,0.0,73,svd_256
user_000000_000678,11,7,1,2,0.14285714285714285,73,svd_256
user_000000_000679,14,7,0,4,0.0,73,svd_256
user_000000_000680,11,3,0,4,0.0,73,svd_256
user_000000_000681,13,7,0,3,0.0,73,svd_256
user_000000_000682,11,3,0,6,0.0,73,svd_256
user_000000_000683,14,6,0,5,0.0,73,svd_256
user_000000_000684,6,2,0,4,0.0,73,svd_256
user_000000_000685,14,6,1,1,0.16666666666666666,73,svd_256
user_000000_000686,14,8,0,4,0.0,73,svd_256
user_000000_000687,11,3,0,2,0.0,73,svd_256
user_000000_000688,13,10,1,2,0.1,73,svd_256
user_000000_000689,14,7,0,5,0.0,73,svd_256
user_000000_000690,9,4,0,4,0.0,73,svd_256
user_000000_000691,13,4,1,4,0.25,73,svd_256
user_000000_000692,14,6,0,2,0.0,73,svd_256
user_000000_000693,12,3,0,6,0.0,73,svd_256
user_000000_000694,8,2,0,5,0.0,73,svd_256
user_000000_000695,9,2,0,6,0.0,73,svd_256
user_000000_000696,12,2,0,7,0.0,73,svd_256
user_000000_000697,12,4,0,4,0.0,73,svd_256
user_000000_000698,11,6,0,4,0.0,73,svd_256
user_000000_000699,6,0,0,6,,73,svd_256
user_000000_000700,12,2,0,4,0.0,73,svd_256
user_000000_000701,8,6,0,1,0.0,73,svd_256
user_000000_000702,12,5,1,3,0.2,73,svd_256
user_000000_000703,11,5,0,5,0.0,73,svd_256
user_000000_000704,12,5,2,6,0.4,73,svd_256
user_000000_000705,8,2,0,5,0.0,73,svd_256
user_000000_000706,11,5,0,3,0.0,73,svd_256
user_000000_000707,15,10,0,2,0.0,73,svd_256
user_000000_000708,13,4,0,3,0.0,73,svd_256
user_000000_000709,14,7,0,2,0.0,73,svd_256
user_000000_000710,13,6,0,5,0.0,73,svd_256
user_000000_000711,9,3,0,3,0.0,73,svd_256
user_000000_000712,14,10,2,3,0.2,73,svd_256
user_000000_000713,12,5,1,5,0.2,73,svd_256
user_000000_000714,14,5,0,4,0.0,73,svd_256
user_000000_000715,10,4,0,5,0.0,73,svd_256
user_000000_000716,11,5,0,2,0.0,73,svd_256
user_000000_000717,14,8,1,3,0.125,73,svd_256
user_000000_000718,15,8,0,3,0.0,73,svd_256
user_000000_000719,5,2,0,3,0.0,73,svd_256
user_000000_000720,15,9,0,4,0.0,73,svd_256
user_000000_000721,13,8,2,2,0.25,73,svd_256
user_000000_000722,13,5,1,2,0.2,73,svd_256
user_000000_000723,13,9,0,3,0.0,73,svd_256
user_000000_000724,10,3,0,5,0.0,73,svd_256
user_000000_000725,9,4,0,4,0.0,73,svd_256
user_000000_000726,12,7,0,3,0.0,73,svd_256
user_000000_000727,11,4,0,5,0.0,73,svd_256
user_000000_000728,13,6,0,4,0.0,73,svd_256
user_000000_000729,10,3,0,3,0.0,73,svd_256
user_000000_000730,9,4,0,3,0.0,73,svd_256
user_000000_000731,14,6,1,3,0.16666666666666666,73,svd_256
user_000000_000732,7,1,0,6,0.0,73,svd_256
user_000000_000733,14,6,2,2,0.3333333333333333,73,svd_256
user_000000_000734,11,3,1,4,0.3333333333333333,73,svd_256
user_000000_000735,15,10,0,2,0.0,73,svd_256
user_000000_000736,11,3,0,2,0.0,73,svd_256
user_000000_000737,7,2,0,3,0.0,73,svd_256
user_000000_000738,13,5,0,5,0.0,73,svd_256
user_000000_000739,8,1,0,4,0.0,73,svd_256
user_000000_000740,13,6,0,3,0.0,73,svd_256
user_000000_000741,9,4,0,4,0.0,73,svd_256
user_000000_000742,11,5,0,3,0.0,73,svd_256
user_000000_000743,15,8,0,4,0.0,73,svd_256
user_000000_000744,15,12,0,3,0.0,73,svd_256
user_000000_000745,13,9,0,1,0.0,73,svd_256
user_000000_000746,7,0,0,6,,73,svd_256
user_000000_000747,11,4,0,6,0.0,73,svd_256
user_000000_000748,13,7,1,3,0.14285714285714285,73,svd_256
user_000000_000749,6,2,0,3,0.0,73,svd_256
user_000000_000750,4,2,1,1,0.5,73,svd_256
user_000000_000751,13,9,0,3,0.0,73,svd_256
user_000000_000752,9,4,1,3,0.25,73,svd_256
user_000000_000753,8,1,0,7,0.0,73,svd_256
user_000000_000754,15,9,0,2,0.0,73,svd_256
user_000000_000755,14,9,2,3,0.2222222222222222,73,svd_256
user_000000_000756,10,3,0,4,0.0,73,svd_256
user_000000_000757,12,7,0,3,0.0,73,svd_256
user_000000_000758,11,5,0,5,0.0,73,svd_256
user_000000_000759,15,5,0,4,0.0,73,svd_256
user_000000_000760,11,2,0,5,0.0,73,svd_256
user_000000_000761,10,1,0,5,0.0,73,svd_256
user_000000_000762,14,9,0,2,0.0,73,svd_256
user_000000_000763,13,4,0,6,0.0,73,svd_256
user_000000_000764,13,5,0,0,0.0,73,svd_256
user_000000_000765,10,3,0,6,0.0,73,svd_256
user_000000_000766,12,3,0,7,0.0,73,svd_256
user_000000_000767,14,9,0,1,0.0,73,svd_256
user_000000_000768,15,8,1,3,0.125,73,svd_256
user_000000_000769,8,2,0,5,0.0,73,svd_256
user_000000_000770,12,5,1,4,0.2,73,svd_256
user_000000_000771,12,5,0,7,0.0,73,svd_256
user_000000_000772,13,4,0,4,0.0,73,svd_256
user_000000_000773,13,8,1,1,0.125,73,svd_256
user_000000_000774,14,10,2,1,0.2,73,svd_256
user_000000_000775,12,7,1,4,0.14285714285714285,73,svd_256
user_000000_000776,14,7,0,3,0.0,73,svd_256
user_000000_000777,15,10,1,2,0.1,73,svd_256
user_000000_000778,13,11,2,2,0.18181818181818182,73,svd_256
user_000000_000779,10,2,0,4,0.0,73,svd_256
user_000000_000780,15,5,0,6,0.0,73,svd_256
user_000000_000781,12,3,0,6,0.0,73,svd_256
user_000000_000782,9,2,0,4,0.0,73,svd_256
user_000000_000783,9,0,0,6,,73,svd_256
user_000000_000784,10,3,1,2,0.3333333333333333,73,svd_256
user_000000_000785,6,1,0,5,0.0,73,svd_256
user_000000_000786,15,7,0,4,0.0,73,svd_256
user_000000_000787,11,6,0,3,0.0,73,svd_256
user_000000_000788,12,8,0,2,0.0,73,svd_256
user_000000_000789,14,3,1,5,0.3333333333333333,73,svd_256
user_000000_000790,8,2,0,5,0.0,73,svd_256
user_000000_000791,10,2,0,5,0.0,73,svd_256
user_000000_000792,13,6,1,3,0.16666666666666666,73,svd_256
user_000000_000793,8,4,0,3,0.0,73,svd_256
user_000000_000794,7,2,0,4,0.0,73,svd_256
user_000000_000795,13,10,0,3,0.0,73,svd_256
user_000000_000796,14,4,0,6,0.0,73,svd_256
user_000000_000797,12,3,0,5,0.0,73,svd_256
user_000000_000798,14,12,0,1,0.0,73,svd_256
user_000000_000799,14,5,1,5,0.2,73,svd_256
user_000000_000800,15,10,0,2,0.0,73,svd_256
user_000000_000801,6,0,0,6,,73,svd_256
user_000000_000802,13,3,1,7,0.3333333333333333,73,svd_256
user_000000_000803,11,4,0,4,0.0,73,svd_256
user_000000_000804,13,6,0,3,0.0,73,svd_256
user_000000_000805,13,8,0,1,0.0,73,svd_256
user_000000_000806,11,0,0,6,,73,svd_256
user_000000_000807,8,4,0,3,0.0,73,svd_256
user_000000_000808,6,2,0,2,0.0,73,svd_256
user_000000_000809,6,0,0,6,,73,svd_256
user_000000_000810,12,5,1,4,0.2,73,svd_256
user_000000_000811,13,8,1,2,0.125,73,svd_256
user_000000_000812,13,5,0,4,0.0,73,svd_256
user_000000_000813,14,7,1,5,0.14285714285714285,73,svd_256
user_000000_000814,13,6,1,2,0.16666666666666666,73,svd_256
user_000000_000815,13,9,0,2,0.0,73,svd_256
user_000000_000816,10,7,0,3,0.0,73,svd_256
user_000000_000817,13,7,0,3,0.0,73,svd_256
user_000000_000818,11,5,0,5,0.0,73,svd_256
user_000000_000819,12,5,0,4,0.0,73,svd_256
user_000000_000820,14,11,0,1,0.0,73,svd_256
user_000000_000821,12,4,0,5,0.0,73,svd_256
user_000000_000822,15,10,1,2,0.1,73,svd_256
user_000000_000823,14,11,0,1,0.0,73,svd_256
user_000000_000824,13,7,0,3,0.0,73,svd_256
user_000000_000825,15,8,0,3,0.0,73,svd_256
user_000000_000826,13,7,2,3,0.2857142857142857,73,svd_256
user_000000_000827,15,11,1,4,0.09090909090909091,73,svd_256
user_000000_000828,14,5,0,4,0.0,73,svd_256
user_000000_000829,9,2,0,5,0.0,73,svd_256
user_000000_000830,13,7,1,4,0.14285714285714285,73,svd_256
user_000000_000831,15,8,1,2,0.125,73,svd_256
user_000000_000832,13,9,0,2,0.0,73,svd_256
user_000000_000833,12,5,1,6,0.2,73,svd_256
user_000000_000834,12,6,0,4,0.0,73,svd_256
user_000000_000835,13,4,0,4,0.0,73,svd_256
user_000000_000836,15,7,1,3,0.14285714285714285,73,svd_256
user_000000_000837,5,1,0,3,0.0,73,svd_256
user_000000_000838,11,6,0,4,0.0,73,svd_256
user_000000_000839,14,6,1,4,0.16666666666666666,73,svd_256
user_000000_000840,10,4,0,4,0.0,73,svd_256
user_000000_000841,11,8,1,2,0.125,73,svd_256
user_000000_000842,14,8,0,3,0.0,73,svd_256
user_000000_000843,10,0,0,7,,73,svd_256
user_000000_000844,10,7,1,3,0.14285714285714285,73,svd_256
user_000000_000845,7,2,0,5,0.0,73,svd_256
user_000000_000846,15,6,0,1,0.0,73,svd_256
user_000000_000847,13,6,2,2,0.3333333333333333,73,svd_256
user_000000_000848,11,2,0,7,0.0,73,svd_256
user_000000_000849,9,4,0,4,0.0,73,svd_256
user_000000_000850,11,3,0,6,0.0,73,svd_256
user_000000_000851,13,7,0,3,0.0,73,svd_256
user_000000_000852,13,8,0,2,0.0,73,svd_256
user_000000_000853,12,8,0,2,0.0,73,svd_256
user_000000_000854,14,4,0,6,0.0,73,svd_256
user_000000_000855,15,10,0,3,0.0,73,svd_256
user_000000_000856,10,4,0,4,0.0,73,svd_256
user_000000_000857,10,3,0,4,0.0,73,svd_256
user_000000_000858,10,4,0,6,0.0,73,svd_256
user_000000_000859,11,4,0,5,0.0,73,svd_256
user_000000_000860,12,6,0,4,0.0,73,svd_256
user_000000_000861,8,3,0,3,0.0,73,svd_256
user_000000_000862,12,5,0,4,0.0,73,svd_256
user_000000_000863,10,4,0,4,0.0,73,svd_256
user_000000_000864,10,7,1,2,0.14285714285714285,73,svd_256
user_000000_000865,7,4,0,3,0.0,73,svd_256
user_000000_000866,13,8,1,4,0.125,73,svd_256
user_000000_000867,14,11,0,1,0.0,73,svd_256
user_000000_000868,13,6,0,6,0.0,73,svd_256
user_000000_000869,13,10,0,2,0.0,73,svd_256
user_000000_000870,13,9,0,2,0.0,73,svd_256
user_000000_000871,7,3,1,3,0.3333333333333333,73,svd_256
user_000000_000872,11,6,0,5,0.0,73,svd_256
user_000000_000873,5,3,0,2,0.0,73,svd_256
user_000000_000874,15,9,2,2,0.2222222222222222,73,svd_256
user_000000_000875,15,4,0,7,0.0,73,svd_256
user_000000_000876,12,5,0,7,0.0,73,svd_256
user_000000_000877,14,9,0,3,0.0,73,svd_256
user_000000_000878,14,6,0,4,0.0,73,svd_256
user_000000_000879,15,7,0,4,0.0,73,svd_256
user_000000_000880,13,8,1,4,0.125,73,svd_256
user_000000_000881,10,5,1,4,0.2,73,svd_256
user_000000_000882,13,5,0,5,0.0,73,svd_256
user_000000_000883,13,9,0,1,0.0,73,svd_256
user_000000_000884,13,7,2,1,0.2857142857142857,73,svd_256
user_000000_000885,12,7,0,3,0.0,73,svd_256
user_000000_000886,9,5,0,2,0.0,73,svd_256
user_000000_000887,13,9,0,1,0.0,73,svd_256
user_000000_000888,10,4,1,5,0.25,73,svd_256
user_000000_000889,13,3,0,2,0.0,73,svd_256
user_000000_000890,15,11,1,2,0.09090909090909091,73,svd_256
user_000000_000891,14,8,0,3,0.0,73,svd_256
user_000000_000892,14,10,0,3,0.0,73,svd_256
user_000000_000893,9,3,0,4,0.0,73,svd_256
user_000000_000894,15,12,1,1,0.08333333333333333,73,svd_256
user_000000_000895,12,5,0,5,0.0,73,svd_256
user_000000_000896,10,5,0,2,0.0,73,svd_256
user_000000_000897,8,2,0,4,0.0,73,svd_256
user_000000_000898,11,3,0,5,0.0,73,svd_256
user_000000_000899,15,9,0,0,0.0,73,svd_256
user_000000_000900,11,2,0,5,0.0,73,svd_256
user_000000_000901,11,3,0,6,0.0,73,svd_256
user_000000_000902,7,3,0,3,0.0,73,svd_256
user_000000_000903,13,6,1,3,0.16666666666666666,73,svd_256
user_000000_000904,11,8,1,2,0.125,73,svd_256
user_000000_000905,13,7,1,5,0.14285714285714285,73,svd_256
user_000000_000906,15,7,2,4,0.2857142857142857,73,svd_256
user_000000_000907,10,4,0,5,0.0,73,svd_256
user_000000_000908,14,8,0,3,0.0,73,svd_256
user_000000_000909,7,0,0,6,,73,svd_256
user_000000_000910,10,2,0,6,0.0,73,svd_256
user_000000_000911,13,6,0,5,0.0,73,svd_256
user_000000_000912,15,5,0,5,0.0,73,svd_256
user_000000_000913,14,11,0,1,0.0,73,svd_256
user_000000_000914,11,2,0,6,0.0,73,svd_256
user_000000_000915,13,4,0,8,0.0,73,svd_256
user_000000_000916,13,8,1,4,0.125,73,svd_256
user_000000_000917,12,7,1,4,0.14285714285714285,73,svd_256
user_000000_000918,12,1,0,9,0.0,73,svd_256
user_000000_000919,13,8,0,2,0.0,73,svd_256
user_000000_000920,15,9,0,1,0.0,73,svd_256
user_000000_000921,13,2,0,4,0.0,73,svd_256
user_000000_000922,15,11,0,3,0.0,73,svd_256
user_000000_000923,14,4,0,6,0.0,73,svd_256
user_000000_000924,14,9,1,3,0.1111111111111111,73,svd_256
user_000000_000925,12,4,0,4,0.0,73,svd_256
user_000000_000926,14,6,0,3,0.0,73,svd_256
user_000000_000927,11,6,0,1,0.0,73,svd_256
user_000000_000928,11,3,0,7,0.0,73,svd_256
user_000000_000929,13,7,0,3,0.0,73,svd_256
user_000000_000930,15,7,0,3,0.0,73,svd_256
user_000000_000931,14,10,0,1,0.0,73,svd_256
user_000000_000932,13,9,0,3,0.0,73,svd_256
user_000000_000933,11,7,0,4,0.0,73,svd_256
user_000000_000934,15,10,1,2,0.1,73,svd_256
user_000000_000935,5,0,0,5,,73,svd_256
user_000000_000936,11,4,0,4,0.0,73,svd_256
user_000000_000937,8,2,0,4,0.0,73,svd_256
user_000000_000938,6,3,0,2,0.0,73,svd_256
user_000000_000939,12,6,0,2,0.0,73,svd_256
user_000000_000940,7,2,1,5,0.5,73,svd_256
user_000000_000941,14,7,0,4,0.0,73,svd_256
user_000000_000942,13,6,0,5,0.0,73,svd_256
user_000000_000943,8,1,0,6,0.0,73,svd_256
user_000000_000944,11,5,0,4,0.0,73,svd_256
user_000000_000945,14,11,0,1,0.0,73,svd_256
user_000000_000946,14,5,0,6,0.0,73,svd_256
user_000000_000947,10,4,0,6,0.0,73,svd_256
user_000000_000948,13,5,0,3,0.0,73,svd_256
user_000000_000949,13,10,0,2,0.0,73,svd_256
user_000000_000950,10,6,0,2,0.0,73,svd_256
user_000000_000951,14,7,0,3,0.0,73,svd_256
user_000000_000952,13,5,0,3,0.0,73,svd_256
user_000000_000953,12,6,0,4,0.0,73,svd_256
user_000000_000954,12,6,0,4,0.0,73,svd_256
user_000000_000955,11,4,0,4,0.0,73,svd_256
user_000000_000956,13,6,0,3,0.0,73,svd_256
user_000000_000957,11,5,0,3,0.0,73,svd_256
user_000000_000958,5,0,0,5,,73,svd_256
user_000000_000959,9,4,0,4,0.0,73,svd_256
user_000000_000960,10,2,0,2,0.0,73,svd_256
user_000000_000961,11,3,1,5,0.3333333333333333,73,svd_256
user_000000_000962,12,5,0,1,0.0,73,svd_256
user_000000_000963,15,6,1,2,0.16666666666666666,73,svd_256
user_000000_000964,9,3,0,3,0.0,73,svd_256
user_000000_000965,11,6,1,4,0.16666666666666666,73,svd_256
user_000000_000966,14,9,0,1,0.0,73,svd_256
user_000000_000967,8,2,0,4,0.0,73,svd_256
user_000000_000968,9,2,0,3,0.0,73,svd_256
user_000000_000969,13,9,0,3,0.0,73,svd_256
user_000000_000970,6,2,0,4,0.0,73,svd_256
user_000000_000971,14,7,0,3,0.0,73,svd_256
user_000000_000972,14,8,1,5,0.125,73,svd_256
user_000000_000973,10,4,0,4,0.0,73,svd_256
user_000000_000974,15,9,1,2,0.1111111111111111,73,svd_256
user_000000_000975,15,10,1,2,0.1,73,svd_256
user_000000_000976,15,11,0,2,0.0,73,svd_256
user_000000_000977,9,3,0,6,0.0,73,svd_256
user_000000_000978,7,1,1,5,1.0,73,svd_256
user_000000_000979,8,3,0,5,0.0,73,svd_256
user_000000_000980,12,7,0,4,0.0,73,svd_256
user_000000_000981,13,6,0,2,0.0,73,svd_256
user_000000_000982,14,12,1,1,0.08333333333333333,73,svd_256
user_000000_000983,14,10,1,3,0.1,73,svd_256
user_000000_000984,12,3,0,5,0.0,73,svd_256
user_000000_000985,11,8,0,3,0.0,73,svd_256
user_000000_000986,12,4,0,3,0.0,73,svd_256
user_000000_000987,10,4,1,5,0.25,73,svd_256
user_000000_000988,10,4,0,5,0.0,73,svd_256
user_000000_000989,14,7,0,3,0.0,73,svd_256
user_000000_000990,15,14,2,0,0.14285714285714285,73,svd_256
user_000000_000991,13,9,1,1,0.1111111111111111,73,svd_256
user_000000_000992,9,6,1,3,0.16666666666666666,73,svd_256
user_000000_000993,15,7,1,5,0.14285714285714285,73,svd_256
user_000000_000994,15,6,1,5,0.16666666666666666,73,svd_256
user_000000_000995,15,9,1,4,0.1111111111111111,73,svd_256
user_000000_000996,12,3,0,5,0.0,73,svd_256
user_000000_000997,11,8,0,2,0.0,73,svd_256
user_000000_000998,10,0,0,7,,73,svd_256
user_000000_000999,13,6,0,4,0.0,73,svd_256
user_000000_001000,12,5,1,6,0.2,73,svd_256
user_000000_001001,9,3,1,4,0.3333333333333333,73,svd_256
user_000000_001002,14,9,2,2,0.2222222222222222,73,svd_256
user_000000_001003,10,1,0,3,0.0,73,svd_256
user_000000_001004,14,5,0,4,0.0,73,svd_256
user_000000_001005,12,7,0,2,0.0,73,svd_256
user_000000_001006,7,0,0,7,,73,svd_256
user_000000_001007,12,3,0,4,0.0,73,svd_256
user_000000_001008,8,4,1,3,0.25,73,svd_256
user_000000_001009,8,4,0,3,0.0,73,svd_256
user_000000_001010,13,8,0,3,0.0,73,svd_256
user_000000_001011,14,8,0,2,0.0,73,svd_256
user_000000_001012,9,3,0,5,0.0,73,svd_256
user_000000_001013,5,3,0,2,0.0,73,svd_256
user_000000_001014,9,2,0,3,0.0,73,svd_256
user_000000_001015,12,6,0,0,0.0,73,svd_256
user_000000_001016,9,5,0,3,0.0,73,svd_256
user_000000_001017,8,1,0,4,0.0,73,svd_256
user_000000_001018,15,11,0,2,0.0,73,svd_256
user_000000_001019,9,5,0,2,0.0,73,svd_256
user_000000_001020,13,5,0,5,0.0,73,svd_256
user_000000_001021,15,11,0,2,0.0,73,svd_256
user_000000_001022,9,4,0,3,0.0,73,svd_256
user_000000_001023,13,8,1,4,0.125,73,svd_256
user_000000_001024,15,7,0,6,0.0,73,svd_256
user_000000_001025,12,5,1,2,0.2,73,svd_256
user_000000_001026,12,7,1,3,0.14285714285714285,73,svd_256
user_000000_001027,11,2,0,5,0.0,73,svd_256
user_000000_001028,13,7,1,4,0.14285714285714285,73,svd_256
user_000000_001029,12,6,0,2,0.0,73,svd_256
user_000000_001030,14,10,1,2,0.1,73,svd_256
user_000000_001031,13,7,1,2,0.14285714285714285,73,svd_256
user_000000_001032,11,2,0,6,0.0,73,svd_256
user_000000_001033,11,6,0,3,0.0,73,svd_256
user_000000_001034,13,9,1,2,0.1111111111111111,73,svd_256
user_000000_001035,13,7,0,2,0.0,73,svd_256
user_000000_001036,14,9,1,4,0.1111111111111111,73,svd_256
user_000000_001037,12,5,1,4,0.2,73,svd_256
user_000000_001038,11,4,0,6,0.0,73,svd_256
user_000000_001039,11,4,1,4,0.25,73,svd_256
user_000000_001040,7,2,1,2,0.5,73,svd_256
user_000000_001041,14,7,0,6,0.0,73,svd_256
user_000000_001042,11,6,2,4,0.3333333333333333,73,svd_256
user_000000_001043,8,1,0,4,0.0,73,svd_256
user_000000_001044,10,5,0,3,0.0,73,svd_256
user_000000_001045,10,1,0,6,0.0,73,svd_256
user_000000_001046,8,2,0,4,0.0,73,svd_256
user_000000_001047,12,8,0,3,0.0,73,svd_256
user_000000_001048,5,0,0,5,,73,svd_256
user_000000_001049,7,0,0,7,,73,svd_256
user_000000_001050,12,7,0,2,0.0,73,svd_256
user_000000_001051,12,3,0,2,0.0,73,svd_256
user_000000_001052,13,5,0,5,0.0,73,svd_256
user_000000_001053,7,2,1,5,0.5,73,svd_256
user_000000_001054,9,2,0,5,0.0,73,svd_256
user_000000_001055,12,5,1,4,0.2,73,svd_256
user_000000_001056,14,8,2,3,0.25,73,svd_256
user_000000_001057,7,1,0,5,0.0,73,svd_256
user_000000_001058,12,7,0,3,0.0,73,svd_256
user_000000_001059,10,2,0,5,0.0,73,svd_256
user_000000_001060,14,7,0,2,0.0,73,svd_256
user_000000_001061,11,3,0,6,0.0,73,svd_256
user_000000_001062,11,7,0,4,0.0,73,svd_256
user_000000_001063,10,8,1,1,0.125,73,svd_256
user_000000_001064,14,13,1,1,0.07692307692307693,73,svd_256
user_000000_001065,15,13,0,1,0.0,73,svd_256
user_000000_001066,12,8,1,2,0.125,73,svd_256
user_000000_001067,9,2,0,4,0.0,73,svd_256
user_000000_001068,10,6,0,3,0.0,73,svd_256
user_000000_001069,13,6,1,3,0.16666666666666666,73,svd_256
user_000000_001070,13,6,0,3,0.0,73,svd_256
user_000000_001071,14,10,0,2,0.0,73,svd_256
user_000000_001072,12,7,0,3,0.0,73,svd_256
user_000000_001073,14,5,0,5,0.0,73,svd_256
user_000000_001074,13,5,0,2,0.0,73,svd_256
user_000000_001075,10,4,0,5,0.0,73,svd_256
user_000000_001076,14,8,0,2,0.0,73,svd_256
user_000000_001077,15,10,1,4,0.1,73,svd_256
user_000000_001078,12,5,0,4,0.0,73,svd_256
user_000000_001079,14,9,2,4,0.2222222222222222,73,svd_256
user_000000_001080,14,11,0,2,0.0,73,svd_256
user_000000_001081,10,5,1,1,0.2,73,svd_256
user_000000_001082,11,4,1,3,0.25,73,svd_256
user_000000_001083,14,8,1,3,0.125,73,svd_256
user_000000_001084,6,1,0,5,0.0,73,svd_256
user_000000_001085,12,6,0,5,0.0,73,svd_256
user_000000_001086,13,9,0,3,0.0,73,svd_256
user_000000_001087,7,1,0,5,0.0,73,svd_256
user_000000_001088,10,3,0,5,0.0,73,svd_256
user_000000_001089,12,3,0,3,0.0,73,svd_256
user_000000_001090,12,4,0,4,0.0,73,svd_256
user_000000_001091,11,6,0,2,0.0,73,svd_256
user_000000_001092,11,5,0,6,0.0,73,svd_256
user_000000_001093,11,2,0,6,0.0,73,svd_256
user_000000_001094,9,1,0,6,0.0,73,svd_256
user_000000_001095,13,10,0,1,0.0,73,svd_256
user_000000_001096,11,6,1,2,0.16666666666666666,73,svd_256
user_000000_001097,10,4,1,5,0.25,73,svd_256
user_000000_001098,13,6,0,3,0.0,73,svd_256
user_000000_001099,14,8,1,3,0.125,73,svd_256
user_000000_001100,12,11,2,1,0.18181818181818182,73,svd_256
user_000000_001101,13,9,0,3,0.0,73,svd_256
user_000000_001102,14,10,1,2,0.1,73,svd_256
user_000000_001103,14,8,1,3,0.125,73,svd_256
user_000000_001104,6,0,0,6,,73,svd_256
user_000000_001105,6,0,0,5,,73,svd_256
user_000000_001106,11,3,0,5,0.0,73,svd_256
user_000000_001107,12,7,2,4,0.2857142857142857,73,svd_256
user_000000_001108,11,5,0,3,0.0,73,svd_256
user_000000_001109,10,6,0,3,0.0,73,svd_256
user_000000_001110,14,10,0,3,0.0,73,svd_256
user_000000_001111,10,1,1,6,1.0,73,svd_256
user_000000_001112,12,3,0,7,0.0,73,svd_256
user_000000_001113,14,6,0,2,0.0,73,svd_256
user_000000_001114,5,0,0,4,,73,svd_256
user_000000_001115,12,2,0,5,0.0,73,svd_256
user_000000_001116,15,12,0,3,0.0,73,svd_256
user_000000_001117,7,3,0,3,0.0,73,svd_256
user_000000_001118,5,0,0,5,,73,svd_256
user_000000_001119,10,5,0,3,0.0,73,svd_256
user_000000_001120,14,10,0,3,0.0,73,svd_256
user_000000_001121,10,3,0,1,0.0,73,svd_256
user_000000_001122,13,7,1,3,0.14285714285714285,73,svd_256
user_000000_001123,12,7,1,4,0.14285714285714285,73,svd_256
user_000000_001124,2,0,0,2,,73,svd_256
user_000000_001125,7,0,0,6,,73,svd_256
user_000000_001126,10,2,0,5,0.0,73,svd_256
user_000000_001127,12,8,2,2,0.25,73,svd_256
user_000000_001128,8,2,0,5,0.0,73,svd_256
user_000000_001129,14,8,0,1,0.0,73,svd_256
user_000000_001130,12,7,1,4,0.14285714285714285,73,svd_256
user_000000_001131,11,5,0,4,0.0,73,svd_256
user_000000_001132,15,7,0,2,0.0,73,svd_256
user_000000_001133,11,2,0,6,0.0,73,svd_256
user_000000_001134,12,8,0,2,0.0,73,svd_256
user_000000_001135,6,1,0,5,0.0,73,svd_256
user_000000_001136,14,9,2,2,0.2222222222222222,73,svd_256
user_000000_001137,12,7,0,3,0.0,73,svd_256
user_000000_001138,12,7,0,3,0.0,73,svd_256
user_000000_001139,14,8,0,4,0.0,73,svd_256
user_000000_001140,12,5,0,5,0.0,73,svd_256
user_000000_001141,12,7,0,3,0.0,73,svd_256
user_000000_001142,15,8,0,2,0.0,73,svd_256
user_000000_001143,11,6,0,2,0.0,73,svd_256
user_000000_001144,11,4,0,5,0.0,73,svd_256
user_000000_001145,14,6,0,4,0.0,73,svd_256
user_000000_001146,12,4,0,4,0.0,73,svd_256
user_000000_001147,12,5,0,5,0.0,73,svd_256
user_000000_001148,14,11,1,2,0.09090909090909091,73,svd_256
user_000000_001149,13,6,1,4,0.16666666666666666,73,svd_256
user_000000_001150,10,5,1,3,0.2,73,svd_256
user_000000_001151,15,9,1,3,0.1111111111111111,73,svd_256
user_000000_001152,14,4,0,6,0.0,73,svd_256
user_000000_001153,10,6,0,3,0.0,73,svd_256
user_000000_001154,14,10,0,2,0.0,73,svd_256
user_000000_001155,15,6,0,2,0.0,73,svd_256
user_000000_001156,15,8,1,4,0.125,73,svd_256
user_000000_001157,8,4,0,2,0.0,73,svd_256
user_000000_001158,10,4,0,4,0.0,73,svd_256
user_000000_001159,15,7,0,3,0.0,73,svd_256
user_000000_001160,10,5,0,4,0.0,73,svd_256
user_000000_001161,12,6,0,2,0.0,73,svd_256
user_000000_001162,14,7,0,3,0.0,73,svd_256
user_000000_001163,13,4,0,4,0.0,73,svd_256
user_000000_001164,15,12,0,2,0.0,73,svd_256
user_000000_001165,13,11,0,1,0.0,73,svd_256
user_000000_001166,14,7,1,4,0.14285714285714285,73,svd_256
user_000000_001167,13,3,1,7,0.3333333333333333,73,svd_256
user_000000_001168,15,9,2,2,0.2222222222222222,73,svd_256
user_000000_001169,15,5,0,2,0.0,73,svd_256
user_000000_001170,11,6,0,4,0.0,73,svd_256
user_000000_001171,14,5,1,3,0.2,73,svd_256
user_000000_001172,10,1,0,6,0.0,73,svd_256
user_000000_001173,11,5,1,4,0.2,73,svd_256
user_000000_001174,13,6,0,3,0.0,73,svd_256
user_000000_001175,13,7,0,2,0.0,73,svd_256
user_000000_001176,12,5,0,5,0.0,73,svd_256
user_000000_001177,12,3,0,7,0.0,73,svd_256
user_000000_001178,15,9,0,3,0.0,73,svd_256
user_000000_001179,11,2,0,4,0.0,73,svd_256
user_000000_001180,12,7,0,2,0.0,73,svd_256
user_000000_001181,13,5,0,4,0.0,73,svd_256
user_000000_001182,13,9,1,3,0.1111111111111111,73,svd_256
user_000000_001183,7,2,0,4,0.0,73,svd_256
user_000000_001184,10,5,0,3,0.0,73,svd_256
user_000000_001185,6,1,0,5,0.0,73,svd_256
user_000000_001186,15,7,0,4,0.0,73,svd_256
user_000000_001187,14,10,0,2,0.0,73,svd_256
user_000000_001188,10,7,0,3,0.0,73,svd_256
user_000000_001189,13,8,1,4,0.125,73,svd_256
user_000000_001190,12,7,1,3,0.14285714285714285,73,svd_256
user_000000_001191,13,8,0,4,0.0,73,svd_256
user_000000_001192,13,6,1,3,0.16666666666666666,73,svd_256
user_000000_001193,14,6,0,3,0.0,73,svd_256
user_000000_001194,13,5,0,4,0.0,73,svd_256
user_000000_001195,13,6,1,4,0.16666666666666666,73,svd_256
user_000000_001196,12,6,0,4,0.0,73,svd_256
user_000000_001197,14,7,0,3,0.0,73,svd_256
user_000000_001198,15,13,2,1,0.15384615384615385,73,svd_256
user_000000_001199,12,4,0,5,0.0,73,svd_256
user_000000_001200,15,13,1,1,0.07692307692307693,73,svd_256
user_000000_001201,13,6,0,3,0.0,73,svd_256
user_000000_001202,11,5,0,3,0.0,73,svd_256
user_000000_001203,12,7,0,4,0.0,73,svd_256
user_000000_001204,13,9,2,3,0.2222222222222222,73,svd_256
user_000000_001205,15,11,1,2,0.09090909090909091,73,svd_256
user_000000_001206,14,4,0,5,0.0,73,svd_256
user_000000_001207,12,5,0,4,0.0,73,svd_256
user_000000_001208,10,3,0,4,0.0,73,svd_256
user_000000_001209,14,6,0,4,0.0,73,svd_256
user_000000_001210,13,7,1,2,0.14285714285714285,73,svd_256
user_000000_001211,10,3,0,4,0.0,73,svd_256
user_000000_001212,14,11,0,1,0.0,73,svd_256
user_000000_001213,6,1,0,5,0.0,73,svd_256
user_000000_001214,5,1,0,4,0.0,73,svd_256
user_000000_001215,14,11,1,1,0.09090909090909091,73,svd_256
user_000000_001216,12,3,0,4,0.0,73,svd_256
user_000000_001217,11,4,0,4,0.0,73,svd_256
user_000000_001218,12,4,0,4,0.0,73,svd_256
user_000000_001219,14,9,0,4,0.0,73,svd_256
user_000000_001220,12,2,1,1,0.5,73,svd_256
user_000000_001221,10,2,1,5,0.5,73,svd_256
user_000000_001222,14,7,1,4,0.14285714285714285,73,svd_256
user_000000_001223,11,5,0,3,0.0,73,svd_256
user_000000_001224,13,4,0,2,0.0,73,svd_256
user_000000_001225,7,2,0,5,0.0,73,svd_256
user_000000_001226,14,7,1,3,0.14285714285714285,73,svd_256
user_000000_001227,15,8,1,3,0.125,73,svd_256
user_000000_001228,13,9,1,3,0.1111111111111111,73,svd_256
user_000000_001229,13,7,0,2,0.0,73,svd_256
user_000000_001230,13,8,0,3,0.0,73,svd_256
user_000000_001231,13,3,1,6,0.3333333333333333,73,svd_256
user_000000_001232,10,3,0,5,0.0,73,svd_256
user_000000_001233,15,8,0,3,0.0,73,svd_256
user_000000_001234,12,6,0,5,0.0,73,svd_256
user_000000_001235,7,4,0,2,0.0,73,svd_256
user_000000_001236,13,5,0,3,0.0,73,svd_256
user_000000_001237,14,7,0,2,0.0,73,svd_256
user_000000_001238,14,5,0,3,0.0,73,svd_256
user_000000_001239,11,7,1,1,0.14285714285714285,73,svd_256
user_000000_001240,15,11,1,3,0.09090909090909091,73,svd_256
user_000000_001241,12,6,0,3,0.0,73,svd_256
user_000000_001242,14,12,0,1,0.0,73,svd_256
user_000000_001243,15,10,1,2,0.1,73,svd_256
user_000000_001244,12,5,0,5,0.0,73,svd_256
user_000000_001245,15,12,0,1,0.0,73,svd_256
user_000000_001246,12,4,0,5,0.0,73,svd_256
user_000000_001247,15,8,0,1,0.0,73,svd_256
user_000000_001248,10,4,1,6,0.25,73,svd_256
user_000000_001249,14,9,0,4,0.0,73,svd_256
user_000000_001250,14,9,0,2,0.0,73,svd_256
user_000000_001251,9,5,0,3,0.0,73,svd_256
user_000000_001252,13,6,0,2,0.0,73,svd_256
user_000000_001253,8,2,1,6,0.5,73,svd_256
user_000000_001254,6,1,1,5,1.0,73,svd_256
user_000000_001255,12,8,0,1,0.0,73,svd_256
user_000000_001256,8,2,0,5,0.0,73,svd_256
user_000000_001257,15,9,0,3,0.0,73,svd_256
user_000000_001258,8,1,1,6,1.0,73,svd_256
user_000000_001259,15,10,0,3,0.0,73,svd_256
user_000000_001260,13,7,0,4,0.0,73,svd_256
user_000000_001261,13,5,0,8,0.0,73,svd_256
user_000000_001262,15,8,0,2,0.0,73,svd_256
user_000000_001263,15,9,0,6,0.0,73,svd_256
user_000000_001264,15,11,0,1,0.0,73,svd_256
user_000000_001265,15,9,0,2,0.0,73,svd_256
user_000000_001266,11,3,0,7,0.0,73,svd_256
user_000000_001267,14,9,1,2,0.1111111111111111,73,svd_256
user_000000_001268,13,8,0,3,0.0,73,svd_256
user_000000_001269,14,4,0,5,0.0,73,svd_256
user_000000_001270,12,5,1,4,0.2,73,svd_256
user_000000_001271,12,6,0,3,0.0,73,svd_256
user_000000_001272,11,5,1,3,0.2,73,svd_256
user_000000_001273,11,3,0,5,0.0,73,svd_256
user_000000_001274,13,7,0,4,0.0,73,svd_256
user_000000_001275,13,7,0,3,0.0,73,svd_256
user_000000_001276,9,3,0,4,0.0,73,svd_256
user_000000_001277,15,7,1,3,0.14285714285714285,73,svd_256
user_000000_001278,11,5,0,5,0.0,73,svd_256
user_000000_001279,14,9,0,2,0.0,73,svd_256
user_000000_001280,13,5,0,2,0.0,73,svd_256
user_000000_001281,5,1,0,4,0.0,73,svd_256
user_000000_001282,12,2,0,7,0.0,73,svd_256
user_000000_001283,13,7,0,3,0.0,73,svd_256
user_000000_001284,13,3,0,4,0.0,73,svd_256
user_000000_001285,11,4,0,6,0.0,73,svd_256
user_000000_001286,13,9,1,3,0.1111111111111111,73,svd_256
user_000000_001287,13,10,0,1,0.0,73,svd_256
user_000000_001288,12,3,0,6,0.0,73,svd_256
user_000000_001289,10,5,2,2,0.4,73,svd_256
user_000000_001290,11,1,0,6,0.0,73,svd_256
user_000000_001291,9,1,0,6,0.0,73,svd_256
user_000000_001292,7,1,0,6,0.0,73,svd_256
user_000000_001293,9,6,0,2,0.0,73,svd_256
user_000000_001294,7,2,1,4,0.5,73,svd_256
user_000000_001295,13,8,0,4,0.0,73,svd_256
user_000000_001296,10,1,0,5,0.0,73,svd_256
user_000000_001297,14,5,0,3,0.0,73,svd_256
user_000000_001298,14,3,0,5,0.0,73,svd_256
user_000000_001299,10,6,0,2,0.0,73,svd_256
user_000000_001300,7,1,0,6,0.0,73,svd_256
user_000000_001301,14,9,0,3,0.0,73,svd_256
user_000000_001302,14,7,1,5,0.14285714285714285,73,svd_256
user_000000_001303,12,4,0,6,0.0,73,svd_256
user_000000_001304,12,7,0,2,0.0,73,svd_256
user_000000_001305,11,6,1,4,0.16666666666666666,73,svd_256
user_000000_001306,6,2,0,4,0.0,73,svd_256
user_000000_001307,15,4,1,4,0.25,73,svd_256
user_000000_001308,11,5,0,4,0.0,73,svd_256
user_000000_001309,15,9,1,1,0.1111111111111111,73,svd_256
user_000000_001310,9,5,0,2,0.0,73,svd_256
user_000000_001311,11,6,0,4,0.0,73,svd_256
user_000000_001312,15,10,1,1,0.1,73,svd_256
user_000000_001313,11,7,1,4,0.14285714285714285,73,svd_256
user_000000_001314,8,0,0,6,,73,svd_256
user_000000_001315,10,2,0,6,0.0,73,svd_256
user_000000_001316,12,7,0,2,0.0,73,svd_256
user_000000_001317,11,2,0,5,0.0,73,svd_256
user_000000_001318,10,4,0,4,0.0,73,svd_256
user_000000_001319,14,12,0,1,0.0,73,svd_256
user_000000_001320,8,2,0,5,0.0,73,svd_256
user_000000_001321,14,7,0,3,0.0,73,svd_256
user_000000_001322,12,3,0,5,0.0,73,svd_256
user_000000_001323,7,1,0,5,0.0,73,svd_256
user_000000_001324,13,6,0,6,0.0,73,svd_256
user_000000_001325,8,3,0,3,0.0,73,svd_256
user_000000_001326,9,3,0,5,0.0,73,svd_256
user_000000_001327,8,1,0,7,0.0,73,svd_256
user_000000_001328,7,3,0,4,0.0,73,svd_256
user_000000_001329,9,6,1,3,0.16666666666666666,73,svd_256
user_000000_001330,5,1,0,4,0.0,73,svd_256
user_000000_001331,9,6,0,2,0.0,73,svd_256
user_000000_001332,10,3,1,4,0.3333333333333333,73,svd_256
user_000000_001333,15,7,0,4,0.0,73,svd_256
user_000000_001334,4,1,0,3,0.0,73,svd_256
user_000000_001335,13,5,0,5,0.0,73,svd_256
user_000000_001336,13,5,1,5,0.2,73,svd_256
user_000000_001337,13,9,0,2,0.0,73,svd_256
user_000000_001338,14,10,1,3,0.1,73,svd_256
user_000000_001339,5,1,0,3,0.0,73,svd_256
user_000000_001340,15,6,1,4,0.16666666666666666,73,svd_256
user_000000_001341,13,7,1,3,0.14285714285714285,73,svd_256
user_000000_001342,8,2,0,6,0.0,73,svd_256
user_000000_001343,12,6,0,3,0.0,73,svd_256
user_000000_001344,14,9,1,2,0.1111111111111111,73,svd_256
user_000000_001345,14,4,1,4,0.25,73,svd_256
user_000000_001346,10,3,0,6,0.0,73,svd_256
user_000000_001347,13,6,1,4,0.16666666666666666,73,svd_256
user_000000_001348,12,9,1,1,0.1111111111111111,73,svd_256
user_000000_001349,14,9,0,4,0.0,73,svd_256
user_000000_001350,11,8,0,2,0.0,73,svd_256
user_000000_001351,11,4,0,4,0.0,73,svd_256
user_000000_001352,14,9,0,2,0.0,73,svd_256
user_000000_001353,7,1,0,4,0.0,73,svd_256
user_000000_001354,9,1,0,5,0.0,73,svd_256
user_000000_001355,11,4,0,5,0.0,73,svd_256
user_000000_001356,14,7,0,4,0.0,73,svd_256
user_000000_001357,13,9,1,3,0.1111111111111111,73,svd_256
user_000000_001358,14,10,0,3,0.0,73,svd_256
user_000000_001359,15,10,1,3,0.1,73,svd_256
user_000000_001360,10,4,0,4,0.0,73,svd_256
user_000000_001361,15,9,0,3,0.0,73,svd_256
user_000000_001362,12,6,1,4,0.16666666666666666,73,svd_256
user_000000_001363,12,5,0,5,0.0,73,svd_256
user_000000_001364,12,6,0,4,0.0,73,svd_256
user_000000_001365,13,9,1,2,0.1111111111111111,73,svd_256
user_000000_001366,14,9,0,2,0.0,73,svd_256
user_000000_001367,12,7,0,3,0.0,73,svd_256
user_000000_001368,13,12,2,1,0.16666666666666666,73,svd_256
user_000000_001369,13,8,0,3,0.0,73,svd_256
user_000000_001370,11,3,0,5,0.0,73,svd_256
user_000000_001371,14,9,1,4,0.1111111111111111,73,svd_256
user_000000_001372,12,9,0,2,0.0,73,svd_256
user_000000_001373,9,8,0,1,0.0,73,svd_256
user_000000_001374,7,1,1,6,1.0,73,svd_256
user_000000_001375,14,7,1,3,0.14285714285714285,73,svd_256
user_000000_001376,12,7,0,2,0.0,73,svd_256
user_000000_001377,8,3,1,4,0.3333333333333333,73,svd_256
user_000000_001378,15,6,0,4,0.0,73,svd_256
user_000000_001379,11,7,0,2,0.0,73,svd_256
user_000000_001380,12,4,0,5,0.0,73,svd_256
user_000000_001381,13,5,1,5,0.2,73,svd_256
user_000000_001382,14,4,0,5,0.0,73,svd_256
user_000000_001383,11,2,0,5,0.0,73,svd_256
user_000000_001384,15,8,0,3,0.0,73,svd_256
user_000000_001385,15,7,0,4,0.0,73,svd_256
user_000000_001386,6,2,0,4,0.0,73,svd_256
user_000000_001387,10,3,0,4,0.0,73,svd_256
user_000000_001388,15,8,0,1,0.0,73,svd_256
user_000000_001389,11,3,0,4,0.0,73,svd_256
user_000000_001390,14,11,2,1,0.18181818181818182,73,svd_256
user_000000_001391,9,4,1,3,0.25,73,svd_256
user_000000_001392,10,4,0,3,0.0,73,svd_256
user_000000_001393,13,7,1,5,0.14285714285714285,73,svd_256
user_000000_001394,11,2,1,7,0.5,73,svd_256
user_000000_001395,14,10,0,2,0.0,73,svd_256
user_000000_001396,4,1,0,2,0.0,73,svd_256
user_000000_001397,7,4,0,2,0.0,73,svd_256
user_000000_001398,15,7,0,4,0.0,73,svd_256
user_000000_001399,15,8,1,2,0.125,73,svd_256
user_000000_001400,11,4,0,2,0.0,73,svd_256
user_000000_001401,15,10,0,2,0.0,73,svd_256
user_000000_001402,15,12,0,2,0.0,73,svd_256
user_000000_001403,11,7,0,3,0.0,73,svd_256
user_000000_001404,13,8,0,4,0.0,73,svd_256
user_000000_001405,14,7,2,2,0.2857142857142857,73,svd_256
user_000000_001406,15,11,0,3,0.0,73,svd_256
user_000000_001407,14,10,0,3,0.0,73,svd_256
user_000000_001408,12,4,0,2,0.0,73,svd_256
user_000000_001409,13,9,0,2,0.0,73,svd_256
user_000000_001410,12,3,1,1,0.3333333333333333,73,svd_256
user_000000_001411,9,2,1,6,0.5,73,svd_256
user_000000_001412,13,6,0,4,0.0,73,svd_256
user_000000_001413,8,4,1,4,0.25,73,svd_256
user_000000_001414,13,4,1,6,0.25,73,svd_256
user_000000_001415,15,10,1,2,0.1,73,svd_256
user_000000_001416,13,10,0,2,0.0,73,svd_256
user_000000_001417,12,7,0,5,0.0,73,svd_256
user_000000_001418,13,4,0,3,0.0,73,svd_256
user_000000_001419,12,5,0,5,0.0,73,svd_256
user_000000_001420,14,7,1,3,0.14285714285714285,73,svd_256
user_000000_001421,10,5,0,3,0.0,73,svd_256
user_000000_001422,8,1,0,6,0.0,73,svd_256
user_000000_001423,12,5,0,5,0.0,73,svd_256
user_000000_001424,11,5,0,4,0.0,73,svd_256
user_000000_001425,15,5,0,4,0.0,73,svd_256
user_000000_001426,13,4,1,5,0.25,73,svd_256
user_000000_001427,13,8,1,4,0.125,73,svd_256
user_000000_001428,12,6,0,4,0.0,73,svd_256
user_000000_001429,11,8,1,1,0.125,73,svd_256
user_000000_001430,11,3,0,3,0.0,73,svd_256
user_000000_001431,13,6,0,4,0.0,73,svd_256
user_000000_001432,11,0,0,9,,73,svd_256
user_000000_001433,12,5,0,3,0.0,73,svd_256
user_000000_001434,7,2,0,4,0.0,73,svd_256
user_000000_001435,9,5,1,4,0.2,73,svd_256
user_000000_001436,8,4,0,3,0.0,73,svd_256
user_000000_001437,14,4,0,6,0.0,73,svd_256
user_000000_001438,12,6,0,5,0.0,73,svd_256
user_000000_001439,11,9,1,0,0.1111111111111111,73,svd_256
user_000000_001440,11,6,0,2,0.0,73,svd_256
user_000000_001441,14,10,1,0,0.1,73,svd_256
user_000000_001442,12,4,1,5,0.25,73,svd_256
user_000000_001443,10,3,0,5,0.0,73,svd_256
user_000000_001444,12,5,0,7,0.0,73,svd_256
user_000000_001445,15,8,0,2,0.0,73,svd_256
user_000000_001446,13,7,0,3,0.0,73,svd_256
user_000000_001447,12,4,0,3,0.0,73,svd_256
user_000000_001448,8,5,0,3,0.0,73,svd_256
user_000000_001449,14,11,2,3,0.18181818181818182,73,svd_256
user_000000_001450,7,1,0,5,0.0,73,svd_256
user_000000_001451,13,8,0,2,0.0,73,svd_256
user_000000_001452,12,6,0,5,0.0,73,svd_256
user_000000_001453,11,5,1,5,0.2,73,svd_256
user_000000_001454,9,3,0,3,0.0,73,svd_256
user_000000_001455,10,5,1,5,0.2,73,svd_256
user_000000_001456,9,3,1,6,0.3333333333333333,73,svd_256
user_000000_001457,9,4,1,1,0.25,73,svd_256
user_000000_001458,13,6,0,6,0.0,73,svd_256
user_000000_001459,12,3,0,2,0.0,73,svd_256
user_000000_001460,15,7,0,0,0.0,73,svd_256
user_000000_001461,7,2,0,5,0.0,73,svd_256
user_000000_001462,15,5,0,3,0.0,73,svd_256
user_000000_001463,13,6,0,3,0.0,73,svd_256
user_000000_001464,15,6,1,6,0.16666666666666666,73,svd_256
user_000000_001465,11,4,0,4,0.0,73,svd_256
user_000000_001466,13,6,0,4,0.0,73,svd_256
user_000000_001467,9,2,1,6,0.5,73,svd_256
user_000000_001468,8,2,0,5,0.0,73,svd_256
user_000000_001469,11,0,0,6,,73,svd_256
user_000000_001470,12,4,0,4,0.0,73,svd_256
user_000000_001471,5,0,0,5,,73,svd_256
user_000000_001472,13,5,0,5,0.0,73,svd_256
user_000000_001473,8,3,0,2,0.0,73,svd_256
user_000000_001474,10,3,0,3,0.0,73,svd_256
user_000000_001475,10,6,0,4,0.0,73,svd_256
user_000000_001476,5,0,0,4,,73,svd_256
user_000000_001477,7,0,0,6,,73,svd_256
user_000000_001478,12,5,0,2,0.0,73,svd_256
user_000000_001479,13,9,0,2,0.0,73,svd_256
user_000000_001480,11,7,1,4,0.14285714285714285,73,svd_256
user_000000_001481,14,6,0,5,0.0,73,svd_256
user_000000_001482,10,4,0,4,0.0,73,svd_256
user_000000_001483,10,2,1,4,0.5,73,svd_256
user_000000_001484,12,2,0,2,0.0,73,svd_256
user_000000_001485,14,9,1,1,0.1111111111111111,73,svd_256
user_000000_001486,13,5,0,2,0.0,73,svd_256
user_000000_001487,10,4,0,2,0.0,73,svd_256
user_000000_001488,15,11,0,2,0.0,73,svd_256
user_000000_001489,5,0,0,5,,73,svd_256
user_000000_001490,15,6,0,6,0.0,73,svd_256
user_000000_001491,13,2,0,4,0.0,73,svd_256
user_000000_001492,14,6,0,1,0.0,73,svd_256
user_000000_001493,15,10,1,2,0.1,73,svd_256
user_000000_001494,14,8,1,2,0.125,73,svd_256
user_000000_001495,12,7,1,4,0.14285714285714285,73,svd_256
user_000000_001496,13,5,0,5,0.0,73,svd_256
user_000000_001497,10,5,0,3,0.0,73,svd_256
user_000000_001498,4,1,0,3,0.0,73,svd_256
user_000000_001499,13,5,0,4,0.0,73,svd_256
user_000000_001500,11,2,0,4,0.0,73,svd_256
user_000000_001501,13,5,0,4,0.0,73,svd_256
user_000000_001502,11,6,0,4,0.0,73,svd_256
user_000000_001503,15,7,0,2,0.0,73,svd_256
user_000000_001504,12,9,0,3,0.0,73,svd_256
user_000000_001505,14,6,0,4,0.0,73,svd_256
user_000000_001506,13,8,1,2,0.125,73,svd_256
user_000000_001507,8,2,0,6,0.0,73,svd_256
user_000000_001508,7,2,0,5,0.0,73,svd_256
user_000000_001509,14,7,0,1,0.0,73,svd_256
user_000000_001510,11,7,1,4,0.14285714285714285,73,svd_256
user_000000_001511,13,6,0,3,0.0,73,svd_256
user_000000_001512,9,5,1,2,0.2,73,svd_256
user_000000_001513,13,5,1,2,0.2,73,svd_256
user_000000_001514,12,6,1,3,0.16666666666666666,73,svd_256
user_000000_001515,12,7,1,3,0.14285714285714285,73,svd_256
user_000000_001516,15,11,1,2,0.09090909090909091,73,svd_256
user_000000_001517,7,1,0,5,0.0,73,svd_256
user_000000_001518,13,5,0,5,0.0,73,svd_256
user_000000_001519,15,9,0,5,0.0,73,svd_256
user_000000_001520,14,4,0,6,0.0,73,svd_256
user_000000_001521,15,7,1,3,0.14285714285714285,73,svd_256
user_000000_001522,7,1,0,6,0.0,73,svd_256
user_000000_001523,10,3,0,5,0.0,73,svd_256
user_000000_001524,13,4,0,4,0.0,73,svd_256
user_000000_001525,11,7,0,2,0.0,73,svd_256
user_000000_001526,13,5,0,1,0.0,73,svd_256
user_000000_001527,14,6,0,4,0.0,73,svd_256
user_000000_001528,8,2,0,5,0.0,73,svd_256
user_000000_001529,11,4,1,7,0.25,73,svd_256
user_000000_001530,15,9,0,3,0.0,73,svd_256
user_000000_001531,14,12,1,0,0.08333333333333333,73,svd_256
user_000000_001532,14,8,2,3,0.25,73,svd_256
user_000000_001533,11,4,0,6,0.0,73,svd_256
user_000000_001534,11,3,0,4,0.0,73,svd_256
user_000000_001535,11,2,0,7,0.0,73,svd_256
user_000000_001536,14,8,0,3,0.0,73,svd_256
user_000000_001537,11,5,0,2,0.0,73,svd_256
user_000000_001538,6,0,0,6,,73,svd_256
user_000000_001539,13,9,0,2,0.0,73,svd_256
user_000000_001540,15,11,3,3,0.2727272727272727,73,svd_256
user_000000_001541,5,2,0,3,0.0,73,svd_256
user_000000_001542,8,2,0,4,0.0,73,svd_256
user_000000_001543,14,9,0,2,0.0,73,svd_256
user_000000_001544,9,1,0,6,0.0,73,svd_256
user_000000_001545,14,8,2,1,0.25,73,svd_256
user_000000_001546,11,4,1,4,0.25,73,svd_256
user_000000_001547,14,7,0,3,0.0,73,svd_256
user_000000_001548,14,10,1,2,0.1,73,svd_256
user_000000_001549,2,0,0,2,,73,svd_256
user_000000_001550,10,3,0,5,0.0,73,svd_256
user_000000_001551,13,7,0,3,0.0,73,svd_256
user_000000_001552,11,5,1,4,0.2,73,svd_256
user_000000_001553,14,10,1,2,0.1,73,svd_256
user_000000_001554,13,5,0,4,0.0,73,svd_256
user_000000_001555,12,8,1,2,0.125,73,svd_256
user_000000_001556,6,2,1,3,0.5,73,svd_256
user_000000_001557,14,7,0,4,0.0,73,svd_256
user_000000_001558,7,1,0,6,0.0,73,svd_256
user_000000_001559,13,8,0,3,0.0,73,svd_256
user_000000_001560,1,0,0,1,,73,svd_256
user_000000_001561,14,4,0,5,0.0,73,svd_256
user_000000_001562,13,8,0,4,0.0,73,svd_256
user_000000_001563,15,12,1,2,0.08333333333333333,73,svd_256
user_000000_001564,14,3,0,2,0.0,73,svd_256
user_000000_001565,15,9,0,1,0.0,73,svd_256
user_000000_001566,11,5,1,4,0.2,73,svd_256
user_000000_001567,8,4,0,4,0.0,73,svd_256
user_000000_001568,15,11,3,1,0.2727272727272727,73,svd_256
user_000000_001569,11,3,0,5,0.0,73,svd_256
user_000000_001570,13,9,0,4,0.0,73,svd_256
user_000000_001571,15,11,1,1,0.09090909090909091,73,svd_256
user_000000_001572,12,8,0,4,0.0,73,svd_256
user_000000_001573,15,10,1,1,0.1,73,svd_256
user_000000_001574,14,10,1,1,0.1,73,svd_256
user_000000_001575,12,2,0,5,0.0,73,svd_256
user_000000_001576,15,8,0,2,0.0,73,svd_256
user_000000_001577,11,5,0,4,0.0,73,svd_256
user_000000_001578,12,5,0,3,0.0,73,svd_256
user_000000_001579,7,1,0,6,0.0,73,svd_256
user_000000_001580,14,8,0,2,0.0,73,svd_256
user_000000_001581,6,0,0,6,,73,svd_256
user_000000_001582,12,4,0,3,0.0,73,svd_256
user_000000_001583,14,10,0,1,0.0,73,svd_256
user_000000_001584,6,0,0,6,,73,svd_256
user_000000_001585,13,6,0,4,0.0,73,svd_256
user_000000_001586,12,8,0,2,0.0,73,svd_256
user_000000_001587,11,4,2,4,0.5,73,svd_256
user_000000_001588,13,4,0,5,0.0,73,svd_256
user_000000_001589,8,4,0,4,0.0,73,svd_256
user_000000_001590,7,1,0,6,0.0,73,svd_256
user_000000_001591,5,0,0,5,,73,svd_256
user_000000_001592,12,5,1,3,0.2,73,svd_256
user_000000_001593,5,1,0,4,0.0,73,svd_256
user_000000_001594,13,6,0,3,0.0,73,svd_256
user_000000_001595,14,5,0,5,0.0,73,svd_256
user_000000_001596,14,7,2,2,0.2857142857142857,73,svd_256
user_000000_001597,12,6,0,4,0.0,73,svd_256
user_000000_001598,15,10,1,3,0.1,73,svd_256
user_000000_001599,8,1,0,6,0.0,73,svd_256
user_000000_001600,10,4,0,4,0.0,73,svd_256
user_000000_001601,13,7,0,4,0.0,73,svd_256
user_000000_001602,12,2,0,5,0.0,73,svd_256
user_000000_001603,5,0,0,5,,73,svd_256
user_000000_001604,12,5,1,2,0.2,73,svd_256
user_000000_001605,10,6,1,1,0.16666666666666666,73,svd_256
user_000000_001606,14,3,0,5,0.0,73,svd_256
user_000000_001607,14,8,0,2,0.0,73,svd_256
user_000000_001608,14,9,0,0,0.0,73,svd_256
user_000000_001609,14,5,0,4,0.0,73,svd_256
user_000000_001610,13,4,0,7,0.0,73,svd_256
user_000000_001611,8,4,0,4,0.0,73,svd_256
user_000000_001612,11,3,1,4,0.3333333333333333,73,svd_256
user_000000_001613,13,4,0,5,0.0,73,svd_256
user_000000_001614,9,3,0,2,0.0,73,svd_256
user_000000_001615,12,8,0,2,0.0,73,svd_256
user_000000_001616,11,3,0,5,0.0,73,svd_256
user_000000_001617,13,3,0,7,0.0,73,svd_256
user_000000_001618,11,7,1,3,0.14285714285714285,73,svd_256
user_000000_001619,14,9,0,3,0.0,73,svd_256
user_000000_001620,10,5,1,5,0.2,73,svd_256
user_000000_001621,12,7,0,3,0.0,73,svd_256
user_000000_001622,7,3,0,3,0.0,73,svd_256
user_000000_001623,12,5,0,6,0.0,73,svd_256
user_000000_001624,6,1,0,5,0.0,73,svd_256
user_000000_001625,12,3,0,7,0.0,73,svd_256
user_000000_001626,7,1,0,6,0.0,73,svd_256
user_000000_001627,13,6,1,2,0.16666666666666666,73,svd_256
user_000000_001628,13,10,1,1,0.1,73,svd_256
user_000000_001629,13,6,1,2,0.16666666666666666,73,svd_256
user_000000_001630,12,4,1,4,0.25,73,svd_256
user_000000_001631,13,9,0,2,0.0,73,svd_256
user_000000_001632,12,2,0,4,0.0,73,svd_256
user_000000_001633,10,4,0,6,0.0,73,svd_256
user_000000_001634,12,9,0,1,0.0,73,svd_256
user_000000_001635,10,2,0,5,0.0,73,svd_256
user_000000_001636,12,3,0,5,0.0,73,svd_256
user_000000_001637,10,4,0,3,0.0,73,svd_256
user_000000_001638,13,8,0,5,0.0,73,svd_256
user_000000_001639,14,11,0,1,0.0,73,svd_256
user_000000_001640,11,5,1,4,0.2,73,svd_256
user_000000_001641,7,4,0,2,0.0,73,svd_256
user_000000_001642,15,12,3,1,0.25,73,svd_256
user_000000_001643,7,2,0,5,0.0,73,svd_256
user_000000_001644,11,9,1,2,0.1111111111111111,73,svd_256
user_000000_001645,11,3,1,4,0.3333333333333333,73,svd_256
user_000000_001646,13,7,0,3,0.0,73,svd_256
user_000000_001647,9,1,0,7,0.0,73,svd_256
user_000000_001648,12,6,0,4,0.0,73,svd_256
user_000000_001649,15,9,2,1,0.2222222222222222,73,svd_256
user_000000_001650,11,7,1,2,0.14285714285714285,73,svd_256
user_000000_001651,14,7,0,3,0.0,73,svd_256
user_000000_001652,8,5,1,3,0.2,73,svd_256
user_000000_001653,8,2,0,6,0.0,73,svd_256
user_000000_001654,13,3,0,7,0.0,73,svd_256
user_000000_001655,13,8,1,4,0.125,73,svd_256
user_000000_001656,12,4,0,5,0.0,73,svd_256
user_000000_001657,5,1,0,2,0.0,73,svd_256
user_000000_001658,9,2,0,4,0.0,73,svd_256
user_000000_001659,14,10,0,1,0.0,73,svd_256
user_000000_001660,13,7,0,4,0.0,73,svd_256
user_000000_001661,15,12,0,1,0.0,73,svd_256
user_000000_001662,13,7,0,2,0.0,73,svd_256
user_000000_001663,10,4,0,4,0.0,73,svd_256
user_000000_001664,9,0,0,7,,73,svd_256
user_000000_001665,15,10,1,2,0.1,73,svd_256
user_000000_001666,7,1,0,5,0.0,73,svd_256
user_000000_001667,13,7,0,4,0.0,73,svd_256
user_000000_001668,14,10,0,4,0.0,73,svd_256
user_000000_001669,11,8,0,3,0.0,73,svd_256
user_000000_001670,13,7,0,2,0.0,73,svd_256
user_000000_001671,14,9,0,2,0.0,73,svd_256
user_000000_001672,14,13,0,1,0.0,73,svd_256
user_000000_001673,13,9,2,3,0.2222222222222222,73,svd_256
user_000000_001674,15,9,1,3,0.1111111111111111,73,svd_256
user_000000_001675,10,3,0,6,0.0,73,svd_256
user_000000_001676,8,4,2,3,0.5,73,svd_256
user_000000_001677,14,8,1,2,0.125,73,svd_256
user_000000_001678,13,6,0,3,0.0,73,svd_256
user_000000_001679,13,9,1,3,0.1111111111111111,73,svd_256
user_000000_001680,13,8,0,3,0.0,73,svd_256
user_000000_001681,7,3,1,3,0.3333333333333333,73,svd_256
user_000000_001682,11,5,0,4,0.0,73,svd_256
user_000000_001683,15,8,0,2,0.0,73,svd_256
user_000000_001684,10,2,0,4,0.0,73,svd_256
user_000000_001685,5,0,0,4,,73,svd_256
user_000000_001686,14,10,0,2,0.0,73,svd_256
user_000000_001687,11,4,1,3,0.25,73,svd_256
user_000000_001688,15,9,0,3,0.0,73,svd_256
user_000000_001689,14,7,1,2,0.14285714285714285,73,svd_256
user_000000_001690,8,2,1,4,0.5,73,svd_256
user_000000_001691,10,5,0,4,0.0,73,svd_256
user_000000_001692,12,7,0,3,0.0,73,svd_256
user_000000_001693,15,10,0,0,0.0,73,svd_256
user_000000_001694,8,1,0,6,0.0,73,svd_256
user_000000_001695,13,11,0,2,0.0,73,svd_256
user_000000_001696,14,6,0,1,0.0,73,svd_256
user_000000_001697,12,5,0,5,0.0,73,svd_256
user_000000_001698,15,6,1,3,0.16666666666666666,73,svd_256
user_000000_001699,14,8,0,1,0.0,73,svd_256
user_000000_001700,7,1,0,5,0.0,73,svd_256
user_000000_001701,15,11,1,1,0.09090909090909091,73,svd_256
user_000000_001702,6,1,0,4,0.0,73,svd_256
user_000000_001703,12,4,1,7,0.25,73,svd_256
user_000000_001704,15,9,0,2,0.0,73,svd_256
user_000000_001705,13,6,0,3,0.0,73,svd_256
user_000000_001706,9,3,0,5,0.0,73,svd_256
user_000000_001707,5,0,0,5,,73,svd_256
user_000000_001708,4,0,0,4,,73,svd_256
user_000000_001709,14,10,2,2,0.2,73,svd_256
user_000000_001710,12,1,0,6,0.0,73,svd_256
user_000000_001711,11,5,0,1,0.0,73,svd_256
user_000000_001712,13,5,0,5,0.0,73,svd_256
user_000000_001713,10,6,0,2,0.0,73,svd_256
user_000000_001714,11,4,0,5,0.0,73,svd_256
user_000000_001715,13,7,0,5,0.0,73,svd_256
user_000000_001716,12,6,0,4,0.0,73,svd_256
user_000000_001717,12,5,0,3,0.0,73,svd_256
user_000000_001718,14,5,0,5,0.0,73,svd_256
user_000000_001719,11,7,1,2,0.14285714285714285,73,svd_256
user_000000_001720,13,7,0,3,0.0,73,svd_256
user_000000_001721,14,3,0,5,0.0,73,svd_256
user_000000_001722,13,8,1,1,0.125,73,svd_256
user_000000_001723,11,7,1,2,0.14285714285714285,73,svd_256
user_000000_001724,13,9,0,2,0.0,73,svd_256
user_000000_001725,9,4,0,4,0.0,73,svd_256
user_000000_001726,15,6,1,2,0.16666666666666666,73,svd_256
user_000000_001727,7,2,0,3,0.0,73,svd_256
user_000000_001728,14,7,0,6,0.0,73,svd_256
user_000000_001729,9,1,0,6,0.0,73,svd_256
user_000000_001730,12,8,0,2,0.0,73,svd_256
user_000000_001731,13,9,0,3,0.0,73,svd_256
user_000000_001732,14,7,1,2,0.14285714285714285,73,svd_256
user_000000_001733,12,6,0,3,0.0,73,svd_256
user_000000_001734,15,10,1,1,0.1,73,svd_256
user_000000_001735,13,6,0,5,0.0,73,svd_256
user_000000_001736,11,6,0,4,0.0,73,svd_256
user_000000_001737,14,10,1,2,0.1,73,svd_256
user_000000_001738,12,4,0,5,0.0,73,svd_256
user_000000_001739,13,5,1,5,0.2,73,svd_256
user_000000_001740,15,10,1,1,0.1,73,svd_256
user_000000_001741,10,6,0,2,0.0,73,svd_256
user_000000_001742,12,3,0,6,0.0,73,svd_256
user_000000_001743,7,1,0,6,0.0,73,svd_256
user_000000_001744,11,4,0,4,0.0,73,svd_256
user_000000_001745,10,2,1,7,0.5,73,svd_256
user_000000_001746,13,6,1,3,0.16666666666666666,73,svd_256
user_000000_001747,11,4,0,6,0.0,73,svd_256
user_000000_001748,12,5,1,4,0.2,73,svd_256
user_000000_001749,13,2,0,3,0.0,73,svd_256
user_000000_001750,10,4,0,4,0.0,73,svd_256
user_000000_001751,10,6,1,4,0.16666666666666666,73,svd_256
user_000000_001752,11,5,0,4,0.0,73,svd_256
user_000000_001753,15,8,0,1,0.0,73,svd_256
user_000000_001754,8,1,0,5,0.0,73,svd_256
user_000000_001755,15,11,1,2,0.09090909090909091,73,svd_256
user_000000_001756,10,4,0,5,0.0,73,svd_256
user_000000_001757,10,4,1,6,0.25,73,svd_256
user_000000_001758,14,6,0,3,0.0,73,svd_256
user_000000_001759,11,6,0,4,0.0,73,svd_256
user_000000_001760,10,4,0,4,0.0,73,svd_256
user_000000_001761,14,9,0,3,0.0,73,svd_256
user_000000_001762,14,11,1,2,0.09090909090909091,73,svd_256
user_000000_001763,13,11,1,1,0.09090909090909091,73,svd_256
user_000000_001764,7,2,0,5,0.0,73,svd_256
user_000000_001765,15,11,0,2,0.0,73,svd_256
user_000000_001766,12,3,1,6,0.3333333333333333,73,svd_256
user_000000_001767,13,6,1,4,0.16666666666666666,73,svd_256
user_000000_001768,12,4,0,5,0.0,73,svd_256
user_000000_001769,12,2,0,6,0.0,73,svd_256
user_000000_001770,14,8,0,3,0.0,73,svd_256
user_000000_001771,13,2,0,5,0.0,73,svd_256
user_000000_001772,15,9,1,3,0.1111111111111111,73,svd_256
user_000000_001773,15,12,0,0,0.0,73,svd_256
user_000000_001774,9,6,0,1,0.0,73,svd_256
user_000000_001775,14,7,0,4,0.0,73,svd_256
user_000000_001776,10,7,1,3,0.14285714285714285,73,svd_256
user_000000_001777,6,0,0,6,,73,svd_256
user_000000_001778,10,8,0,1,0.0,73,svd_256
user_000000_001779,9,2,0,5,0.0,73,svd_256
user_000000_001780,8,3,0,5,0.0,73,svd_256
user_000000_001781,14,8,0,3,0.0,73,svd_256
user_000000_001782,13,4,1,4,0.25,73,svd_256
user_000000_001783,13,9,0,2,0.0,73,svd_256
user_000000_001784,13,7,0,4,0.0,73,svd_256
user_000000_001785,13,11,1,1,0.09090909090909091,73,svd_256
user_000000_001786,14,10,1,3,0.1,73,svd_256
user_000000_001787,14,8,0,2,0.0,73,svd_256
user_000000_001788,15,9,0,3,0.0,73,svd_256
user_000000_001789,12,8,1,4,0.125,73,svd_256
user_000000_001790,10,5,0,4,0.0,73,svd_256
user_000000_001791,13,10,0,3,0.0,73,svd_256
user_000000_001792,14,9,0,0,0.0,73,svd_256
user_000000_001793,13,8,0,2,0.0,73,svd_256
user_000000_001794,14,11,1,2,0.09090909090909091,73,svd_256
user_000000_001795,14,11,0,1,0.0,73,svd_256
user_000000_001796,8,1,0,4,0.0,73,svd_256
user_000000_001797,9,1,0,8,0.0,73,svd_256
user_000000_001798,14,8,1,4,0.125,73,svd_256
user_000000_001799,10,4,0,4,0.0,73,svd_256
user_000000_001800,11,3,0,4,0.0,73,svd_256
user_000000_001801,13,4,1,5,0.25,73,svd_256
user_000000_001802,7,1,0,5,0.0,73,svd_256
user_000000_001803,8,4,0,2,0.0,73,svd_256
user_000000_001804,14,7,1,2,0.14285714285714285,73,svd_256
user_000000_001805,11,1,0,5,0.0,73,svd_256
user_000000_001806,14,9,1,2,0.1111111111111111,73,svd_256
user_000000_001807,13,6,1,2,0.16666666666666666,73,svd_256
user_000000_001808,13,6,0,4,0.0,73,svd_256
user_000000_001809,14,5,0,3,0.0,73,svd_256
user_000000_001810,14,5,0,3,0.0,73,svd_256
user_000000_001811,13,7,1,3,0.14285714285714285,73,svd_256
user_000000_001812,11,5,0,3,0.0,73,svd_256
user_000000_001813,13,7,0,5,0.0,73,svd_256
user_000000_001814,13,6,1,2,0.16666666666666666,73,svd_256
user_000000_001815,15,9,0,5,0.0,73,svd_256
user_000000_001816,12,7,0,4,0.0,73,svd_256
user_000000_001817,13,8,0,3,0.0,73,svd_256
user_000000_001818,14,9,1,4,0.1111111111111111,73,svd_256
user_000000_001819,13,7,1,3,0.14285714285714285,73,svd_256
user_000000_001820,14,6,0,6,0.0,73,svd_256
user_000000_001821,11,2,0,5,0.0,73,svd_256
user_000000_001822,14,5,0,3,0.0,73,svd_256
user_000000_001823,15,10,1,1,0.1,73,svd_256
user_000000_001824,6,2,0,3,0.0,73,svd_256
user_000000_001825,11,4,0,5,0.0,73,svd_256
user_000000_001826,9,2,1,4,0.5,73,svd_256
user_000000_001827,14,9,1,2,0.1111111111111111,73,svd_256
user_000000_001828,14,8,0,1,0.0,73,svd_256
user_000000_001829,15,5,2,6,0.4,73,svd_256
user_000000_001830,10,3,0,5,0.0,73,svd_256
user_000000_001831,10,6,1,4,0.16666666666666666,73,svd_256
user_000000_001832,15,5,0,6,0.0,73,svd_256
user_000000_001833,15,11,1,3,0.09090909090909091,73,svd_256
user_000000_001834,5,1,0,4,0.0,73,svd_256
user_000000_001835,15,8,0,1,0.0,73,svd_256
user_000000_001836,11,6,1,3,0.16666666666666666,73,svd_256
user_000000_001837,14,5,0,5,0.0,73,svd_256
user_000000_001838,13,7,0,3,0.0,73,svd_256
user_000000_001839,11,3,1,5,0.3333333333333333,73,svd_256
user_000000_001840,9,0,0,3,,73,svd_256
user_000000_001841,15,10,1,2,0.1,73,svd_256
user_000000_001842,14,9,0,3,0.0,73,svd_256
user_000000_001843,15,10,0,3,0.0,73,svd_256
user_000000_001844,10,4,0,3,0.0,73,svd_256
user_000000_001845,15,10,0,1,0.0,73,svd_256
user_000000_001846,8,1,1,6,1.0,73,svd_256
user_000000_001847,14,9,2,2,0.2222222222222222,73,svd_256
user_000000_001848,14,10,2,0,0.2,73,svd_256
user_000000_001849,6,1,0,5,0.0,73,svd_256
user_000000_001850,13,6,1,1,0.16666666666666666,73,svd_256
user_000000_001851,4,1,0,3,0.0,73,svd_256
user_000000_001852,14,5,0,4,0.0,73,svd_256
user_000000_001853,10,6,1,3,0.16666666666666666,73,svd_256
user_000000_001854,15,10,0,3,0.0,73,svd_256
user_000000_001855,12,5,0,5,0.0,73,svd_256
user_000000_001856,11,0,0,6,,73,svd_256
user_000000_001857,14,9,1,2,0.1111111111111111,73,svd_256
user_000000_001858,11,6,0,2,0.0,73,svd_256
user_000000_001859,8,4,0,4,0.0,73,svd_256
user_000000_001860,11,5,0,4,0.0,73,svd_256
user_000000_001861,12,4,1,2,0.25,73,svd_256
user_000000_001862,12,6,0,4,0.0,73,svd_256
user_000000_001863,15,9,0,3,0.0,73,svd_256
user_000000_001864,10,5,0,3,0.0,73,svd_256
user_000000_001865,13,9,1,4,0.1111111111111111,73,svd_256
user_000000_001866,8,2,1,6,0.5,73,svd_256
user_000000_001867,10,4,0,3,0.0,73,svd_256
user_000000_001868,9,2,0,5,0.0,73,svd_256
user_000000_001869,9,6,0,3,0.0,73,svd_256
user_000000_001870,13,10,1,2,0.1,73,svd_256
user_000000_001871,12,8,1,2,0.125,73,svd_256
user_000000_001872,13,9,0,1,0.0,73,svd_256
user_000000_001873,12,8,2,2,0.25,73,svd_256
user_000000_001874,14,5,0,4,0.0,73,svd_256
user_000000_001875,12,4,0,3,0.0,73,svd_256
user_000000_001876,14,7,0,4,0.0,73,svd_256
user_000000_001877,13,6,0,5,0.0,73,svd_256
user_000000_001878,12,7,0,4,0.0,73,svd_256
user_000000_001879,9,2,0,5,0.0,73,svd_256
user_000000_001880,15,9,0,3,0.0,73,svd_256
user_000000_001881,14,12,0,2,0.0,73,svd_256
user_000000_001882,13,6,0,3,0.0,73,svd_256
user_000000_001883,11,5,0,3,0.0,73,svd_256
user_000000_001884,15,12,1,1,0.08333333333333333,73,svd_256
user_000000_001885,6,1,0,4,0.0,73,svd_256
user_000000_001886,8,2,0,5,0.0,73,svd_256
user_000000_001887,7,2,0,5,0.0,73,svd_256
user_000000_001888,11,2,0,5,0.0,73,svd_256
user_000000_001889,14,10,0,2,0.0,73,svd_256
user_000000_001890,13,10,1,1,0.1,73,svd_256
user_000000_001891,11,4,0,6,0.0,73,svd_256
user_000000_001892,6,4,1,2,0.25,73,svd_256
user_000000_001893,11,6,1,3,0.16666666666666666,73,svd_256
user_000000_001894,12,4,0,5,0.0,73,svd_256
user_000000_001895,15,13,0,1,0.0,73,svd_256
user_000000_001896,11,5,0,5,0.0,73,svd_256
user_000000_001897,4,0,0,3,,73,svd_256
user_000000_001898,14,9,2,1,0.2222222222222222,73,svd_256
user_000000_001899,13,6,1,4,0.16666666666666666,73,svd_256
user_000000_001900,10,1,0,8,0.0,73,svd_256
user_000000_001901,14,6,1,5,0.16666666666666666,73,svd_256
user_000000_001902,12,7,0,5,0.0,73,svd_256
user_000000_001903,14,9,0,3,0.0,73,svd_256
user_000000_001904,13,5,0,4,0.0,73,svd_256
user_000000_001905,11,6,0,2,0.0,73,svd_256
user_000000_001906,12,5,0,2,0.0,73,svd_256
user_000000_001907,12,7,0,5,0.0,73,svd_256
user_000000_001908,13,7,0,2,0.0,73,svd_256
user_000000_001909,10,5,0,4,0.0,73,svd_256
user_000000_001910,12,7,1,3,0.14285714285714285,73,svd_256
user_000000_001911,13,9,0,1,0.0,73,svd_256
user_000000_001912,14,12,2,0,0.16666666666666666,73,svd_256
user_000000_001913,11,2,0,7,0.0,73,svd_256
user_000000_001914,12,9,2,2,0.2222222222222222,73,svd_256
user_000000_001915,12,5,0,5,0.0,73,svd_256
user_000000_001916,15,11,2,2,0.18181818181818182,73,svd_256
user_000000_001917,10,5,0,4,0.0,73,svd_256
user_000000_001918,11,8,1,3,0.125,73,svd_256
user_000000_001919,13,6,1,1,0.16666666666666666,73,svd_256
user_000000_001920,15,8,0,2,0.0,73,svd_256
user_000000_001921,10,2,1,6,0.5,73,svd_256
user_000000_001922,15,10,1,4,0.1,73,svd_256
user_000000_001923,14,11,0,2,0.0,73,svd_256
user_000000_001924,8,1,0,5,0.0,73,svd_256
user_000000_001925,14,8,0,3,0.0,73,svd_256
user_000000_001926,8,1,0,7,0.0,73,svd_256
user_000000_001927,13,5,0,5,0.0,73,svd_256
user_000000_001928,13,9,0,2,0.0,73,svd_256
user_000000_001929,14,2,0,7,0.0,73,svd_256
user_000000_001930,6,0,0,6,,73,svd_256
user_000000_001931,9,4,1,3,0.25,73,svd_256
user_000000_001932,15,9,0,4,0.0,73,svd_256
user_000000_001933,14,7,0,5,0.0,73,svd_256
user_000000_001934,9,2,0,4,0.0,73,svd_256
user_000000_001935,14,7,0,3,0.0,73,svd_256
user_000000_001936,8,4,0,4,0.0,73,svd_256
user_000000_001937,13,5,0,4,0.0,73,svd_256
user_000000_001938,2,0,0,2,,73,svd_256
user_000000_001939,13,4,0,5,0.0,73,svd_256
user_000000_001940,14,3,0,3,0.0,73,svd_256
user_000000_001941,8,1,0,3,0.0,73,svd_256
user_000000_001942,9,4,0,4,0.0,73,svd_256
user_000000_001943,6,0,0,5,,73,svd_256
user_000000_001944,12,5,0,4,0.0,73,svd_256
user_000000_001945,11,3,0,4,0.0,73,svd_256
user_000000_001946,15,9,0,3,0.0,73,svd_256
user_000000_001947,14,4,0,6,0.0,73,svd_256
user_000000_001948,13,9,0,2,0.0,73,svd_256
user_000000_001949,12,3,0,6,0.0,73,svd_256
user_000000_001950,14,9,0,2,0.0,73,svd_256
user_000000_001951,13,6,2,5,0.3333333333333333,73,svd_256
user_000000_001952,11,5,0,6,0.0,73,svd_256
user_000000_001953,10,2,0,6,0.0,73,svd_256
user_000000_001954,10,6,1,3,0.16666666666666666,73,svd_256
user_000000_001955,9,0,0,4,,73,svd_256
user_000000_001956,11,5,0,4,0.0,73,svd_256
user_000000_001957,15,11,1,3,0.09090909090909091,73,svd_256
user_000000_001958,12,7,1,4,0.14285714285714285,73,svd_256
user_000000_001959,15,10,0,2,0.0,73,svd_256
user_000000_001960,12,7,0,5,0.0,73,svd_256
user_000000_001961,13,5,0,4,0.0,73,svd_256
user_000000_001962,1,0,0,1,,73,svd_256
user_000000_001963,9,3,0,1,0.0,73,svd_256
user_000000_001964,14,6,0,3,0.0,73,svd_256
user_000000_001965,12,5,0,3,0.0,73,svd_256
user_000000_001966,10,6,0,2,0.0,73,svd_256
user_000000_001967,8,5,0,3,0.0,73,svd_256
user_000000_001968,12,3,0,5,0.0,73,svd_256
user_000000_001969,6,0,0,6,,73,svd_256
user_000000_001970,14,10,0,1,0.0,73,svd_256
user_000000_001971,11,5,0,3,0.0,73,svd_256
user_000000_001972,12,7,0,2,0.0,73,svd_256
user_000000_001973,12,4,0,3,0.0,73,svd_256
user_000000_001974,10,7,2,1,0.2857142857142857,73,svd_256
user_000000_001975,6,1,0,4,0.0,73,svd_256
user_000000_001976,12,7,0,2,0.0,73,svd_256
user_000000_001977,6,3,0,3,0.0,73,svd_256
user_000000_001978,9,4,0,5,0.0,73,svd_256
user_000000_001979,11,3,1,3,0.3333333333333333,73,svd_256
user_000000_001980,9,1,0,5,0.0,73,svd_256
user_000000_001981,14,7,0,2,0.0,73,svd_256
user_000000_001982,13,7,0,5,0.0,73,svd_256
user_000000_001983,15,14,0,1,0.0,73,svd_256
user_000000_001984,9,5,1,3,0.2,73,svd_256
user_000000_001985,7,1,1,6,1.0,73,svd_256
user_000000_001986,14,10,0,2,0.0,73,svd_256
user_000000_001987,14,6,0,6,0.0,73,svd_256
user_000000_001988,11,4,1,2,0.25,73,svd_256
user_000000_001989,10,4,0,6,0.0,73,svd_256
user_000000_001990,13,7,0,2,0.0,73,svd_256
user_000000_001991,11,4,1,3,0.25,73,svd_256
user_000000_001992,13,9,1,2,0.1111111111111111,73,svd_256
user_000000_001993,15,5,1,1,0.2,73,svd_256
user_000000_001994,14,9,0,2,0.0,73,svd_256
user_000000_001995,12,2,0,8,0.0,73,svd_256
user_000000_001996,8,2,0,6,0.0,73,svd_256
user_000000_001997,15,10,1,2,0.1,73,svd_256
user_000000_001998,14,8,0,2,0.0,73,svd_256
user_000000_001999,14,8,0,2,0.0,73,svd_256
user_000000_000000,15,9,0,1,0.0,73,personal_frequency
user_000000_000001,14,6,0,4,0.0,73,personal_frequency
user_000000_000002,4,0,0,4,,73,personal_frequency
user_000000_000003,13,9,0,3,0.0,73,personal_frequency
user_000000_000004,13,7,0,3,0.0,73,personal_frequency
user_000000_000005,7,1,0,5,0.0,73,personal_frequency
user_000000_000006,8,2,0,5,0.0,73,personal_frequency
user_000000_000007,11,2,0,7,0.0,73,personal_frequency
user_000000_000008,15,11,0,0,0.0,73,personal_frequency
user_000000_000009,14,9,0,4,0.0,73,personal_frequency
user_000000_000010,12,2,0,3,0.0,73,personal_frequency
user_000000_000011,14,6,0,3,0.0,73,personal_frequency
user_000000_000012,8,3,0,3,0.0,73,personal_frequency
user_000000_000013,14,9,0,3,0.0,73,personal_frequency
user_000000_000014,14,4,0,6,0.0,73,personal_frequency
user_000000_000015,12,5,0,7,0.0,73,personal_frequency
user_000000_000016,12,4,0,3,0.0,73,personal_frequency
user_000000_000017,10,2,0,4,0.0,73,personal_frequency
user_000000_000018,14,8,0,3,0.0,73,personal_frequency
user_000000_000019,15,8,0,2,0.0,73,personal_frequency
user_000000_000020,12,5,0,4,0.0,73,personal_frequency
user_000000_000021,11,7,0,4,0.0,73,personal_frequency
user_000000_000022,11,2,0,5,0.0,73,personal_frequency
user_000000_000023,11,7,0,2,0.0,73,personal_frequency
user_000000_000024,8,5,0,3,0.0,73,personal_frequency
user_000000_000025,12,3,0,5,0.0,73,personal_frequency
user_000000_000026,14,8,0,2,0.0,73,personal_frequency
user_000000_000027,13,7,0,5,0.0,73,personal_frequency
user_000000_000028,10,3,0,6,0.0,73,personal_frequency
user_000000_000029,5,1,0,4,0.0,73,personal_frequency
user_000000_000030,13,8,0,5,0.0,73,personal_frequency
user_000000_000031,9,4,0,4,0.0,73,personal_frequency
user_000000_000032,6,1,0,5,0.0,73,personal_frequency
user_000000_000033,13,6,0,4,0.0,73,personal_frequency
user_000000_000034,15,11,0,2,0.0,73,personal_frequency
user_000000_000035,11,3,0,5,0.0,73,personal_frequency
user_000000_000036,14,10,0,3,0.0,73,personal_frequency
user_000000_000037,11,5,0,5,0.0,73,personal_frequency
user_000000_000038,13,7,0,3,0.0,73,personal_frequency
user_000000_000039,10,5,0,5,0.0,73,personal_frequency
user_000000_000040,14,6,0,4,0.0,73,personal_frequency
user_000000_000041,8,5,0,3,0.0,73,personal_frequency
user_000000_000042,14,6,0,3,0.0,73,personal_frequency
user_000000_000043,5,2,0,3,0.0,73,personal_frequency
user_000000_000044,14,8,0,2,0.0,73,personal_frequency
user_000000_000045,14,11,0,0,0.0,73,personal_frequency
user_000000_000046,14,6,0,5,0.0,73,personal_frequency
user_000000_000047,14,5,0,3,0.0,73,personal_frequency
user_000000_000048,8,2,0,5,0.0,73,personal_frequency
user_000000_000049,8,3,0,2,0.0,73,personal_frequency
user_000000_000050,8,5,0,3,0.0,73,personal_frequency
user_000000_000051,9,4,0,2,0.0,73,personal_frequency
user_000000_000052,7,1,0,6,0.0,73,personal_frequency
user_000000_000053,15,9,0,2,0.0,73,personal_frequency
user_000000_000054,13,7,0,4,0.0,73,personal_frequency
user_000000_000055,14,10,0,1,0.0,73,personal_frequency
user_000000_000056,5,0,0,5,,73,personal_frequency
user_000000_000057,15,7,0,4,0.0,73,personal_frequency
user_000000_000058,13,5,0,3,0.0,73,personal_frequency
user_000000_000059,12,2,0,5,0.0,73,personal_frequency
user_000000_000060,9,4,0,4,0.0,73,personal_frequency
user_000000_000061,7,1,0,6,0.0,73,personal_frequency
user_000000_000062,13,8,0,4,0.0,73,personal_frequency
user_000000_000063,12,3,0,5,0.0,73,personal_frequency
user_000000_000064,14,9,0,2,0.0,73,personal_frequency
user_000000_000065,8,2,0,5,0.0,73,personal_frequency
user_000000_000066,14,9,0,4,0.0,73,personal_frequency
user_000000_000067,14,11,0,1,0.0,73,personal_frequency
user_000000_000068,12,7,0,2,0.0,73,personal_frequency
user_000000_000069,8,3,0,4,0.0,73,personal_frequency
user_000000_000070,10,2,0,5,0.0,73,personal_frequency
user_000000_000071,12,6,0,3,0.0,73,personal_frequency
user_000000_000072,14,7,0,3,0.0,73,personal_frequency
user_000000_000073,9,1,0,4,0.0,73,personal_frequency
user_000000_000074,12,6,0,1,0.0,73,personal_frequency
user_000000_000075,14,8,0,3,0.0,73,personal_frequency
user_000000_000076,8,5,0,3,0.0,73,personal_frequency
user_000000_000077,12,8,0,4,0.0,73,personal_frequency
user_000000_000078,13,8,0,1,0.0,73,personal_frequency
user_000000_000079,13,10,0,0,0.0,73,personal_frequency
user_000000_000080,7,4,0,3,0.0,73,personal_frequency
user_000000_000081,12,3,0,6,0.0,73,personal_frequency
user_000000_000082,11,7,0,4,0.0,73,personal_frequency
user_000000_000083,14,10,0,3,0.0,73,personal_frequency
user_000000_000084,10,5,0,4,0.0,73,personal_frequency
user_000000_000085,10,5,0,4,0.0,73,personal_frequency
user_000000_000086,14,7,0,5,0.0,73,personal_frequency
user_000000_000087,13,7,0,1,0.0,73,personal_frequency
user_000000_000088,15,8,0,3,0.0,73,personal_frequency
user_000000_000089,14,9,0,2,0.0,73,personal_frequency
user_000000_000090,14,10,0,1,0.0,73,personal_frequency
user_000000_000091,11,4,0,4,0.0,73,personal_frequency
user_000000_000092,6,1,0,5,0.0,73,personal_frequency
user_000000_000093,14,12,0,1,0.0,73,personal_frequency
user_000000_000094,14,13,0,1,0.0,73,personal_frequency
user_000000_000095,9,3,0,6,0.0,73,personal_frequency
user_000000_000096,13,10,0,3,0.0,73,personal_frequency
user_000000_000097,14,4,0,3,0.0,73,personal_frequency
user_000000_000098,14,6,0,4,0.0,73,personal_frequency
user_000000_000099,14,8,0,5,0.0,73,personal_frequency
user_000000_000100,10,8,0,2,0.0,73,personal_frequency
user_000000_000101,14,8,0,3,0.0,73,personal_frequency
user_000000_000102,13,8,0,2,0.0,73,personal_frequency
user_000000_000103,14,10,0,3,0.0,73,personal_frequency
user_000000_000104,10,6,0,3,0.0,73,personal_frequency
user_000000_000105,11,5,0,2,0.0,73,personal_frequency
user_000000_000106,14,9,0,2,0.0,73,personal_frequency
user_000000_000107,14,10,0,2,0.0,73,personal_frequency
user_000000_000108,12,3,0,6,0.0,73,personal_frequency
user_000000_000109,14,3,0,6,0.0,73,personal_frequency
user_000000_000110,14,7,0,4,0.0,73,personal_frequency
user_000000_000111,13,10,0,3,0.0,73,personal_frequency
user_000000_000112,6,2,0,4,0.0,73,personal_frequency
user_000000_000113,12,3,0,5,0.0,73,personal_frequency
user_000000_000114,9,3,0,6,0.0,73,personal_frequency
user_000000_000115,12,8,0,1,0.0,73,personal_frequency
user_000000_000116,11,6,0,4,0.0,73,personal_frequency
user_000000_000117,9,2,0,5,0.0,73,personal_frequency
user_000000_000118,14,9,0,2,0.0,73,personal_frequency
user_000000_000119,14,8,0,2,0.0,73,personal_frequency
user_000000_000120,14,6,0,4,0.0,73,personal_frequency
user_000000_000121,10,5,0,4,0.0,73,personal_frequency
user_000000_000122,6,1,0,5,0.0,73,personal_frequency
user_000000_000123,8,7,0,1,0.0,73,personal_frequency
user_000000_000124,14,7,0,3,0.0,73,personal_frequency
user_000000_000125,14,5,0,3,0.0,73,personal_frequency
user_000000_000126,8,1,0,5,0.0,73,personal_frequency
user_000000_000127,12,7,0,2,0.0,73,personal_frequency
user_000000_000128,14,12,0,2,0.0,73,personal_frequency
user_000000_000129,14,8,0,3,0.0,73,personal_frequency
user_000000_000130,13,5,0,5,0.0,73,personal_frequency
user_000000_000131,13,6,0,5,0.0,73,personal_frequency
user_000000_000132,12,5,0,4,0.0,73,personal_frequency
user_000000_000133,10,5,0,5,0.0,73,personal_frequency
user_000000_000134,7,1,0,4,0.0,73,personal_frequency
user_000000_000135,15,9,0,2,0.0,73,personal_frequency
user_000000_000136,13,8,0,4,0.0,73,personal_frequency
user_000000_000137,14,6,0,3,0.0,73,personal_frequency
user_000000_000138,10,6,0,4,0.0,73,personal_frequency
user_000000_000139,10,2,0,6,0.0,73,personal_frequency
user_000000_000140,6,1,0,5,0.0,73,personal_frequency
user_000000_000141,13,5,0,6,0.0,73,personal_frequency
user_000000_000142,14,4,0,6,0.0,73,personal_frequency
user_000000_000143,8,4,0,4,0.0,73,personal_frequency
user_000000_000144,14,5,0,7,0.0,73,personal_frequency
user_000000_000145,10,5,0,4,0.0,73,personal_frequency
user_000000_000146,15,9,0,2,0.0,73,personal_frequency
user_000000_000147,12,3,0,7,0.0,73,personal_frequency
user_000000_000148,15,10,0,1,0.0,73,personal_frequency
user_000000_000149,11,4,0,4,0.0,73,personal_frequency
user_000000_000150,14,11,0,3,0.0,73,personal_frequency
user_000000_000151,15,12,0,1,0.0,73,personal_frequency
user_000000_000152,6,2,0,4,0.0,73,personal_frequency
user_000000_000153,14,9,0,3,0.0,73,personal_frequency
user_000000_000154,8,5,0,3,0.0,73,personal_frequency
user_000000_000155,14,8,0,5,0.0,73,personal_frequency
user_000000_000156,14,7,0,4,0.0,73,personal_frequency
user_000000_000157,10,3,0,3,0.0,73,personal_frequency
user_000000_000158,10,2,0,6,0.0,73,personal_frequency
user_000000_000159,10,4,0,4,0.0,73,personal_frequency
user_000000_000160,12,4,0,2,0.0,73,personal_frequency
user_000000_000161,14,5,0,5,0.0,73,personal_frequency
user_000000_000162,7,0,0,6,,73,personal_frequency
user_000000_000163,15,10,0,3,0.0,73,personal_frequency
user_000000_000164,13,7,0,2,0.0,73,personal_frequency
user_000000_000165,7,4,0,3,0.0,73,personal_frequency
user_000000_000166,9,5,0,3,0.0,73,personal_frequency
user_000000_000167,13,8,0,3,0.0,73,personal_frequency
user_000000_000168,9,3,0,4,0.0,73,personal_frequency
user_000000_000169,8,2,0,6,0.0,73,personal_frequency
user_000000_000170,12,7,0,2,0.0,73,personal_frequency
user_000000_000171,12,8,0,2,0.0,73,personal_frequency
user_000000_000172,11,5,0,3,0.0,73,personal_frequency
user_000000_000173,14,9,0,2,0.0,73,personal_frequency
user_000000_000174,14,7,0,2,0.0,73,personal_frequency
user_000000_000175,14,10,0,2,0.0,73,personal_frequency
user_000000_000176,15,6,0,3,0.0,73,personal_frequency
user_000000_000177,10,2,0,5,0.0,73,personal_frequency
user_000000_000178,14,10,0,1,0.0,73,personal_frequency
user_000000_000179,15,10,0,3,0.0,73,personal_frequency
user_000000_000180,11,5,0,3,0.0,73,personal_frequency
user_000000_000181,12,4,0,5,0.0,73,personal_frequency
user_000000_000182,6,0,0,6,,73,personal_frequency
user_000000_000183,12,8,0,3,0.0,73,personal_frequency
user_000000_000184,15,11,0,1,0.0,73,personal_frequency
user_000000_000185,12,6,0,3,0.0,73,personal_frequency
user_000000_000186,7,1,0,6,0.0,73,personal_frequency
user_000000_000187,13,4,0,3,0.0,73,personal_frequency
user_000000_000188,14,11,0,1,0.0,73,personal_frequency
user_000000_000189,14,6,0,4,0.0,73,personal_frequency
user_000000_000190,12,4,0,5,0.0,73,personal_frequency
user_000000_000191,13,7,0,3,0.0,73,personal_frequency
user_000000_000192,13,4,0,5,0.0,73,personal_frequency
user_000000_000193,14,7,0,3,0.0,73,personal_frequency
user_000000_000194,14,8,0,3,0.0,73,personal_frequency
user_000000_000195,15,12,0,2,0.0,73,personal_frequency
user_000000_000196,11,3,0,5,0.0,73,personal_frequency
user_000000_000197,14,10,0,1,0.0,73,personal_frequency
user_000000_000198,14,6,0,5,0.0,73,personal_frequency
user_000000_000199,15,8,0,4,0.0,73,personal_frequency
user_000000_000200,13,7,0,3,0.0,73,personal_frequency
user_000000_000201,14,7,0,2,0.0,73,personal_frequency
user_000000_000202,13,9,0,3,0.0,73,personal_frequency
user_000000_000203,11,6,0,4,0.0,73,personal_frequency
user_000000_000204,14,7,0,3,0.0,73,personal_frequency
user_000000_000205,12,5,0,6,0.0,73,personal_frequency
user_000000_000206,14,9,0,3,0.0,73,personal_frequency
user_000000_000207,11,3,0,5,0.0,73,personal_frequency
user_000000_000208,10,5,0,3,0.0,73,personal_frequency
user_000000_000209,13,4,0,5,0.0,73,personal_frequency
user_000000_000210,9,6,0,2,0.0,73,personal_frequency
user_000000_000211,9,2,0,5,0.0,73,personal_frequency
user_000000_000212,11,1,0,5,0.0,73,personal_frequency
user_000000_000213,15,8,0,4,0.0,73,personal_frequency
user_000000_000214,12,5,0,5,0.0,73,personal_frequency
user_000000_000215,15,10,0,3,0.0,73,personal_frequency
user_000000_000216,9,3,0,3,0.0,73,personal_frequency
user_000000_000217,15,9,0,3,0.0,73,personal_frequency
user_000000_000218,11,6,0,2,0.0,73,personal_frequency
user_000000_000219,13,6,0,4,0.0,73,personal_frequency
user_000000_000220,13,7,0,3,0.0,73,personal_frequency
user_000000_000221,11,4,0,4,0.0,73,personal_frequency
user_000000_000222,10,3,0,5,0.0,73,personal_frequency
user_000000_000223,1,0,0,1,,73,personal_frequency
user_000000_000224,13,5,0,5,0.0,73,personal_frequency
user_000000_000225,7,4,0,3,0.0,73,personal_frequency
user_000000_000226,13,6,0,4,0.0,73,personal_frequency
user_000000_000227,5,0,0,5,,73,personal_frequency
user_000000_000228,13,6,0,4,0.0,73,personal_frequency
user_000000_000229,11,4,0,5,0.0,73,personal_frequency
user_000000_000230,13,7,0,4,0.0,73,personal_frequency
user_000000_000231,9,6,0,2,0.0,73,personal_frequency
user_000000_000232,15,10,0,1,0.0,73,personal_frequency
user_000000_000233,11,6,0,4,0.0,73,personal_frequency
user_000000_000234,10,3,0,6,0.0,73,personal_frequency
user_000000_000235,10,8,0,1,0.0,73,personal_frequency
user_000000_000236,8,1,0,6,0.0,73,personal_frequency
user_000000_000237,12,3,0,6,0.0,73,personal_frequency
user_000000_000238,14,9,0,2,0.0,73,personal_frequency
user_000000_000239,10,2,0,7,0.0,73,personal_frequency
user_000000_000240,14,10,0,1,0.0,73,personal_frequency
user_000000_000241,13,8,0,4,0.0,73,personal_frequency
user_000000_000242,12,3,0,4,0.0,73,personal_frequency
user_000000_000243,13,5,0,4,0.0,73,personal_frequency
user_000000_000244,12,8,0,3,0.0,73,personal_frequency
user_000000_000245,14,11,0,1,0.0,73,personal_frequency
user_000000_000246,7,1,0,6,0.0,73,personal_frequency
user_000000_000247,12,8,0,4,0.0,73,personal_frequency
user_000000_000248,14,6,0,4,0.0,73,personal_frequency
user_000000_000249,13,7,0,2,0.0,73,personal_frequency
user_000000_000250,8,4,0,3,0.0,73,personal_frequency
user_000000_000251,12,7,0,1,0.0,73,personal_frequency
user_000000_000252,12,6,0,3,0.0,73,personal_frequency
user_000000_000253,8,3,0,5,0.0,73,personal_frequency
user_000000_000254,8,4,0,4,0.0,73,personal_frequency
user_000000_000255,12,9,0,2,0.0,73,personal_frequency
user_000000_000256,15,8,0,3,0.0,73,personal_frequency
user_000000_000257,5,1,0,4,0.0,73,personal_frequency
user_000000_000258,12,7,0,3,0.0,73,personal_frequency
user_000000_000259,14,7,0,3,0.0,73,personal_frequency
user_000000_000260,11,6,0,4,0.0,73,personal_frequency
user_000000_000261,12,6,0,5,0.0,73,personal_frequency
user_000000_000262,9,0,0,7,,73,personal_frequency
user_000000_000263,11,6,0,2,0.0,73,personal_frequency
user_000000_000264,12,3,0,5,0.0,73,personal_frequency
user_000000_000265,15,10,0,3,0.0,73,personal_frequency
user_000000_000266,8,5,0,3,0.0,73,personal_frequency
user_000000_000267,11,5,0,3,0.0,73,personal_frequency
user_000000_000268,8,4,0,4,0.0,73,personal_frequency
user_000000_000269,10,2,0,3,0.0,73,personal_frequency
user_000000_000270,9,5,0,2,0.0,73,personal_frequency
user_000000_000271,14,10,0,2,0.0,73,personal_frequency
user_000000_000272,7,2,0,5,0.0,73,personal_frequency
user_000000_000273,10,4,0,4,0.0,73,personal_frequency
user_000000_000274,7,4,0,2,0.0,73,personal_frequency
user_000000_000275,12,3,0,7,0.0,73,personal_frequency
user_000000_000276,14,4,0,4,0.0,73,personal_frequency
user_000000_000277,8,2,0,6,0.0,73,personal_frequency
user_000000_000278,14,7,0,1,0.0,73,personal_frequency
user_000000_000279,9,1,0,6,0.0,73,personal_frequency
user_000000_000280,11,5,0,3,0.0,73,personal_frequency
user_000000_000281,14,5,0,6,0.0,73,personal_frequency
user_000000_000282,6,1,0,5,0.0,73,personal_frequency
user_000000_000283,14,4,0,4,0.0,73,personal_frequency
user_000000_000284,9,2,0,4,0.0,73,personal_frequency
user_000000_000285,12,7,0,4,0.0,73,personal_frequency
user_000000_000286,13,6,0,3,0.0,73,personal_frequency
user_000000_000287,9,1,0,5,0.0,73,personal_frequency
user_000000_000288,14,8,0,2,0.0,73,personal_frequency
user_000000_000289,7,0,0,6,,73,personal_frequency
user_000000_000290,6,1,0,5,0.0,73,personal_frequency
user_000000_000291,6,0,0,6,,73,personal_frequency
user_000000_000292,6,1,0,5,0.0,73,personal_frequency
user_000000_000293,10,5,0,3,0.0,73,personal_frequency
user_000000_000294,14,10,0,3,0.0,73,personal_frequency
user_000000_000295,9,2,0,6,0.0,73,personal_frequency
user_000000_000296,13,7,0,3,0.0,73,personal_frequency
user_000000_000297,13,9,0,1,0.0,73,personal_frequency
user_000000_000298,11,4,0,5,0.0,73,personal_frequency
user_000000_000299,11,1,0,4,0.0,73,personal_frequency
user_000000_000300,11,3,0,4,0.0,73,personal_frequency
user_000000_000301,15,11,0,0,0.0,73,personal_frequency
user_000000_000302,9,1,0,6,0.0,73,personal_frequency
user_000000_000303,10,2,0,5,0.0,73,personal_frequency
user_000000_000304,15,7,0,3,0.0,73,personal_frequency
user_000000_000305,14,12,0,1,0.0,73,personal_frequency
user_000000_000306,13,6,0,4,0.0,73,personal_frequency
user_000000_000307,13,5,0,4,0.0,73,personal_frequency
user_000000_000308,15,8,0,2,0.0,73,personal_frequency
user_000000_000309,13,9,0,1,0.0,73,personal_frequency
user_000000_000310,6,1,0,5,0.0,73,personal_frequency
user_000000_000311,11,6,0,3,0.0,73,personal_frequency
user_000000_000312,11,8,0,3,0.0,73,personal_frequency
user_000000_000313,14,8,0,4,0.0,73,personal_frequency
user_000000_000314,14,8,0,4,0.0,73,personal_frequency
user_000000_000315,11,7,0,2,0.0,73,personal_frequency
user_000000_000316,13,8,0,2,0.0,73,personal_frequency
user_000000_000317,12,2,0,5,0.0,73,personal_frequency
user_000000_000318,6,1,0,4,0.0,73,personal_frequency
user_000000_000319,7,1,0,6,0.0,73,personal_frequency
user_000000_000320,11,5,0,4,0.0,73,personal_frequency
user_000000_000321,13,10,0,2,0.0,73,personal_frequency
user_000000_000322,13,8,0,3,0.0,73,personal_frequency
user_000000_000323,9,5,0,2,0.0,73,personal_frequency
user_000000_000324,5,0,0,5,,73,personal_frequency
user_000000_000325,7,3,0,2,0.0,73,personal_frequency
user_000000_000326,15,13,0,1,0.0,73,personal_frequency
user_000000_000327,12,6,0,3,0.0,73,personal_frequency
user_000000_000328,10,2,0,5,0.0,73,personal_frequency
user_000000_000329,12,6,0,4,0.0,73,personal_frequency
user_000000_000330,11,4,0,4,0.0,73,personal_frequency
user_000000_000331,12,5,0,3,0.0,73,personal_frequency
user_000000_000332,12,8,0,3,0.0,73,personal_frequency
user_000000_000333,12,7,0,2,0.0,73,personal_frequency
user_000000_000334,8,2,0,4,0.0,73,personal_frequency
user_000000_000335,13,9,0,3,0.0,73,personal_frequency
user_000000_000336,14,9,0,2,0.0,73,personal_frequency
user_000000_000337,11,7,0,4,0.0,73,personal_frequency
user_000000_000338,11,4,0,5,0.0,73,personal_frequency
user_000000_000339,9,1,0,8,0.0,73,personal_frequency
user_000000_000340,13,5,0,6,0.0,73,personal_frequency
user_000000_000341,5,1,0,3,0.0,73,personal_frequency
user_000000_000342,15,9,0,3,0.0,73,personal_frequency
user_000000_000343,9,1,0,6,0.0,73,personal_frequency
user_000000_000344,11,7,0,2,0.0,73,personal_frequency
user_000000_000345,15,12,0,3,0.0,73,personal_frequency
user_000000_000346,13,6,0,4,0.0,73,personal_frequency
user_000000_000347,15,10,0,3,0.0,73,personal_frequency
user_000000_000348,14,12,0,0,0.0,73,personal_frequency
user_000000_000349,12,4,0,2,0.0,73,personal_frequency
user_000000_000350,14,1,0,6,0.0,73,personal_frequency
user_000000_000351,7,1,0,5,0.0,73,personal_frequency
user_000000_000352,10,6,0,2,0.0,73,personal_frequency
user_000000_000353,13,5,0,5,0.0,73,personal_frequency
user_000000_000354,14,7,0,1,0.0,73,personal_frequency
user_000000_000355,14,7,0,5,0.0,73,personal_frequency
user_000000_000356,15,7,0,2,0.0,73,personal_frequency
user_000000_000357,11,5,0,4,0.0,73,personal_frequency
user_000000_000358,13,6,0,4,0.0,73,personal_frequency
user_000000_000359,11,4,0,4,0.0,73,personal_frequency
user_000000_000360,13,8,0,5,0.0,73,personal_frequency
user_000000_000361,6,0,0,5,,73,personal_frequency
user_000000_000362,8,4,0,3,0.0,73,personal_frequency
user_000000_000363,14,4,0,2,0.0,73,personal_frequency
user_000000_000364,14,6,0,3,0.0,73,personal_frequency
user_000000_000365,14,11,0,2,0.0,73,personal_frequency
user_000000_000366,13,8,0,3,0.0,73,personal_frequency
user_000000_000367,10,1,0,7,0.0,73,personal_frequency
user_000000_000368,10,4,0,3,0.0,73,personal_frequency
user_000000_000369,14,8,0,2,0.0,73,personal_frequency
user_000000_000370,11,3,0,5,0.0,73,personal_frequency
user_000000_000371,15,6,0,4,0.0,73,personal_frequency
user_000000_000372,13,8,0,4,0.0,73,personal_frequency
user_000000_000373,13,9,0,2,0.0,73,personal_frequency
user_000000_000374,15,4,0,3,0.0,73,personal_frequency
user_000000_000375,9,3,0,5,0.0,73,personal_frequency
user_000000_000376,13,9,0,3,0.0,73,personal_frequency
user_000000_000377,15,6,0,5,0.0,73,personal_frequency
user_000000_000378,13,5,0,3,0.0,73,personal_frequency
user_000000_000379,14,10,0,1,0.0,73,personal_frequency
user_000000_000380,14,10,0,4,0.0,73,personal_frequency
user_000000_000381,13,2,0,6,0.0,73,personal_frequency
user_000000_000382,10,7,0,2,0.0,73,personal_frequency
user_000000_000383,8,2,0,3,0.0,73,personal_frequency
user_000000_000384,14,10,0,2,0.0,73,personal_frequency
user_000000_000385,14,12,0,0,0.0,73,personal_frequency
user_000000_000386,10,6,0,3,0.0,73,personal_frequency
user_000000_000387,11,6,0,3,0.0,73,personal_frequency
user_000000_000388,14,7,0,5,0.0,73,personal_frequency
user_000000_000389,14,6,0,4,0.0,73,personal_frequency
user_000000_000390,14,8,0,2,0.0,73,personal_frequency
user_000000_000391,14,7,0,6,0.0,73,personal_frequency
user_000000_000392,15,7,0,3,0.0,73,personal_frequency
user_000000_000393,15,9,0,2,0.0,73,personal_frequency
user_000000_000394,13,6,0,4,0.0,73,personal_frequency
user_000000_000395,11,3,0,7,0.0,73,personal_frequency
user_000000_000396,12,5,0,4,0.0,73,personal_frequency
user_000000_000397,4,1,0,3,0.0,73,personal_frequency
user_000000_000398,11,5,0,3,0.0,73,personal_frequency
user_000000_000399,9,2,0,6,0.0,73,personal_frequency
user_000000_000400,15,13,0,1,0.0,73,personal_frequency
user_000000_000401,11,8,0,2,0.0,73,personal_frequency
user_000000_000402,15,10,0,1,0.0,73,personal_frequency
user_000000_000403,12,3,0,4,0.0,73,personal_frequency
user_000000_000404,9,3,0,5,0.0,73,personal_frequency
user_000000_000405,11,4,0,1,0.0,73,personal_frequency
user_000000_000406,11,8,0,2,0.0,73,personal_frequency
user_000000_000407,14,9,0,1,0.0,73,personal_frequency
user_000000_000408,12,4,0,2,0.0,73,personal_frequency
user_000000_000409,13,9,0,4,0.0,73,personal_frequency
user_000000_000410,4,1,0,2,0.0,73,personal_frequency
user_000000_000411,2,0,0,2,,73,personal_frequency
user_000000_000412,14,8,0,3,0.0,73,personal_frequency
user_000000_000413,13,11,0,2,0.0,73,personal_frequency
user_000000_000414,13,3,0,3,0.0,73,personal_frequency
user_000000_000415,14,10,0,2,0.0,73,personal_frequency
user_000000_000416,13,4,0,3,0.0,73,personal_frequency
user_000000_000417,12,4,0,4,0.0,73,personal_frequency
user_000000_000418,13,4,0,5,0.0,73,personal_frequency
user_000000_000419,14,7,0,2,0.0,73,personal_frequency
user_000000_000420,15,13,0,0,0.0,73,personal_frequency
user_000000_000421,12,5,0,6,0.0,73,personal_frequency
user_000000_000422,11,4,0,6,0.0,73,personal_frequency
user_000000_000423,12,5,0,5,0.0,73,personal_frequency
user_000000_000424,11,5,0,3,0.0,73,personal_frequency
user_000000_000425,15,11,0,1,0.0,73,personal_frequency
user_000000_000426,10,5,0,4,0.0,73,personal_frequency
user_000000_000427,10,8,0,2,0.0,73,personal_frequency
user_000000_000428,13,8,0,5,0.0,73,personal_frequency
user_000000_000429,14,12,0,1,0.0,73,personal_frequency
user_000000_000430,9,5,0,2,0.0,73,personal_frequency
user_000000_000431,7,3,0,4,0.0,73,personal_frequency
user_000000_000432,14,7,0,5,0.0,73,personal_frequency
user_000000_000433,7,0,0,7,,73,personal_frequency
user_000000_000434,10,6,0,2,0.0,73,personal_frequency
user_000000_000435,13,9,0,1,0.0,73,personal_frequency
user_000000_000436,11,4,0,6,0.0,73,personal_frequency
user_000000_000437,15,10,0,1,0.0,73,personal_frequency
user_000000_000438,10,5,0,3,0.0,73,personal_frequency
user_000000_000439,8,3,0,5,0.0,73,personal_frequency
user_000000_000440,12,7,0,2,0.0,73,personal_frequency
user_000000_000441,12,7,0,2,0.0,73,personal_frequency
user_000000_000442,14,8,0,3,0.0,73,personal_frequency
user_000000_000443,5,0,0,5,,73,personal_frequency
user_000000_000444,15,12,0,1,0.0,73,personal_frequency
user_000000_000445,11,5,0,4,0.0,73,personal_frequency
user_000000_000446,11,4,0,4,0.0,73,personal_frequency
user_000000_000447,6,0,0,4,,73,personal_frequency
user_000000_000448,8,4,0,4,0.0,73,personal_frequency
user_000000_000449,12,3,0,4,0.0,73,personal_frequency
user_000000_000450,11,5,0,4,0.0,73,personal_frequency
user_000000_000451,9,4,0,5,0.0,73,personal_frequency
user_000000_000452,5,0,0,5,,73,personal_frequency
user_000000_000453,15,10,0,3,0.0,73,personal_frequency
user_000000_000454,9,1,0,8,0.0,73,personal_frequency
user_000000_000455,14,10,0,3,0.0,73,personal_frequency
user_000000_000456,11,3,0,7,0.0,73,personal_frequency
user_000000_000457,7,3,0,4,0.0,73,personal_frequency
user_000000_000458,13,7,0,1,0.0,73,personal_frequency
user_000000_000459,8,4,0,1,0.0,73,personal_frequency
user_000000_000460,14,8,0,2,0.0,73,personal_frequency
user_000000_000461,5,2,0,3,0.0,73,personal_frequency
user_000000_000462,11,6,0,3,0.0,73,personal_frequency
user_000000_000463,12,7,0,2,0.0,73,personal_frequency
user_000000_000464,12,7,0,4,0.0,73,personal_frequency
user_000000_000465,14,8,0,1,0.0,73,personal_frequency
user_000000_000466,15,12,0,1,0.0,73,personal_frequency
user_000000_000467,15,8,0,3,0.0,73,personal_frequency
user_000000_000468,12,5,0,6,0.0,73,personal_frequency
user_000000_000469,14,9,0,2,0.0,73,personal_frequency
user_000000_000470,14,6,0,3,0.0,73,personal_frequency
user_000000_000471,8,0,0,7,,73,personal_frequency
user_000000_000472,10,5,0,2,0.0,73,personal_frequency
user_000000_000473,12,3,0,4,0.0,73,personal_frequency
user_000000_000474,8,6,0,2,0.0,73,personal_frequency
user_000000_000475,8,4,0,4,0.0,73,personal_frequency
user_000000_000476,8,2,0,5,0.0,73,personal_frequency
user_000000_000477,12,5,0,5,0.0,73,personal_frequency
user_000000_000478,13,9,0,2,0.0,73,personal_frequency
user_000000_000479,13,7,0,3,0.0,73,personal_frequency
user_000000_000480,7,2,0,3,0.0,73,personal_frequency
user_000000_000481,11,3,0,5,0.0,73,personal_frequency
user_000000_000482,10,2,0,6,0.0,73,personal_frequency
user_000000_000483,14,10,0,4,0.0,73,personal_frequency
user_000000_000484,11,7,0,4,0.0,73,personal_frequency
user_000000_000485,13,7,0,4,0.0,73,personal_frequency
user_000000_000486,15,12,0,1,0.0,73,personal_frequency
user_000000_000487,14,6,0,6,0.0,73,personal_frequency
user_000000_000488,12,4,0,3,0.0,73,personal_frequency
user_000000_000489,15,7,0,5,0.0,73,personal_frequency
user_000000_000490,12,6,0,3,0.0,73,personal_frequency
user_000000_000491,7,1,0,6,0.0,73,personal_frequency
user_000000_000492,13,7,0,2,0.0,73,personal_frequency
user_000000_000493,10,6,0,4,0.0,73,personal_frequency
user_000000_000494,13,3,0,4,0.0,73,personal_frequency
user_000000_000495,14,6,0,3,0.0,73,personal_frequency
user_000000_000496,11,5,0,4,0.0,73,personal_frequency
user_000000_000497,14,3,0,5,0.0,73,personal_frequency
user_000000_000498,13,7,0,3,0.0,73,personal_frequency
user_000000_000499,13,8,0,4,0.0,73,personal_frequency
user_000000_000500,7,4,0,3,0.0,73,personal_frequency
user_000000_000501,11,7,0,2,0.0,73,personal_frequency
user_000000_000502,12,8,0,3,0.0,73,personal_frequency
user_000000_000503,14,10,0,3,0.0,73,personal_frequency
user_000000_000504,7,2,0,2,0.0,73,personal_frequency
user_000000_000505,7,1,0,6,0.0,73,personal_frequency
user_000000_000506,7,3,0,4,0.0,73,personal_frequency
user_000000_000507,11,4,0,4,0.0,73,personal_frequency
user_000000_000508,12,3,0,7,0.0,73,personal_frequency
user_000000_000509,14,9,0,3,0.0,73,personal_frequency
user_000000_000510,10,2,0,3,0.0,73,personal_frequency
user_000000_000511,10,2,0,8,0.0,73,personal_frequency
user_000000_000512,11,0,0,8,,73,personal_frequency
user_000000_000513,13,7,0,2,0.0,73,personal_frequency
user_000000_000514,13,4,0,4,0.0,73,personal_frequency
user_000000_000515,7,1,0,6,0.0,73,personal_frequency
user_000000_000516,14,9,0,2,0.0,73,personal_frequency
user_000000_000517,8,3,0,1,0.0,73,personal_frequency
user_000000_000518,10,6,0,3,0.0,73,personal_frequency
user_000000_000519,14,3,0,5,0.0,73,personal_frequency
user_000000_000520,11,4,0,6,0.0,73,personal_frequency
user_000000_000521,11,4,0,2,0.0,73,personal_frequency
user_000000_000522,10,5,0,5,0.0,73,personal_frequency
user_000000_000523,6,3,0,2,0.0,73,personal_frequency
user_000000_000524,15,11,0,3,0.0,73,personal_frequency
user_000000_000525,14,8,0,2,0.0,73,personal_frequency
user_000000_000526,10,5,0,5,0.0,73,personal_frequency
user_000000_000527,9,5,0,3,0.0,73,personal_frequency
user_000000_000528,7,1,0,5,0.0,73,personal_frequency
user_000000_000529,13,4,0,3,0.0,73,personal_frequency
user_000000_000530,13,11,0,1,0.0,73,personal_frequency
user_000000_000531,14,11,0,0,0.0,73,personal_frequency
user_000000_000532,15,9,0,3,0.0,73,personal_frequency
user_000000_000533,14,7,0,4,0.0,73,personal_frequency
user_000000_000534,15,7,0,3,0.0,73,personal_frequency
user_000000_000535,8,4,0,3,0.0,73,personal_frequency
user_000000_000536,13,7,0,2,0.0,73,personal_frequency
user_000000_000537,12,5,0,4,0.0,73,personal_frequency
user_000000_000538,4,0,0,4,,73,personal_frequency
user_000000_000539,15,7,0,2,0.0,73,personal_frequency
user_000000_000540,14,11,0,2,0.0,73,personal_frequency
user_000000_000541,11,4,0,4,0.0,73,personal_frequency
user_000000_000542,9,1,0,5,0.0,73,personal_frequency
user_000000_000543,15,7,0,5,0.0,73,personal_frequency
user_000000_000544,7,1,0,6,0.0,73,personal_frequency
user_000000_000545,10,4,0,5,0.0,73,personal_frequency
user_000000_000546,12,4,0,4,0.0,73,personal_frequency
user_000000_000547,14,9,0,2,0.0,73,personal_frequency
user_000000_000548,9,3,0,4,0.0,73,personal_frequency
user_000000_000549,15,13,0,0,0.0,73,personal_frequency
user_000000_000550,10,6,0,4,0.0,73,personal_frequency
user_000000_000551,15,11,0,2,0.0,73,personal_frequency
user_000000_000552,14,8,0,3,0.0,73,personal_frequency
user_000000_000553,13,3,0,7,0.0,73,personal_frequency
user_000000_000554,12,4,0,5,0.0,73,personal_frequency
user_000000_000555,12,4,0,6,0.0,73,personal_frequency
user_000000_000556,12,6,0,1,0.0,73,personal_frequency
user_000000_000557,9,3,0,4,0.0,73,personal_frequency
user_000000_000558,14,5,0,5,0.0,73,personal_frequency
user_000000_000559,12,8,0,3,0.0,73,personal_frequency
user_000000_000560,11,5,0,6,0.0,73,personal_frequency
user_000000_000561,7,4,0,2,0.0,73,personal_frequency
user_000000_000562,6,0,0,6,,73,personal_frequency
user_000000_000563,11,5,0,4,0.0,73,personal_frequency
user_000000_000564,9,1,0,3,0.0,73,personal_frequency
user_000000_000565,15,9,0,0,0.0,73,personal_frequency
user_000000_000566,15,12,0,2,0.0,73,personal_frequency
user_000000_000567,10,3,0,1,0.0,73,personal_frequency
user_000000_000568,10,4,0,4,0.0,73,personal_frequency
user_000000_000569,4,1,0,3,0.0,73,personal_frequency
user_000000_000570,9,4,0,4,0.0,73,personal_frequency
user_000000_000571,13,5,0,3,0.0,73,personal_frequency
user_000000_000572,7,2,0,3,0.0,73,personal_frequency
user_000000_000573,14,9,0,2,0.0,73,personal_frequency
user_000000_000574,14,10,0,2,0.0,73,personal_frequency
user_000000_000575,5,0,0,4,,73,personal_frequency
user_000000_000576,13,6,0,3,0.0,73,personal_frequency
user_000000_000577,15,11,0,3,0.0,73,personal_frequency
user_000000_000578,14,9,0,2,0.0,73,personal_frequency
user_000000_000579,15,11,0,2,0.0,73,personal_frequency
user_000000_000580,15,10,0,3,0.0,73,personal_frequency
user_000000_000581,12,7,0,4,0.0,73,personal_frequency
user_000000_000582,10,2,0,5,0.0,73,personal_frequency
user_000000_000583,9,4,0,4,0.0,73,personal_frequency
user_000000_000584,11,2,0,5,0.0,73,personal_frequency
user_000000_000585,11,2,0,6,0.0,73,personal_frequency
user_000000_000586,15,12,0,2,0.0,73,personal_frequency
user_000000_000587,14,9,0,5,0.0,73,personal_frequency
user_000000_000588,6,0,0,5,,73,personal_frequency
user_000000_000589,14,10,0,1,0.0,73,personal_frequency
user_000000_000590,13,7,0,2,0.0,73,personal_frequency
user_000000_000591,15,9,0,3,0.0,73,personal_frequency
user_000000_000592,15,10,0,1,0.0,73,personal_frequency
user_000000_000593,12,10,0,2,0.0,73,personal_frequency
user_000000_000594,14,7,0,2,0.0,73,personal_frequency
user_000000_000595,13,7,0,3,0.0,73,personal_frequency
user_000000_000596,9,4,0,3,0.0,73,personal_frequency
user_000000_000597,14,7,0,5,0.0,73,personal_frequency
user_000000_000598,14,6,0,1,0.0,73,personal_frequency
user_000000_000599,9,4,0,4,0.0,73,personal_frequency
user_000000_000600,14,10,0,3,0.0,73,personal_frequency
user_000000_000601,14,6,0,1,0.0,73,personal_frequency
user_000000_000602,8,2,0,4,0.0,73,personal_frequency
user_000000_000603,8,1,0,6,0.0,73,personal_frequency
user_000000_000604,11,5,0,4,0.0,73,personal_frequency
user_000000_000605,6,1,0,5,0.0,73,personal_frequency
user_000000_000606,14,8,0,0,0.0,73,personal_frequency
user_000000_000607,12,6,0,3,0.0,73,personal_frequency
user_000000_000608,11,6,0,5,0.0,73,personal_frequency
user_000000_000609,12,1,0,8,0.0,73,personal_frequency
user_000000_000610,15,4,0,3,0.0,73,personal_frequency
user_000000_000611,14,7,0,3,0.0,73,personal_frequency
user_000000_000612,13,6,0,4,0.0,73,personal_frequency
user_000000_000613,15,10,0,1,0.0,73,personal_frequency
user_000000_000614,12,5,0,5,0.0,73,personal_frequency
user_000000_000615,12,7,0,2,0.0,73,personal_frequency
user_000000_000616,14,9,0,4,0.0,73,personal_frequency
user_000000_000617,15,7,0,1,0.0,73,personal_frequency
user_000000_000618,10,5,0,2,0.0,73,personal_frequency
user_000000_000619,12,7,0,3,0.0,73,personal_frequency
user_000000_000620,15,7,0,4,0.0,73,personal_frequency
user_000000_000621,11,4,0,4,0.0,73,personal_frequency
user_000000_000622,11,5,0,3,0.0,73,personal_frequency
user_000000_000623,11,8,0,2,0.0,73,personal_frequency
user_000000_000624,13,7,0,4,0.0,73,personal_frequency
user_000000_000625,12,2,0,8,0.0,73,personal_frequency
user_000000_000626,13,8,0,4,0.0,73,personal_frequency
user_000000_000627,15,9,0,3,0.0,73,personal_frequency
user_000000_000628,9,4,0,2,0.0,73,personal_frequency
user_000000_000629,11,6,0,4,0.0,73,personal_frequency
user_000000_000630,13,4,0,4,0.0,73,personal_frequency
user_000000_000631,12,3,0,5,0.0,73,personal_frequency
user_000000_000632,13,6,0,4,0.0,73,personal_frequency
user_000000_000633,10,4,0,3,0.0,73,personal_frequency
user_000000_000634,9,3,0,5,0.0,73,personal_frequency
user_000000_000635,14,8,0,2,0.0,73,personal_frequency
user_000000_000636,11,6,0,4,0.0,73,personal_frequency
user_000000_000637,9,4,0,5,0.0,73,personal_frequency
user_000000_000638,15,9,0,1,0.0,73,personal_frequency
user_000000_000639,12,5,0,4,0.0,73,personal_frequency
user_000000_000640,14,8,0,4,0.0,73,personal_frequency
user_000000_000641,13,5,0,5,0.0,73,personal_frequency
user_000000_000642,13,7,0,2,0.0,73,personal_frequency
user_000000_000643,6,4,0,2,0.0,73,personal_frequency
user_000000_000644,5,0,0,5,,73,personal_frequency
user_000000_000645,9,3,0,3,0.0,73,personal_frequency
user_000000_000646,15,7,0,5,0.0,73,personal_frequency
user_000000_000647,12,3,0,7,0.0,73,personal_frequency
user_000000_000648,13,8,0,2,0.0,73,personal_frequency
user_000000_000649,5,1,0,2,0.0,73,personal_frequency
user_000000_000650,14,11,0,1,0.0,73,personal_frequency
user_000000_000651,13,3,0,4,0.0,73,personal_frequency
user_000000_000652,11,2,0,7,0.0,73,personal_frequency
user_000000_000653,12,4,0,6,0.0,73,personal_frequency
user_000000_000654,10,4,0,6,0.0,73,personal_frequency
user_000000_000655,14,10,0,2,0.0,73,personal_frequency
user_000000_000656,15,8,0,4,0.0,73,personal_frequency
user_000000_000657,7,0,0,7,,73,personal_frequency
user_000000_000658,15,10,0,2,0.0,73,personal_frequency
user_000000_000659,6,2,0,2,0.0,73,personal_frequency
user_000000_000660,9,3,0,5,0.0,73,personal_frequency
user_000000_000661,15,7,0,5,0.0,73,personal_frequency
user_000000_000662,12,2,0,6,0.0,73,personal_frequency
user_000000_000663,12,8,0,3,0.0,73,personal_frequency
user_000000_000664,8,3,0,3,0.0,73,personal_frequency
user_000000_000665,13,8,0,2,0.0,73,personal_frequency
user_000000_000666,14,4,0,6,0.0,73,personal_frequency
user_000000_000667,14,8,0,3,0.0,73,personal_frequency
user_000000_000668,10,5,0,3,0.0,73,personal_frequency
user_000000_000669,13,1,0,7,0.0,73,personal_frequency
user_000000_000670,12,8,0,2,0.0,73,personal_frequency
user_000000_000671,7,0,0,7,,73,personal_frequency
user_000000_000672,7,1,0,6,0.0,73,personal_frequency
user_000000_000673,12,4,0,3,0.0,73,personal_frequency
user_000000_000674,12,8,0,3,0.0,73,personal_frequency
user_000000_000675,8,5,0,3,0.0,73,personal_frequency
user_000000_000676,12,6,0,2,0.0,73,personal_frequency
user_000000_000677,11,5,0,5,0.0,73,personal_frequency
user_000000_000678,11,7,0,2,0.0,73,personal_frequency
user_000000_000679,14,7,0,3,0.0,73,personal_frequency
user_000000_000680,11,3,0,2,0.0,73,personal_frequency
user_000000_000681,13,7,0,3,0.0,73,personal_frequency
user_000000_000682,11,3,0,3,0.0,73,personal_frequency
user_000000_000683,14,6,0,5,0.0,73,personal_frequency
user_000000_000684,6,2,0,4,0.0,73,personal_frequency
user_000000_000685,14,6,0,1,0.0,73,personal_frequency
user_000000_000686,14,8,0,4,0.0,73,personal_frequency
user_000000_000687,11,3,0,4,0.0,73,personal_frequency
user_000000_000688,13,10,0,1,0.0,73,personal_frequency
user_000000_000689,14,7,0,3,0.0,73,personal_frequency
user_000000_000690,9,4,0,5,0.0,73,personal_frequency
user_000000_000691,13,4,0,3,0.0,73,personal_frequency
user_000000_000692,14,6,0,3,0.0,73,personal_frequency
user_000000_000693,12,3,0,6,0.0,73,personal_frequency
user_000000_000694,8,2,0,5,0.0,73,personal_frequency
user_000000_000695,9,2,0,7,0.0,73,personal_frequency
user_000000_000696,12,2,0,6,0.0,73,personal_frequency
user_000000_000697,12,4,0,6,0.0,73,personal_frequency
user_000000_000698,11,6,0,5,0.0,73,personal_frequency
user_000000_000699,6,0,0,6,,73,personal_frequency
user_000000_000700,12,2,0,6,0.0,73,personal_frequency
user_000000_000701,8,6,0,1,0.0,73,personal_frequency
user_000000_000702,12,5,0,3,0.0,73,personal_frequency
user_000000_000703,11,5,0,5,0.0,73,personal_frequency
user_000000_000704,12,5,0,6,0.0,73,personal_frequency
user_000000_000705,8,2,0,5,0.0,73,personal_frequency
user_000000_000706,11,5,0,3,0.0,73,personal_frequency
user_000000_000707,15,10,0,2,0.0,73,personal_frequency
user_000000_000708,13,4,0,3,0.0,73,personal_frequency
user_000000_000709,14,7,0,2,0.0,73,personal_frequency
user_000000_000710,13,6,0,5,0.0,73,personal_frequency
user_000000_000711,9,3,0,3,0.0,73,personal_frequency
user_000000_000712,14,10,0,3,0.0,73,personal_frequency
user_000000_000713,12,5,0,4,0.0,73,personal_frequency
user_000000_000714,14,5,0,4,0.0,73,personal_frequency
user_000000_000715,10,4,0,4,0.0,73,personal_frequency
user_000000_000716,11,5,0,4,0.0,73,personal_frequency
user_000000_000717,14,8,0,2,0.0,73,personal_frequency
user_000000_000718,15,8,0,3,0.0,73,personal_frequency
user_000000_000719,5,2,0,3,0.0,73,personal_frequency
user_000000_000720,15,9,0,2,0.0,73,personal_frequency
user_000000_000721,13,8,0,3,0.0,73,personal_frequency
user_000000_000722,13,5,0,1,0.0,73,personal_frequency
user_000000_000723,13,9,0,3,0.0,73,personal_frequency
user_000000_000724,10,3,0,4,0.0,73,personal_frequency
user_000000_000725,9,4,0,3,0.0,73,personal_frequency
user_000000_000726,12,7,0,3,0.0,73,personal_frequency
user_000000_000727,11,4,0,5,0.0,73,personal_frequency
user_000000_000728,13,6,0,3,0.0,73,personal_frequency
user_000000_000729,10,3,0,3,0.0,73,personal_frequency
user_000000_000730,9,4,0,5,0.0,73,personal_frequency
user_000000_000731,14,6,0,6,0.0,73,personal_frequency
user_000000_000732,7,1,0,6,0.0,73,personal_frequency
user_000000_000733,14,6,0,5,0.0,73,personal_frequency
user_000000_000734,11,3,0,5,0.0,73,personal_frequency
user_000000_000735,15,10,0,3,0.0,73,personal_frequency
user_000000_000736,11,3,0,3,0.0,73,personal_frequency
user_000000_000737,7,2,0,3,0.0,73,personal_frequency
user_000000_000738,13,5,0,6,0.0,73,personal_frequency
user_000000_000739,8,1,0,3,0.0,73,personal_frequency
user_000000_000740,13,6,0,3,0.0,73,personal_frequency
user_000000_000741,9,4,0,4,0.0,73,personal_frequency
user_000000_000742,11,5,0,3,0.0,73,personal_frequency
user_000000_000743,15,8,0,4,0.0,73,personal_frequency
user_000000_000744,15,12,0,2,0.0,73,personal_frequency
user_000000_000745,13,9,0,1,0.0,73,personal_frequency
user_000000_000746,7,0,0,6,,73,personal_frequency
user_000000_000747,11,4,0,5,0.0,73,personal_frequency
user_000000_000748,13,7,0,3,0.0,73,personal_frequency
user_000000_000749,6,2,0,3,0.0,73,personal_frequency
user_000000_000750,4,2,0,2,0.0,73,personal_frequency
user_000000_000751,13,9,0,2,0.0,73,personal_frequency
user_000000_000752,9,4,0,3,0.0,73,personal_frequency
user_000000_000753,8,1,0,7,0.0,73,personal_frequency
user_000000_000754,15,9,0,4,0.0,73,personal_frequency
user_000000_000755,14,9,0,3,0.0,73,personal_frequency
user_000000_000756,10,3,0,5,0.0,73,personal_frequency
user_000000_000757,12,7,0,3,0.0,73,personal_frequency
user_000000_000758,11,5,0,5,0.0,73,personal_frequency
user_000000_000759,15,5,0,4,0.0,73,personal_frequency
user_000000_000760,11,2,0,4,0.0,73,personal_frequency
user_000000_000761,10,1,0,5,0.0,73,personal_frequency
user_000000_000762,14,9,0,2,0.0,73,personal_frequency
user_000000_000763,13,4,0,4,0.0,73,personal_frequency
user_000000_000764,13,5,0,4,0.0,73,personal_frequency
user_000000_000765,10,3,0,5,0.0,73,personal_frequency
user_000000_000766,12,3,0,7,0.0,73,personal_frequency
user_000000_000767,14,9,0,3,0.0,73,personal_frequency
user_000000_000768,15,8,0,4,0.0,73,personal_frequency
user_000000_000769,8,2,0,5,0.0,73,personal_frequency
user_000000_000770,12,5,0,5,0.0,73,personal_frequency
user_000000_000771,12,5,0,6,0.0,73,personal_frequency
user_000000_000772,13,4,0,5,0.0,73,personal_frequency
user_000000_000773,13,8,0,1,0.0,73,personal_frequency
user_000000_000774,14,10,0,1,0.0,73,personal_frequency
user_000000_000775,12,7,0,2,0.0,73,personal_frequency
user_000000_000776,14,7,0,3,0.0,73,personal_frequency
user_000000_000777,15,10,0,1,0.0,73,personal_frequency
user_000000_000778,13,11,0,2,0.0,73,personal_frequency
user_000000_000779,10,2,0,4,0.0,73,personal_frequency
user_000000_000780,15,5,0,7,0.0,73,personal_frequency
user_000000_000781,12,3,0,7,0.0,73,personal_frequency
user_000000_000782,9,2,0,3,0.0,73,personal_frequency
user_000000_000783,9,0,0,6,,73,personal_frequency
user_000000_000784,10,3,0,3,0.0,73,personal_frequency
user_000000_000785,6,1,0,5,0.0,73,personal_frequency
user_000000_000786,15,7,0,5,0.0,73,personal_frequency
user_000000_000787,11,6,0,3,0.0,73,personal_frequency
user_000000_000788,12,8,0,3,0.0,73,personal_frequency
user_000000_000789,14,3,0,5,0.0,73,personal_frequency
user_000000_000790,8,2,0,2,0.0,73,personal_frequency
user_000000_000791,10,2,0,5,0.0,73,personal_frequency
user_000000_000792,13,6,0,6,0.0,73,personal_frequency
user_000000_000793,8,4,0,3,0.0,73,personal_frequency
user_000000_000794,7,2,0,4,0.0,73,personal_frequency
user_000000_000795,13,10,0,3,0.0,73,personal_frequency
user_000000_000796,14,4,0,6,0.0,73,personal_frequency
user_000000_000797,12,3,0,5,0.0,73,personal_frequency
user_000000_000798,14,12,0,1,0.0,73,personal_frequency
user_000000_000799,14,5,0,6,0.0,73,personal_frequency
user_000000_000800,15,10,0,2,0.0,73,personal_frequency
user_000000_000801,6,0,0,6,,73,personal_frequency
user_000000_000802,13,3,0,8,0.0,73,personal_frequency
user_000000_000803,11,4,0,4,0.0,73,personal_frequency
user_000000_000804,13,6,0,3,0.0,73,personal_frequency
user_000000_000805,13,8,0,2,0.0,73,personal_frequency
user_000000_000806,11,0,0,5,,73,personal_frequency
user_000000_000807,8,4,0,4,0.0,73,personal_frequency
user_000000_000808,6,2,0,2,0.0,73,personal_frequency
user_000000_000809,6,0,0,6,,73,personal_frequency
user_000000_000810,12,5,0,3,0.0,73,personal_frequency
user_000000_000811,13,8,0,3,0.0,73,personal_frequency
user_000000_000812,13,5,0,4,0.0,73,personal_frequency
user_000000_000813,14,7,0,4,0.0,73,personal_frequency
user_000000_000814,13,6,0,3,0.0,73,personal_frequency
user_000000_000815,13,9,0,2,0.0,73,personal_frequency
user_000000_000816,10,7,0,3,0.0,73,personal_frequency
user_000000_000817,13,7,0,4,0.0,73,personal_frequency
user_000000_000818,11,5,0,5,0.0,73,personal_frequency
user_000000_000819,12,5,0,4,0.0,73,personal_frequency
user_000000_000820,14,11,0,2,0.0,73,personal_frequency
user_000000_000821,12,4,0,4,0.0,73,personal_frequency
user_000000_000822,15,10,0,3,0.0,73,personal_frequency
user_000000_000823,14,11,0,1,0.0,73,personal_frequency
user_000000_000824,13,7,0,2,0.0,73,personal_frequency
user_000000_000825,15,8,0,3,0.0,73,personal_frequency
user_000000_000826,13,7,0,2,0.0,73,personal_frequency
user_000000_000827,15,11,0,3,0.0,73,personal_frequency
user_000000_000828,14,5,0,4,0.0,73,personal_frequency
user_000000_000829,9,2,0,6,0.0,73,personal_frequency
user_000000_000830,13,7,0,4,0.0,73,personal_frequency
user_000000_000831,15,8,0,3,0.0,73,personal_frequency
user_000000_000832,13,9,0,3,0.0,73,personal_frequency
user_000000_000833,12,5,0,5,0.0,73,personal_frequency
user_000000_000834,12,6,0,2,0.0,73,personal_frequency
user_000000_000835,13,4,0,4,0.0,73,personal_frequency
user_000000_000836,15,7,0,3,0.0,73,personal_frequency
user_000000_000837,5,1,0,4,0.0,73,personal_frequency
user_000000_000838,11,6,0,3,0.0,73,personal_frequency
user_000000_000839,14,6,0,5,0.0,73,personal_frequency
user_000000_000840,10,4,0,3,0.0,73,personal_frequency
user_000000_000841,11,8,0,3,0.0,73,personal_frequency
user_000000_000842,14,8,0,3,0.0,73,personal_frequency
user_000000_000843,10,0,0,7,,73,personal_frequency
user_000000_000844,10,7,0,3,0.0,73,personal_frequency
user_000000_000845,7,2,0,5,0.0,73,personal_frequency
user_000000_000846,15,6,0,2,0.0,73,personal_frequency
user_000000_000847,13,6,0,2,0.0,73,personal_frequency
user_000000_000848,11,2,0,7,0.0,73,personal_frequency
user_000000_000849,9,4,0,4,0.0,73,personal_frequency
user_000000_000850,11,3,0,6,0.0,73,personal_frequency
user_000000_000851,13,7,0,3,0.0,73,personal_frequency
user_000000_000852,13,8,0,2,0.0,73,personal_frequency
user_000000_000853,12,8,0,2,0.0,73,personal_frequency
user_000000_000854,14,4,0,5,0.0,73,personal_frequency
user_000000_000855,15,10,0,4,0.0,73,personal_frequency
user_000000_000856,10,4,0,5,0.0,73,personal_frequency
user_000000_000857,10,3,0,3,0.0,73,personal_frequency
user_000000_000858,10,4,0,5,0.0,73,personal_frequency
user_000000_000859,11,4,0,5,0.0,73,personal_frequency
user_000000_000860,12,6,0,4,0.0,73,personal_frequency
user_000000_000861,8,3,0,3,0.0,73,personal_frequency
user_000000_000862,12,5,0,5,0.0,73,personal_frequency
user_000000_000863,10,4,0,4,0.0,73,personal_frequency
user_000000_000864,10,7,0,1,0.0,73,personal_frequency
user_000000_000865,7,4,0,3,0.0,73,personal_frequency
user_000000_000866,13,8,0,4,0.0,73,personal_frequency
user_000000_000867,14,11,0,1,0.0,73,personal_frequency
user_000000_000868,13,6,0,5,0.0,73,personal_frequency
user_000000_000869,13,10,0,3,0.0,73,personal_frequency
user_000000_000870,13,9,0,1,0.0,73,personal_frequency
user_000000_000871,7,3,0,4,0.0,73,personal_frequency
user_000000_000872,11,6,0,4,0.0,73,personal_frequency
user_000000_000873,5,3,0,2,0.0,73,personal_frequency
user_000000_000874,15,9,0,2,0.0,73,personal_frequency
user_000000_000875,15,4,0,5,0.0,73,personal_frequency
user_000000_000876,12,5,0,6,0.0,73,personal_frequency
user_000000_000877,14,9,0,2,0.0,73,personal_frequency
user_000000_000878,14,6,0,2,0.0,73,personal_frequency
user_000000_000879,15,7,0,5,0.0,73,personal_frequency
user_000000_000880,13,8,0,4,0.0,73,personal_frequency
user_000000_000881,10,5,0,4,0.0,73,personal_frequency
user_000000_000882,13,5,0,5,0.0,73,personal_frequency
user_000000_000883,13,9,0,3,0.0,73,personal_frequency
user_000000_000884,13,7,0,3,0.0,73,personal_frequency
user_000000_000885,12,7,0,3,0.0,73,personal_frequency
user_000000_000886,9,5,0,2,0.0,73,personal_frequency
user_000000_000887,13,9,0,2,0.0,73,personal_frequency
user_000000_000888,10,4,0,5,0.0,73,personal_frequency
user_000000_000889,13,3,0,5,0.0,73,personal_frequency
user_000000_000890,15,11,0,1,0.0,73,personal_frequency
user_000000_000891,14,8,0,1,0.0,73,personal_frequency
user_000000_000892,14,10,0,2,0.0,73,personal_frequency
user_000000_000893,9,3,0,5,0.0,73,personal_frequency
user_000000_000894,15,12,0,2,0.0,73,personal_frequency
user_000000_000895,12,5,0,4,0.0,73,personal_frequency
user_000000_000896,10,5,0,2,0.0,73,personal_frequency
user_000000_000897,8,2,0,4,0.0,73,personal_frequency
user_000000_000898,11,3,0,6,0.0,73,personal_frequency
user_000000_000899,15,9,0,1,0.0,73,personal_frequency
user_000000_000900,11,2,0,5,0.0,73,personal_frequency
user_000000_000901,11,3,0,5,0.0,73,personal_frequency
user_000000_000902,7,3,0,4,0.0,73,personal_frequency
user_000000_000903,13,6,0,4,0.0,73,personal_frequency
user_000000_000904,11,8,0,2,0.0,73,personal_frequency
user_000000_000905,13,7,0,5,0.0,73,personal_frequency
user_000000_000906,15,7,0,2,0.0,73,personal_frequency
user_000000_000907,10,4,0,5,0.0,73,personal_frequency
user_000000_000908,14,8,0,3,0.0,73,personal_frequency
user_000000_000909,7,0,0,7,,73,personal_frequency
user_000000_000910,10,2,0,5,0.0,73,personal_frequency
user_000000_000911,13,6,0,4,0.0,73,personal_frequency
user_000000_000912,15,5,0,4,0.0,73,personal_frequency
user_000000_000913,14,11,0,0,0.0,73,personal_frequency
user_000000_000914,11,2,0,6,0.0,73,personal_frequency
user_000000_000915,13,4,0,8,0.0,73,personal_frequency
user_000000_000916,13,8,0,4,0.0,73,personal_frequency
user_000000_000917,12,7,0,2,0.0,73,personal_frequency
user_000000_000918,12,1,0,9,0.0,73,personal_frequency
user_000000_000919,13,8,0,1,0.0,73,personal_frequency
user_000000_000920,15,9,0,3,0.0,73,personal_frequency
user_000000_000921,13,2,0,4,0.0,73,personal_frequency
user_000000_000922,15,11,0,3,0.0,73,personal_frequency
user_000000_000923,14,4,0,5,0.0,73,personal_frequency
user_000000_000924,14,9,0,3,0.0,73,personal_frequency
user_000000_000925,12,4,0,7,0.0,73,personal_frequency
user_000000_000926,14,6,0,3,0.0,73,personal_frequency
user_000000_000927,11,6,0,3,0.0,73,personal_frequency
user_000000_000928,11,3,0,7,0.0,73,personal_frequency
user_000000_000929,13,7,0,2,0.0,73,personal_frequency
user_000000_000930,15,7,0,3,0.0,73,personal_frequency
user_000000_000931,14,10,0,1,0.0,73,personal_frequency
user_000000_000932,13,9,0,3,0.0,73,personal_frequency
user_000000_000933,11,7,0,3,0.0,73,personal_frequency
user_000000_000934,15,10,0,2,0.0,73,personal_frequency
user_000000_000935,5,0,0,4,,73,personal_frequency
user_000000_000936,11,4,0,3,0.0,73,personal_frequency
user_000000_000937,8,2,0,4,0.0,73,personal_frequency
user_000000_000938,6,3,0,3,0.0,73,personal_frequency
user_000000_000939,12,6,0,3,0.0,73,personal_frequency
user_000000_000940,7,2,0,5,0.0,73,personal_frequency
user_000000_000941,14,7,0,4,0.0,73,personal_frequency
user_000000_000942,13,6,0,4,0.0,73,personal_frequency
user_000000_000943,8,1,0,6,0.0,73,personal_frequency
user_000000_000944,11,5,0,5,0.0,73,personal_frequency
user_000000_000945,14,11,0,1,0.0,73,personal_frequency
user_000000_000946,14,5,0,6,0.0,73,personal_frequency
user_000000_000947,10,4,0,6,0.0,73,personal_frequency
user_000000_000948,13,5,0,4,0.0,73,personal_frequency
user_000000_000949,13,10,0,2,0.0,73,personal_frequency
user_000000_000950,10,6,0,2,0.0,73,personal_frequency
user_000000_000951,14,7,0,2,0.0,73,personal_frequency
user_000000_000952,13,5,0,3,0.0,73,personal_frequency
user_000000_000953,12,6,0,3,0.0,73,personal_frequency
user_000000_000954,12,6,0,4,0.0,73,personal_frequency
user_000000_000955,11,4,0,4,0.0,73,personal_frequency
user_000000_000956,13,6,0,2,0.0,73,personal_frequency
user_000000_000957,11,5,0,3,0.0,73,personal_frequency
user_000000_000958,5,0,0,5,,73,personal_frequency
user_000000_000959,9,4,0,5,0.0,73,personal_frequency
user_000000_000960,10,2,0,5,0.0,73,personal_frequency
user_000000_000961,11,3,0,4,0.0,73,personal_frequency
user_000000_000962,12,5,0,2,0.0,73,personal_frequency
user_000000_000963,15,6,0,4,0.0,73,personal_frequency
user_000000_000964,9,3,0,3,0.0,73,personal_frequency
user_000000_000965,11,6,0,2,0.0,73,personal_frequency
user_000000_000966,14,9,0,2,0.0,73,personal_frequency
user_000000_000967,8,2,0,5,0.0,73,personal_frequency
user_000000_000968,9,2,0,3,0.0,73,personal_frequency
user_000000_000969,13,9,0,3,0.0,73,personal_frequency
user_000000_000970,6,2,0,4,0.0,73,personal_frequency
user_000000_000971,14,7,0,2,0.0,73,personal_frequency
user_000000_000972,14,8,0,6,0.0,73,personal_frequency
user_000000_000973,10,4,0,4,0.0,73,personal_frequency
user_000000_000974,15,9,0,2,0.0,73,personal_frequency
user_000000_000975,15,10,0,3,0.0,73,personal_frequency
user_000000_000976,15,11,0,1,0.0,73,personal_frequency
user_000000_000977,9,3,0,6,0.0,73,personal_frequency
user_000000_000978,7,1,0,4,0.0,73,personal_frequency
user_000000_000979,8,3,0,5,0.0,73,personal_frequency
user_000000_000980,12,7,0,3,0.0,73,personal_frequency
user_000000_000981,13,6,0,2,0.0,73,personal_frequency
user_000000_000982,14,12,0,1,0.0,73,personal_frequency
user_000000_000983,14,10,0,3,0.0,73,personal_frequency
user_000000_000984,12,3,0,5,0.0,73,personal_frequency
user_000000_000985,11,8,0,3,0.0,73,personal_frequency
user_000000_000986,12,4,0,2,0.0,73,personal_frequency
user_000000_000987,10,4,0,5,0.0,73,personal_frequency
user_000000_000988,10,4,0,5,0.0,73,personal_frequency
user_000000_000989,14,7,0,3,0.0,73,personal_frequency
user_000000_000990,15,14,0,1,0.0,73,personal_frequency
user_000000_000991,13,9,0,1,0.0,73,personal_frequency
user_000000_000992,9,6,0,3,0.0,73,personal_frequency
user_000000_000993,15,7,0,6,0.0,73,personal_frequency
user_000000_000994,15,6,0,6,0.0,73,personal_frequency
user_000000_000995,15,9,0,5,0.0,73,personal_frequency
user_000000_000996,12,3,0,5,0.0,73,personal_frequency
user_000000_000997,11,8,0,2,0.0,73,personal_frequency
user_000000_000998,10,0,0,7,,73,personal_frequency
user_000000_000999,13,6,0,4,0.0,73,personal_frequency
user_000000_001000,12,5,0,4,0.0,73,personal_frequency
user_000000_001001,9,3,0,3,0.0,73,personal_frequency
user_000000_001002,14,9,0,2,0.0,73,personal_frequency
user_000000_001003,10,1,0,3,0.0,73,personal_frequency
user_000000_001004,14,5,0,3,0.0,73,personal_frequency
user_000000_001005,12,7,0,2,0.0,73,personal_frequency
user_000000_001006,7,0,0,7,,73,personal_frequency
user_000000_001007,12,3,0,5,0.0,73,personal_frequency
user_000000_001008,8,4,0,3,0.0,73,personal_frequency
user_000000_001009,8,4,0,3,0.0,73,personal_frequency
user_000000_001010,13,8,0,4,0.0,73,personal_frequency
user_000000_001011,14,8,0,2,0.0,73,personal_frequency
user_000000_001012,9,3,0,5,0.0,73,personal_frequency
user_000000_001013,5,3,0,2,0.0,73,personal_frequency
user_000000_001014,9,2,0,3,0.0,73,personal_frequency
user_000000_001015,12,6,0,3,0.0,73,personal_frequency
user_000000_001016,9,5,0,3,0.0,73,personal_frequency
user_000000_001017,8,1,0,3,0.0,73,personal_frequency
user_000000_001018,15,11,0,3,0.0,73,personal_frequency
user_000000_001019,9,5,0,3,0.0,73,personal_frequency
user_000000_001020,13,5,0,5,0.0,73,personal_frequency
user_000000_001021,15,11,0,2,0.0,73,personal_frequency
user_000000_001022,9,4,0,2,0.0,73,personal_frequency
user_000000_001023,13,8,0,2,0.0,73,personal_frequency
user_000000_001024,15,7,0,4,0.0,73,personal_frequency
user_000000_001025,12,5,0,3,0.0,73,personal_frequency
user_000000_001026,12,7,0,3,0.0,73,personal_frequency
user_000000_001027,11,2,0,4,0.0,73,personal_frequency
user_000000_001028,13,7,0,3,0.0,73,personal_frequency
user_000000_001029,12,6,0,2,0.0,73,personal_frequency
user_000000_001030,14,10,0,3,0.0,73,personal_frequency
user_000000_001031,13,7,0,2,0.0,73,personal_frequency
user_000000_001032,11,2,0,6,0.0,73,personal_frequency
user_000000_001033,11,6,0,3,0.0,73,personal_frequency
user_000000_001034,13,9,0,2,0.0,73,personal_frequency
user_000000_001035,13,7,0,1,0.0,73,personal_frequency
user_000000_001036,14,9,0,3,0.0,73,personal_frequency
user_000000_001037,12,5,0,3,0.0,73,personal_frequency
user_000000_001038,11,4,0,5,0.0,73,personal_frequency
user_000000_001039,11,4,0,4,0.0,73,personal_frequency
user_000000_001040,7,2,0,4,0.0,73,personal_frequency
user_000000_001041,14,7,0,4,0.0,73,personal_frequency
user_000000_001042,11,6,0,4,0.0,73,personal_frequency
user_000000_001043,8,1,0,5,0.0,73,personal_frequency
user_000000_001044,10,5,0,2,0.0,73,personal_frequency
user_000000_001045,10,1,0,6,0.0,73,personal_frequency
user_000000_001046,8,2,0,4,0.0,73,personal_frequency
user_000000_001047,12,8,0,3,0.0,73,personal_frequency
user_000000_001048,5,0,0,5,,73,personal_frequency
user_000000_001049,7,0,0,7,,73,personal_frequency
user_000000_001050,12,7,0,2,0.0,73,personal_frequency
user_000000_001051,12,3,0,4,0.0,73,personal_frequency
user_000000_001052,13,5,0,3,0.0,73,personal_frequency
user_000000_001053,7,2,0,5,0.0,73,personal_frequency
user_000000_001054,9,2,0,5,0.0,73,personal_frequency
user_000000_001055,12,5,0,4,0.0,73,personal_frequency
user_000000_001056,14,8,0,3,0.0,73,personal_frequency
user_000000_001057,7,1,0,5,0.0,73,personal_frequency
user_000000_001058,12,7,0,4,0.0,73,personal_frequency
user_000000_001059,10,2,0,6,0.0,73,personal_frequency
user_000000_001060,14,7,0,1,0.0,73,personal_frequency
user_000000_001061,11,3,0,4,0.0,73,personal_frequency
user_000000_001062,11,7,0,4,0.0,73,personal_frequency
user_000000_001063,10,8,0,2,0.0,73,personal_frequency
user_000000_001064,14,13,0,1,0.0,73,personal_frequency
user_000000_001065,15,13,0,1,0.0,73,personal_frequency
user_000000_001066,12,8,0,3,0.0,73,personal_frequency
user_000000_001067,9,2,0,3,0.0,73,personal_frequency
user_000000_001068,10,6,0,2,0.0,73,personal_frequency
user_000000_001069,13,6,0,2,0.0,73,personal_frequency
user_000000_001070,13,6,0,4,0.0,73,personal_frequency
user_000000_001071,14,10,0,3,0.0,73,personal_frequency
user_000000_001072,12,7,0,1,0.0,73,personal_frequency
user_000000_001073,14,5,0,5,0.0,73,personal_frequency
user_000000_001074,13,5,0,3,0.0,73,personal_frequency
user_000000_001075,10,4,0,5,0.0,73,personal_frequency
user_000000_001076,14,8,0,3,0.0,73,personal_frequency
user_000000_001077,15,10,0,3,0.0,73,personal_frequency
user_000000_001078,12,5,0,4,0.0,73,personal_frequency
user_000000_001079,14,9,0,4,0.0,73,personal_frequency
user_000000_001080,14,11,0,2,0.0,73,personal_frequency
user_000000_001081,10,5,0,3,0.0,73,personal_frequency
user_000000_001082,11,4,0,4,0.0,73,personal_frequency
user_000000_001083,14,8,0,3,0.0,73,personal_frequency
user_000000_001084,6,1,0,5,0.0,73,personal_frequency
user_000000_001085,12,6,0,4,0.0,73,personal_frequency
user_000000_001086,13,9,0,2,0.0,73,personal_frequency
user_000000_001087,7,1,0,6,0.0,73,personal_frequency
user_000000_001088,10,3,0,6,0.0,73,personal_frequency
user_000000_001089,12,3,0,4,0.0,73,personal_frequency
user_000000_001090,12,4,0,5,0.0,73,personal_frequency
user_000000_001091,11,6,0,2,0.0,73,personal_frequency
user_000000_001092,11,5,0,6,0.0,73,personal_frequency
user_000000_001093,11,2,0,5,0.0,73,personal_frequency
user_000000_001094,9,1,0,6,0.0,73,personal_frequency
user_000000_001095,13,10,0,1,0.0,73,personal_frequency
user_000000_001096,11,6,0,2,0.0,73,personal_frequency
user_000000_001097,10,4,0,5,0.0,73,personal_frequency
user_000000_001098,13,6,0,4,0.0,73,personal_frequency
user_000000_001099,14,8,0,4,0.0,73,personal_frequency
user_000000_001100,12,11,0,1,0.0,73,personal_frequency
user_000000_001101,13,9,0,4,0.0,73,personal_frequency
user_000000_001102,14,10,0,3,0.0,73,personal_frequency
user_000000_001103,14,8,0,2,0.0,73,personal_frequency
user_000000_001104,6,0,0,6,,73,personal_frequency
user_000000_001105,6,0,0,6,,73,personal_frequency
user_000000_001106,11,3,0,5,0.0,73,personal_frequency
user_000000_001107,12,7,0,3,0.0,73,personal_frequency
user_000000_001108,11,5,0,3,0.0,73,personal_frequency
user_000000_001109,10,6,0,3,0.0,73,personal_frequency
user_000000_001110,14,10,0,3,0.0,73,personal_frequency
user_000000_001111,10,1,0,6,0.0,73,personal_frequency
user_000000_001112,12,3,0,6,0.0,73,personal_frequency
user_000000_001113,14,6,0,2,0.0,73,personal_frequency
user_000000_001114,5,0,0,4,,73,personal_frequency
user_000000_001115,12,2,0,4,0.0,73,personal_frequency
user_000000_001116,15,12,0,2,0.0,73,personal_frequency
user_000000_001117,7,3,0,2,0.0,73,personal_frequency
user_000000_001118,5,0,0,5,,73,personal_frequency
user_000000_001119,10,5,0,3,0.0,73,personal_frequency
user_000000_001120,14,10,0,2,0.0,73,personal_frequency
user_000000_001121,10,3,0,5,0.0,73,personal_frequency
user_000000_001122,13,7,0,2,0.0,73,personal_frequency
user_000000_001123,12,7,0,5,0.0,73,personal_frequency
user_000000_001124,2,0,0,2,,73,personal_frequency
user_000000_001125,7,0,0,6,,73,personal_frequency
user_000000_001126,10,2,0,5,0.0,73,personal_frequency
user_000000_001127,12,8,0,1,0.0,73,personal_frequency
user_000000_001128,8,2,0,4,0.0,73,personal_frequency
user_000000_001129,14,8,0,3,0.0,73,personal_frequency
user_000000_001130,12,7,0,4,0.0,73,personal_frequency
user_000000_001131,11,5,0,3,0.0,73,personal_frequency
user_000000_001132,15,7,0,2,0.0,73,personal_frequency
user_000000_001133,11,2,0,5,0.0,73,personal_frequency
user_000000_001134,12,8,0,2,0.0,73,personal_frequency
user_000000_001135,6,1,0,5,0.0,73,personal_frequency
user_000000_001136,14,9,0,4,0.0,73,personal_frequency
user_000000_001137,12,7,0,4,0.0,73,personal_frequency
user_000000_001138,12,7,0,3,0.0,73,personal_frequency
user_000000_001139,14,8,0,3,0.0,73,personal_frequency
user_000000_001140,12,5,0,5,0.0,73,personal_frequency
user_000000_001141,12,7,0,3,0.0,73,personal_frequency
user_000000_001142,15,8,0,4,0.0,73,personal_frequency
user_000000_001143,11,6,0,2,0.0,73,personal_frequency
user_000000_001144,11,4,0,6,0.0,73,personal_frequency
user_000000_001145,14,6,0,3,0.0,73,personal_frequency
user_000000_001146,12,4,0,3,0.0,73,personal_frequency
user_000000_001147,12,5,0,4,0.0,73,personal_frequency
user_000000_001148,14,11,0,1,0.0,73,personal_frequency
user_000000_001149,13,6,0,4,0.0,73,personal_frequency
user_000000_001150,10,5,0,4,0.0,73,personal_frequency
user_000000_001151,15,9,0,2,0.0,73,personal_frequency
user_000000_001152,14,4,0,4,0.0,73,personal_frequency
user_000000_001153,10,6,0,2,0.0,73,personal_frequency
user_000000_001154,14,10,0,1,0.0,73,personal_frequency
user_000000_001155,15,6,0,2,0.0,73,personal_frequency
user_000000_001156,15,8,0,3,0.0,73,personal_frequency
user_000000_001157,8,4,0,2,0.0,73,personal_frequency
user_000000_001158,10,4,0,4,0.0,73,personal_frequency
user_000000_001159,15,7,0,3,0.0,73,personal_frequency
user_000000_001160,10,5,0,3,0.0,73,personal_frequency
user_000000_001161,12,6,0,3,0.0,73,personal_frequency
user_000000_001162,14,7,0,3,0.0,73,personal_frequency
user_000000_001163,13,4,0,3,0.0,73,personal_frequency
user_000000_001164,15,12,0,2,0.0,73,personal_frequency
user_000000_001165,13,11,0,1,0.0,73,personal_frequency
user_000000_001166,14,7,0,3,0.0,73,personal_frequency
user_000000_001167,13,3,0,6,0.0,73,personal_frequency
user_000000_001168,15,9,0,2,0.0,73,personal_frequency
user_000000_001169,15,5,0,2,0.0,73,personal_frequency
user_000000_001170,11,6,0,4,0.0,73,personal_frequency
user_000000_001171,14,5,0,2,0.0,73,personal_frequency
user_000000_001172,10,1,0,6,0.0,73,personal_frequency
user_000000_001173,11,5,0,4,0.0,73,personal_frequency
user_000000_001174,13,6,0,4,0.0,73,personal_frequency
user_000000_001175,13,7,0,3,0.0,73,personal_frequency
user_000000_001176,12,5,0,2,0.0,73,personal_frequency
user_000000_001177,12,3,0,6,0.0,73,personal_frequency
user_000000_001178,15,9,0,3,0.0,73,personal_frequency
user_000000_001179,11,2,0,5,0.0,73,personal_frequency
user_000000_001180,12,7,0,1,0.0,73,personal_frequency
user_000000_001181,13,5,0,4,0.0,73,personal_frequency
user_000000_001182,13,9,0,2,0.0,73,personal_frequency
user_000000_001183,7,2,0,4,0.0,73,personal_frequency
user_000000_001184,10,5,0,4,0.0,73,personal_frequency
user_000000_001185,6,1,0,5,0.0,73,personal_frequency
user_000000_001186,15,7,0,3,0.0,73,personal_frequency
user_000000_001187,14,10,0,1,0.0,73,personal_frequency
user_000000_001188,10,7,0,3,0.0,73,personal_frequency
user_000000_001189,13,8,0,4,0.0,73,personal_frequency
user_000000_001190,12,7,0,3,0.0,73,personal_frequency
user_000000_001191,13,8,0,3,0.0,73,personal_frequency
user_000000_001192,13,6,0,6,0.0,73,personal_frequency
user_000000_001193,14,6,0,4,0.0,73,personal_frequency
user_000000_001194,13,5,0,4,0.0,73,personal_frequency
user_000000_001195,13,6,0,3,0.0,73,personal_frequency
user_000000_001196,12,6,0,4,0.0,73,personal_frequency
user_000000_001197,14,7,0,3,0.0,73,personal_frequency
user_000000_001198,15,13,0,1,0.0,73,personal_frequency
user_000000_001199,12,4,0,5,0.0,73,personal_frequency
user_000000_001200,15,13,0,2,0.0,73,personal_frequency
user_000000_001201,13,6,0,3,0.0,73,personal_frequency
user_000000_001202,11,5,0,4,0.0,73,personal_frequency
user_000000_001203,12,7,0,4,0.0,73,personal_frequency
user_000000_001204,13,9,0,2,0.0,73,personal_frequency
user_000000_001205,15,11,0,3,0.0,73,personal_frequency
user_000000_001206,14,4,0,4,0.0,73,personal_frequency
user_000000_001207,12,5,0,5,0.0,73,personal_frequency
user_000000_001208,10,3,0,4,0.0,73,personal_frequency
user_000000_001209,14,6,0,5,0.0,73,personal_frequency
user_000000_001210,13,7,0,2,0.0,73,personal_frequency
user_000000_001211,10,3,0,3,0.0,73,personal_frequency
user_000000_001212,14,11,0,2,0.0,73,personal_frequency
user_000000_001213,6,1,0,5,0.0,73,personal_frequency
user_000000_001214,5,1,0,4,0.0,73,personal_frequency
user_000000_001215,14,11,0,1,0.0,73,personal_frequency
user_000000_001216,12,3,0,6,0.0,73,personal_frequency
user_000000_001217,11,4,0,3,0.0,73,personal_frequency
user_000000_001218,12,4,0,5,0.0,73,personal_frequency
user_000000_001219,14,9,0,5,0.0,73,personal_frequency
user_000000_001220,12,2,0,8,0.0,73,personal_frequency
user_000000_001221,10,2,0,5,0.0,73,personal_frequency
user_000000_001222,14,7,0,5,0.0,73,personal_frequency
user_000000_001223,11,5,0,3,0.0,73,personal_frequency
user_000000_001224,13,4,0,2,0.0,73,personal_frequency
user_000000_001225,7,2,0,5,0.0,73,personal_frequency
user_000000_001226,14,7,0,5,0.0,73,personal_frequency
user_000000_001227,15,8,0,2,0.0,73,personal_frequency
user_000000_001228,13,9,0,3,0.0,73,personal_frequency
user_000000_001229,13,7,0,3,0.0,73,personal_frequency
user_000000_001230,13,8,0,4,0.0,73,personal_frequency
user_000000_001231,13,3,0,6,0.0,73,personal_frequency
user_000000_001232,10,3,0,5,0.0,73,personal_frequency
user_000000_001233,15,8,0,1,0.0,73,personal_frequency
user_000000_001234,12,6,0,4,0.0,73,personal_frequency
user_000000_001235,7,4,0,3,0.0,73,personal_frequency
user_000000_001236,13,5,0,3,0.0,73,personal_frequency
user_000000_001237,14,7,0,3,0.0,73,personal_frequency
user_000000_001238,14,5,0,4,0.0,73,personal_frequency
user_000000_001239,11,7,0,1,0.0,73,personal_frequency
user_000000_001240,15,11,0,3,0.0,73,personal_frequency
user_000000_001241,12,6,0,2,0.0,73,personal_frequency
user_000000_001242,14,12,0,0,0.0,73,personal_frequency
user_000000_001243,15,10,0,1,0.0,73,personal_frequency
user_000000_001244,12,5,0,4,0.0,73,personal_frequency
user_000000_001245,15,12,0,0,0.0,73,personal_frequency
user_000000_001246,12,4,0,5,0.0,73,personal_frequency
user_000000_001247,15,8,0,1,0.0,73,personal_frequency
user_000000_001248,10,4,0,6,0.0,73,personal_frequency
user_000000_001249,14,9,0,3,0.0,73,personal_frequency
user_000000_001250,14,9,0,2,0.0,73,personal_frequency
user_000000_001251,9,5,0,3,0.0,73,personal_frequency
user_000000_001252,13,6,0,2,0.0,73,personal_frequency
user_000000_001253,8,2,0,6,0.0,73,personal_frequency
user_000000_001254,6,1,0,5,0.0,73,personal_frequency
user_000000_001255,12,8,0,3,0.0,73,personal_frequency
user_000000_001256,8,2,0,6,0.0,73,personal_frequency
user_000000_001257,15,9,0,4,0.0,73,personal_frequency
user_000000_001258,8,1,0,6,0.0,73,personal_frequency
user_000000_001259,15,10,0,2,0.0,73,personal_frequency
user_000000_001260,13,7,0,4,0.0,73,personal_frequency
user_000000_001261,13,5,0,6,0.0,73,personal_frequency
user_000000_001262,15,8,0,3,0.0,73,personal_frequency
user_000000_001263,15,9,0,3,0.0,73,personal_frequency
user_000000_001264,15,11,0,1,0.0,73,personal_frequency
user_000000_001265,15,9,0,2,0.0,73,personal_frequency
user_000000_001266,11,3,0,5,0.0,73,personal_frequency
user_000000_001267,14,9,0,2,0.0,73,personal_frequency
user_000000_001268,13,8,0,3,0.0,73,personal_frequency
user_000000_001269,14,4,0,4,0.0,73,personal_frequency
user_000000_001270,12,5,0,4,0.0,73,personal_frequency
user_000000_001271,12,6,0,3,0.0,73,personal_frequency
user_000000_001272,11,5,0,3,0.0,73,personal_frequency
user_000000_001273,11,3,0,5,0.0,73,personal_frequency
user_000000_001274,13,7,0,3,0.0,73,personal_frequency
user_000000_001275,13,7,0,3,0.0,73,personal_frequency
user_000000_001276,9,3,0,4,0.0,73,personal_frequency
user_000000_001277,15,7,0,3,0.0,73,personal_frequency
user_000000_001278,11,5,0,4,0.0,73,personal_frequency
user_000000_001279,14,9,0,1,0.0,73,personal_frequency
user_000000_001280,13,5,0,5,0.0,73,personal_frequency
user_000000_001281,5,1,0,4,0.0,73,personal_frequency
user_000000_001282,12,2,0,5,0.0,73,personal_frequency
user_000000_001283,13,7,0,3,0.0,73,personal_frequency
user_000000_001284,13,3,0,4,0.0,73,personal_frequency
user_000000_001285,11,4,0,6,0.0,73,personal_frequency
user_000000_001286,13,9,0,2,0.0,73,personal_frequency
user_000000_001287,13,10,0,1,0.0,73,personal_frequency
user_000000_001288,12,3,0,6,0.0,73,personal_frequency
user_000000_001289,10,5,0,3,0.0,73,personal_frequency
user_000000_001290,11,1,0,5,0.0,73,personal_frequency
user_000000_001291,9,1,0,6,0.0,73,personal_frequency
user_000000_001292,7,1,0,6,0.0,73,personal_frequency
user_000000_001293,9,6,0,2,0.0,73,personal_frequency
user_000000_001294,7,2,0,4,0.0,73,personal_frequency
user_000000_001295,13,8,0,2,0.0,73,personal_frequency
user_000000_001296,10,1,0,4,0.0,73,personal_frequency
user_000000_001297,14,5,0,2,0.0,73,personal_frequency
user_000000_001298,14,3,0,5,0.0,73,personal_frequency
user_000000_001299,10,6,0,2,0.0,73,personal_frequency
user_000000_001300,7,1,0,6,0.0,73,personal_frequency
user_000000_001301,14,9,0,2,0.0,73,personal_frequency
user_000000_001302,14,7,0,3,0.0,73,personal_frequency
user_000000_001303,12,4,0,5,0.0,73,personal_frequency
user_000000_001304,12,7,0,2,0.0,73,personal_frequency
user_000000_001305,11,6,0,4,0.0,73,personal_frequency
user_000000_001306,6,2,0,4,0.0,73,personal_frequency
user_000000_001307,15,4,0,3,0.0,73,personal_frequency
user_000000_001308,11,5,0,5,0.0,73,personal_frequency
user_000000_001309,15,9,0,2,0.0,73,personal_frequency
user_000000_001310,9,5,0,3,0.0,73,personal_frequency
user_000000_001311,11,6,0,3,0.0,73,personal_frequency
user_000000_001312,15,10,0,3,0.0,73,personal_frequency
user_000000_001313,11,7,0,4,0.0,73,personal_frequency
user_000000_001314,8,0,0,6,,73,personal_frequency
user_000000_001315,10,2,0,5,0.0,73,personal_frequency
user_000000_001316,12,7,0,3,0.0,73,personal_frequency
user_000000_001317,11,2,0,4,0.0,73,personal_frequency
user_000000_001318,10,4,0,4,0.0,73,personal_frequency
user_000000_001319,14,12,0,1,0.0,73,personal_frequency
user_000000_001320,8,2,0,4,0.0,73,personal_frequency
user_000000_001321,14,7,0,3,0.0,73,personal_frequency
user_000000_001322,12,3,0,5,0.0,73,personal_frequency
user_000000_001323,7,1,0,4,0.0,73,personal_frequency
user_000000_001324,13,6,0,5,0.0,73,personal_frequency
user_000000_001325,8,3,0,3,0.0,73,personal_frequency
user_000000_001326,9,3,0,5,0.0,73,personal_frequency
user_000000_001327,8,1,0,6,0.0,73,personal_frequency
user_000000_001328,7,3,0,2,0.0,73,personal_frequency
user_000000_001329,9,6,0,3,0.0,73,personal_frequency
user_000000_001330,5,1,0,2,0.0,73,personal_frequency
user_000000_001331,9,6,0,1,0.0,73,personal_frequency
user_000000_001332,10,3,0,6,0.0,73,personal_frequency
user_000000_001333,15,7,0,4,0.0,73,personal_frequency
user_000000_001334,4,1,0,3,0.0,73,personal_frequency
user_000000_001335,13,5,0,6,0.0,73,personal_frequency
user_000000_001336,13,5,0,6,0.0,73,personal_frequency
user_000000_001337,13,9,0,4,0.0,73,personal_frequency
user_000000_001338,14,10,0,3,0.0,73,personal_frequency
user_000000_001339,5,1,0,3,0.0,73,personal_frequency
user_000000_001340,15,6,0,4,0.0,73,personal_frequency
user_000000_001341,13,7,0,4,0.0,73,personal_frequency
user_000000_001342,8,2,0,6,0.0,73,personal_frequency
user_000000_001343,12,6,0,3,0.0,73,personal_frequency
user_000000_001344,14,9,0,1,0.0,73,personal_frequency
user_000000_001345,14,4,0,3,0.0,73,personal_frequency
user_000000_001346,10,3,0,6,0.0,73,personal_frequency
user_000000_001347,13,6,0,3,0.0,73,personal_frequency
user_000000_001348,12,9,0,1,0.0,73,personal_frequency
user_000000_001349,14,9,0,4,0.0,73,personal_frequency
user_000000_001350,11,8,0,1,0.0,73,personal_frequency
user_000000_001351,11,4,0,5,0.0,73,personal_frequency
user_000000_001352,14,9,0,2,0.0,73,personal_frequency
user_000000_001353,7,1,0,4,0.0,73,personal_frequency
user_000000_001354,9,1,0,6,0.0,73,personal_frequency
user_000000_001355,11,4,0,4,0.0,73,personal_frequency
user_000000_001356,14,7,0,4,0.0,73,personal_frequency
user_000000_001357,13,9,0,2,0.0,73,personal_frequency
user_000000_001358,14,10,0,3,0.0,73,personal_frequency
user_000000_001359,15,10,0,1,0.0,73,personal_frequency
user_000000_001360,10,4,0,5,0.0,73,personal_frequency
user_000000_001361,15,9,0,3,0.0,73,personal_frequency
user_000000_001362,12,6,0,2,0.0,73,personal_frequency
user_000000_001363,12,5,0,6,0.0,73,personal_frequency
user_000000_001364,12,6,0,3,0.0,73,personal_frequency
user_000000_001365,13,9,0,2,0.0,73,personal_frequency
user_000000_001366,14,9,0,3,0.0,73,personal_frequency
user_000000_001367,12,7,0,4,0.0,73,personal_frequency
user_000000_001368,13,12,0,1,0.0,73,personal_frequency
user_000000_001369,13,8,0,3,0.0,73,personal_frequency
user_000000_001370,11,3,0,4,0.0,73,personal_frequency
user_000000_001371,14,9,0,4,0.0,73,personal_frequency
user_000000_001372,12,9,0,2,0.0,73,personal_frequency
user_000000_001373,9,8,0,1,0.0,73,personal_frequency
user_000000_001374,7,1,0,6,0.0,73,personal_frequency
user_000000_001375,14,7,0,4,0.0,73,personal_frequency
user_000000_001376,12,7,0,4,0.0,73,personal_frequency
user_000000_001377,8,3,0,5,0.0,73,personal_frequency
user_000000_001378,15,6,0,3,0.0,73,personal_frequency
user_000000_001379,11,7,0,1,0.0,73,personal_frequency
user_000000_001380,12,4,0,3,0.0,73,personal_frequency
user_000000_001381,13,5,0,5,0.0,73,personal_frequency
user_000000_001382,14,4,0,6,0.0,73,personal_frequency
user_000000_001383,11,2,0,6,0.0,73,personal_frequency
user_000000_001384,15,8,0,4,0.0,73,personal_frequency
user_000000_001385,15,7,0,4,0.0,73,personal_frequency
user_000000_001386,6,2,0,4,0.0,73,personal_frequency
user_000000_001387,10,3,0,3,0.0,73,personal_frequency
user_000000_001388,15,8,0,1,0.0,73,personal_frequency
user_000000_001389,11,3,0,4,0.0,73,personal_frequency
user_000000_001390,14,11,0,1,0.0,73,personal_frequency
user_000000_001391,9,4,0,3,0.0,73,personal_frequency
user_000000_001392,10,4,0,3,0.0,73,personal_frequency
user_000000_001393,13,7,0,3,0.0,73,personal_frequency
user_000000_001394,11,2,0,7,0.0,73,personal_frequency
user_000000_001395,14,10,0,1,0.0,73,personal_frequency
user_000000_001396,4,1,0,2,0.0,73,personal_frequency
user_000000_001397,7,4,0,1,0.0,73,personal_frequency
user_000000_001398,15,7,0,3,0.0,73,personal_frequency
user_000000_001399,15,8,0,2,0.0,73,personal_frequency
user_000000_001400,11,4,0,3,0.0,73,personal_frequency
user_000000_001401,15,10,0,2,0.0,73,personal_frequency
user_000000_001402,15,12,0,2,0.0,73,personal_frequency
user_000000_001403,11,7,0,3,0.0,73,personal_frequency
user_000000_001404,13,8,0,4,0.0,73,personal_frequency
user_000000_001405,14,7,0,4,0.0,73,personal_frequency
user_000000_001406,15,11,0,2,0.0,73,personal_frequency
user_000000_001407,14,10,0,3,0.0,73,personal_frequency
user_000000_001408,12,4,0,4,0.0,73,personal_frequency
user_000000_001409,13,9,0,4,0.0,73,personal_frequency
user_000000_001410,12,3,0,4,0.0,73,personal_frequency
user_000000_001411,9,2,0,7,0.0,73,personal_frequency
user_000000_001412,13,6,0,3,0.0,73,personal_frequency
user_000000_001413,8,4,0,4,0.0,73,personal_frequency
user_000000_001414,13,4,0,4,0.0,73,personal_frequency
user_000000_001415,15,10,0,4,0.0,73,personal_frequency
user_000000_001416,13,10,0,2,0.0,73,personal_frequency
user_000000_001417,12,7,0,3,0.0,73,personal_frequency
user_000000_001418,13,4,0,2,0.0,73,personal_frequency
user_000000_001419,12,5,0,5,0.0,73,personal_frequency
user_000000_001420,14,7,0,3,0.0,73,personal_frequency
user_000000_001421,10,5,0,4,0.0,73,personal_frequency
user_000000_001422,8,1,0,5,0.0,73,personal_frequency
user_000000_001423,12,5,0,2,0.0,73,personal_frequency
user_000000_001424,11,5,0,5,0.0,73,personal_frequency
user_000000_001425,15,5,0,3,0.0,73,personal_frequency
user_000000_001426,13,4,0,5,0.0,73,personal_frequency
user_000000_001427,13,8,0,2,0.0,73,personal_frequency
user_000000_001428,12,6,0,3,0.0,73,personal_frequency
user_000000_001429,11,8,0,1,0.0,73,personal_frequency
user_000000_001430,11,3,0,3,0.0,73,personal_frequency
user_000000_001431,13,6,0,4,0.0,73,personal_frequency
user_000000_001432,11,0,0,9,,73,personal_frequency
user_000000_001433,12,5,0,2,0.0,73,personal_frequency
user_000000_001434,7,2,0,4,0.0,73,personal_frequency
user_000000_001435,9,5,0,4,0.0,73,personal_frequency
user_000000_001436,8,4,0,3,0.0,73,personal_frequency
user_000000_001437,14,4,0,7,0.0,73,personal_frequency
user_000000_001438,12,6,0,5,0.0,73,personal_frequency
user_000000_001439,11,9,0,0,0.0,73,personal_frequency
user_000000_001440,11,6,0,3,0.0,73,personal_frequency
user_000000_001441,14,10,0,1,0.0,73,personal_frequency
user_000000_001442,12,4,0,7,0.0,73,personal_frequency
user_000000_001443,10,3,0,5,0.0,73,personal_frequency
user_000000_001444,12,5,0,7,0.0,73,personal_frequency
user_000000_001445,15,8,0,3,0.0,73,personal_frequency
user_000000_001446,13,7,0,1,0.0,73,personal_frequency
user_000000_001447,12,4,0,3,0.0,73,personal_frequency
user_000000_001448,8,5,0,2,0.0,73,personal_frequency
user_000000_001449,14,11,0,3,0.0,73,personal_frequency
user_000000_001450,7,1,0,4,0.0,73,personal_frequency
user_000000_001451,13,8,0,2,0.0,73,personal_frequency
user_000000_001452,12,6,0,5,0.0,73,personal_frequency
user_000000_001453,11,5,0,5,0.0,73,personal_frequency
user_000000_001454,9,3,0,2,0.0,73,personal_frequency
user_000000_001455,10,5,0,5,0.0,73,personal_frequency
user_000000_001456,9,3,0,6,0.0,73,personal_frequency
user_000000_001457,9,4,0,3,0.0,73,personal_frequency
user_000000_001458,13,6,0,5,0.0,73,personal_frequency
user_000000_001459,12,3,0,2,0.0,73,personal_frequency
user_000000_001460,15,7,0,2,0.0,73,personal_frequency
user_000000_001461,7,2,0,5,0.0,73,personal_frequency
user_000000_001462,15,5,0,1,0.0,73,personal_frequency
user_000000_001463,13,6,0,2,0.0,73,personal_frequency
user_000000_001464,15,6,0,6,0.0,73,personal_frequency
user_000000_001465,11,4,0,4,0.0,73,personal_frequency
user_000000_001466,13,6,0,5,0.0,73,personal_frequency
user_000000_001467,9,2,0,6,0.0,73,personal_frequency
user_000000_001468,8,2,0,4,0.0,73,personal_frequency
user_000000_001469,11,0,0,7,,73,personal_frequency
user_000000_001470,12,4,0,5,0.0,73,personal_frequency
user_000000_001471,5,0,0,5,,73,personal_frequency
user_000000_001472,13,5,0,5,0.0,73,personal_frequency
user_000000_001473,8,3,0,3,0.0,73,personal_frequency
user_000000_001474,10,3,0,2,0.0,73,personal_frequency
user_000000_001475,10,6,0,4,0.0,73,personal_frequency
user_000000_001476,5,0,0,4,,73,personal_frequency
user_000000_001477,7,0,0,4,,73,personal_frequency
user_000000_001478,12,5,0,3,0.0,73,personal_frequency
user_000000_001479,13,9,0,2,0.0,73,personal_frequency
user_000000_001480,11,7,0,4,0.0,73,personal_frequency
user_000000_001481,14,6,0,4,0.0,73,personal_frequency
user_000000_001482,10,4,0,5,0.0,73,personal_frequency
user_000000_001483,10,2,0,5,0.0,73,personal_frequency
user_000000_001484,12,2,0,2,0.0,73,personal_frequency
user_000000_001485,14,9,0,1,0.0,73,personal_frequency
user_000000_001486,13,5,0,5,0.0,73,personal_frequency
user_000000_001487,10,4,0,4,0.0,73,personal_frequency
user_000000_001488,15,11,0,2,0.0,73,personal_frequency
user_000000_001489,5,0,0,5,,73,personal_frequency
user_000000_001490,15,6,0,4,0.0,73,personal_frequency
user_000000_001491,13,2,0,5,0.0,73,personal_frequency
user_000000_001492,14,6,0,4,0.0,73,personal_frequency
user_000000_001493,15,10,0,2,0.0,73,personal_frequency
user_000000_001494,14,8,0,2,0.0,73,personal_frequency
user_000000_001495,12,7,0,3,0.0,73,personal_frequency
user_000000_001496,13,5,0,4,0.0,73,personal_frequency
user_000000_001497,10,5,0,4,0.0,73,personal_frequency
user_000000_001498,4,1,0,3,0.0,73,personal_frequency
user_000000_001499,13,5,0,5,0.0,73,personal_frequency
user_000000_001500,11,2,0,6,0.0,73,personal_frequency
user_000000_001501,13,5,0,5,0.0,73,personal_frequency
user_000000_001502,11,6,0,4,0.0,73,personal_frequency
user_000000_001503,15,7,0,1,0.0,73,personal_frequency
user_000000_001504,12,9,0,3,0.0,73,personal_frequency
user_000000_001505,14,6,0,3,0.0,73,personal_frequency
user_000000_001506,13,8,0,3,0.0,73,personal_frequency
user_000000_001507,8,2,0,5,0.0,73,personal_frequency
user_000000_001508,7,2,0,5,0.0,73,personal_frequency
user_000000_001509,14,7,0,1,0.0,73,personal_frequency
user_000000_001510,11,7,0,2,0.0,73,personal_frequency
user_000000_001511,13,6,0,3,0.0,73,personal_frequency
user_000000_001512,9,5,0,1,0.0,73,personal_frequency
user_000000_001513,13,5,0,2,0.0,73,personal_frequency
user_000000_001514,12,6,0,3,0.0,73,personal_frequency
user_000000_001515,12,7,0,2,0.0,73,personal_frequency
user_000000_001516,15,11,0,1,0.0,73,personal_frequency
user_000000_001517,7,1,0,5,0.0,73,personal_frequency
user_000000_001518,13,5,0,5,0.0,73,personal_frequency
user_000000_001519,15,9,0,4,0.0,73,personal_frequency
user_000000_001520,14,4,0,5,0.0,73,personal_frequency
user_000000_001521,15,7,0,4,0.0,73,personal_frequency
user_000000_001522,7,1,0,6,0.0,73,personal_frequency
user_000000_001523,10,3,0,6,0.0,73,personal_frequency
user_000000_001524,13,4,0,6,0.0,73,personal_frequency
user_000000_001525,11,7,0,2,0.0,73,personal_frequency
user_000000_001526,13,5,0,4,0.0,73,personal_frequency
user_000000_001527,14,6,0,6,0.0,73,personal_frequency
user_000000_001528,8,2,0,5,0.0,73,personal_frequency
user_000000_001529,11,4,0,6,0.0,73,personal_frequency
user_000000_001530,15,9,0,2,0.0,73,personal_frequency
user_000000_001531,14,12,0,1,0.0,73,personal_frequency
user_000000_001532,14,8,0,5,0.0,73,personal_frequency
user_000000_001533,11,4,0,6,0.0,73,personal_frequency
user_000000_001534,11,3,0,3,0.0,73,personal_frequency
user_000000_001535,11,2,0,6,0.0,73,personal_frequency
user_000000_001536,14,8,0,2,0.0,73,personal_frequency
user_000000_001537,11,5,0,2,0.0,73,personal_frequency
user_000000_001538,6,0,0,6,,73,personal_frequency
user_000000_001539,13,9,0,1,0.0,73,personal_frequency
user_000000_001540,15,11,0,3,0.0,73,personal_frequency
user_000000_001541,5,2,0,3,0.0,73,personal_frequency
user_000000_001542,8,2,0,3,0.0,73,personal_frequency
user_000000_001543,14,9,0,3,0.0,73,personal_frequency
user_000000_001544,9,1,0,6,0.0,73,personal_frequency
user_000000_001545,14,8,0,1,0.0,73,personal_frequency
user_000000_001546,11,4,0,4,0.0,73,personal_frequency
user_000000_001547,14,7,0,4,0.0,73,personal_frequency
user_000000_001548,14,10,0,2,0.0,73,personal_frequency
user_000000_001549,2,0,0,2,,73,personal_frequency
user_000000_001550,10,3,0,6,0.0,73,personal_frequency
user_000000_001551,13,7,0,4,0.0,73,personal_frequency
user_000000_001552,11,5,0,3,0.0,73,personal_frequency
user_000000_001553,14,10,0,1,0.0,73,personal_frequency
user_000000_001554,13,5,0,5,0.0,73,personal_frequency
user_000000_001555,12,8,0,3,0.0,73,personal_frequency
user_000000_001556,6,2,0,3,0.0,73,personal_frequency
user_000000_001557,14,7,0,4,0.0,73,personal_frequency
user_000000_001558,7,1,0,6,0.0,73,personal_frequency
user_000000_001559,13,8,0,3,0.0,73,personal_frequency
user_000000_001560,1,0,0,1,,73,personal_frequency
user_000000_001561,14,4,0,4,0.0,73,personal_frequency
user_000000_001562,13,8,0,4,0.0,73,personal_frequency
user_000000_001563,15,12,0,2,0.0,73,personal_frequency
user_000000_001564,14,3,0,3,0.0,73,personal_frequency
user_000000_001565,15,9,0,0,0.0,73,personal_frequency
user_000000_001566,11,5,0,3,0.0,73,personal_frequency
user_000000_001567,8,4,0,4,0.0,73,personal_frequency
user_000000_001568,15,11,0,1,0.0,73,personal_frequency
user_000000_001569,11,3,0,5,0.0,73,personal_frequency
user_000000_001570,13,9,0,3,0.0,73,personal_frequency
user_000000_001571,15,11,0,2,0.0,73,personal_frequency
user_000000_001572,12,8,0,2,0.0,73,personal_frequency
user_000000_001573,15,10,0,1,0.0,73,personal_frequency
user_000000_001574,14,10,0,1,0.0,73,personal_frequency
user_000000_001575,12,2,0,5,0.0,73,personal_frequency
user_000000_001576,15,8,0,2,0.0,73,personal_frequency
user_000000_001577,11,5,0,4,0.0,73,personal_frequency
user_000000_001578,12,5,0,2,0.0,73,personal_frequency
user_000000_001579,7,1,0,6,0.0,73,personal_frequency
user_000000_001580,14,8,0,2,0.0,73,personal_frequency
user_000000_001581,6,0,0,6,,73,personal_frequency
user_000000_001582,12,4,0,1,0.0,73,personal_frequency
user_000000_001583,14,10,0,2,0.0,73,personal_frequency
user_000000_001584,6,0,0,6,,73,personal_frequency
user_000000_001585,13,6,0,3,0.0,73,personal_frequency
user_000000_001586,12,8,0,2,0.0,73,personal_frequency
user_000000_001587,11,4,0,7,0.0,73,personal_frequency
user_000000_001588,13,4,0,5,0.0,73,personal_frequency
user_000000_001589,8,4,0,4,0.0,73,personal_frequency
user_000000_001590,7,1,0,5,0.0,73,personal_frequency
user_000000_001591,5,0,0,5,,73,personal_frequency
user_000000_001592,12,5,0,2,0.0,73,personal_frequency
user_000000_001593,5,1,0,4,0.0,73,personal_frequency
user_000000_001594,13,6,0,4,0.0,73,personal_frequency
user_000000_001595,14,5,0,5,0.0,73,personal_frequency
user_000000_001596,14,7,0,5,0.0,73,personal_frequency
user_000000_001597,12,6,0,3,0.0,73,personal_frequency
user_000000_001598,15,10,0,4,0.0,73,personal_frequency
user_000000_001599,8,1,0,6,0.0,73,personal_frequency
user_000000_001600,10,4,0,3,0.0,73,personal_frequency
user_000000_001601,13,7,0,4,0.0,73,personal_frequency
user_000000_001602,12,2,0,3,0.0,73,personal_frequency
user_000000_001603,5,0,0,5,,73,personal_frequency
user_000000_001604,12,5,0,1,0.0,73,personal_frequency
user_000000_001605,10,6,0,2,0.0,73,personal_frequency
user_000000_001606,14,3,0,4,0.0,73,personal_frequency
user_000000_001607,14,8,0,2,0.0,73,personal_frequency
user_000000_001608,14,9,0,1,0.0,73,personal_frequency
user_000000_001609,14,5,0,5,0.0,73,personal_frequency
user_000000_001610,13,4,0,7,0.0,73,personal_frequency
user_000000_001611,8,4,0,4,0.0,73,personal_frequency
user_000000_001612,11,3,0,3,0.0,73,personal_frequency
user_000000_001613,13,4,0,5,0.0,73,personal_frequency
user_000000_001614,9,3,0,3,0.0,73,personal_frequency
user_000000_001615,12,8,0,2,0.0,73,personal_frequency
user_000000_001616,11,3,0,5,0.0,73,personal_frequency
user_000000_001617,13,3,0,6,0.0,73,personal_frequency
user_000000_001618,11,7,0,2,0.0,73,personal_frequency
user_000000_001619,14,9,0,3,0.0,73,personal_frequency
user_000000_001620,10,5,0,4,0.0,73,personal_frequency
user_000000_001621,12,7,0,4,0.0,73,personal_frequency
user_000000_001622,7,3,0,3,0.0,73,personal_frequency
user_000000_001623,12,5,0,6,0.0,73,personal_frequency
user_000000_001624,6,1,0,5,0.0,73,personal_frequency
user_000000_001625,12,3,0,7,0.0,73,personal_frequency
user_000000_001626,7,1,0,6,0.0,73,personal_frequency
user_000000_001627,13,6,0,3,0.0,73,personal_frequency
user_000000_001628,13,10,0,2,0.0,73,personal_frequency
user_000000_001629,13,6,0,3,0.0,73,personal_frequency
user_000000_001630,12,4,0,3,0.0,73,personal_frequency
user_000000_001631,13,9,0,1,0.0,73,personal_frequency
user_000000_001632,12,2,0,5,0.0,73,personal_frequency
user_000000_001633,10,4,0,6,0.0,73,personal_frequency
user_000000_001634,12,9,0,1,0.0,73,personal_frequency
user_000000_001635,10,2,0,6,0.0,73,personal_frequency
user_000000_001636,12,3,0,4,0.0,73,personal_frequency
user_000000_001637,10,4,0,4,0.0,73,personal_frequency
user_000000_001638,13,8,0,4,0.0,73,personal_frequency
user_000000_001639,14,11,0,1,0.0,73,personal_frequency
user_000000_001640,11,5,0,4,0.0,73,personal_frequency
user_000000_001641,7,4,0,3,0.0,73,personal_frequency
user_000000_001642,15,12,0,0,0.0,73,personal_frequency
user_000000_001643,7,2,0,5,0.0,73,personal_frequency
user_000000_001644,11,9,0,2,0.0,73,personal_frequency
user_000000_001645,11,3,0,5,0.0,73,personal_frequency
user_000000_001646,13,7,0,3,0.0,73,personal_frequency
user_000000_001647,9,1,0,8,0.0,73,personal_frequency
user_000000_001648,12,6,0,4,0.0,73,personal_frequency
user_000000_001649,15,9,0,1,0.0,73,personal_frequency
user_000000_001650,11,7,0,4,0.0,73,personal_frequency
user_000000_001651,14,7,0,2,0.0,73,personal_frequency
user_000000_001652,8,5,0,3,0.0,73,personal_frequency
user_000000_001653,8,2,0,6,0.0,73,personal_frequency
user_000000_001654,13,3,0,7,0.0,73,personal_frequency
user_000000_001655,13,8,0,4,0.0,73,personal_frequency
user_000000_001656,12,4,0,5,0.0,73,personal_frequency
user_000000_001657,5,1,0,2,0.0,73,personal_frequency
user_000000_001658,9,2,0,5,0.0,73,personal_frequency
user_000000_001659,14,10,0,2,0.0,73,personal_frequency
user_000000_001660,13,7,0,5,0.0,73,personal_frequency
user_000000_001661,15,12,0,1,0.0,73,personal_frequency
user_000000_001662,13,7,0,0,0.0,73,personal_frequency
user_000000_001663,10,4,0,3,0.0,73,personal_frequency
user_000000_001664,9,0,0,7,,73,personal_frequency
user_000000_001665,15,10,0,3,0.0,73,personal_frequency
user_000000_001666,7,1,0,5,0.0,73,personal_frequency
user_000000_001667,13,7,0,4,0.0,73,personal_frequency
user_000000_001668,14,10,0,4,0.0,73,personal_frequency
user_000000_001669,11,8,0,3,0.0,73,personal_frequency
user_000000_001670,13,7,0,3,0.0,73,personal_frequency
user_000000_001671,14,9,0,2,0.0,73,personal_frequency
user_000000_001672,14,13,0,1,0.0,73,personal_frequency
user_000000_001673,13,9,0,3,0.0,73,personal_frequency
user_000000_001674,15,9,0,2,0.0,73,personal_frequency
user_000000_001675,10,3,0,5,0.0,73,personal_frequency
user_000000_001676,8,4,0,3,0.0,73,personal_frequency
user_000000_001677,14,8,0,2,0.0,73,personal_frequency
user_000000_001678,13,6,0,2,0.0,73,personal_frequency
user_000000_001679,13,9,0,4,0.0,73,personal_frequency
user_000000_001680,13,8,0,3,0.0,73,personal_frequency
user_000000_001681,7,3,0,3,0.0,73,personal_frequency
user_000000_001682,11,5,0,4,0.0,73,personal_frequency
user_000000_001683,15,8,0,1,0.0,73,personal_frequency
user_000000_001684,10,2,0,4,0.0,73,personal_frequency
user_000000_001685,5,0,0,4,,73,personal_frequency
user_000000_001686,14,10,0,3,0.0,73,personal_frequency
user_000000_001687,11,4,0,4,0.0,73,personal_frequency
user_000000_001688,15,9,0,3,0.0,73,personal_frequency
user_000000_001689,14,7,0,4,0.0,73,personal_frequency
user_000000_001690,8,2,0,4,0.0,73,personal_frequency
user_000000_001691,10,5,0,3,0.0,73,personal_frequency
user_000000_001692,12,7,0,2,0.0,73,personal_frequency
user_000000_001693,15,10,0,0,0.0,73,personal_frequency
user_000000_001694,8,1,0,5,0.0,73,personal_frequency
user_000000_001695,13,11,0,1,0.0,73,personal_frequency
user_000000_001696,14,6,0,2,0.0,73,personal_frequency
user_000000_001697,12,5,0,5,0.0,73,personal_frequency
user_000000_001698,15,6,0,1,0.0,73,personal_frequency
user_000000_001699,14,8,0,3,0.0,73,personal_frequency
user_000000_001700,7,1,0,5,0.0,73,personal_frequency
user_000000_001701,15,11,0,2,0.0,73,personal_frequency
user_000000_001702,6,1,0,4,0.0,73,personal_frequency
user_000000_001703,12,4,0,6,0.0,73,personal_frequency
user_000000_001704,15,9,0,3,0.0,73,personal_frequency
user_000000_001705,13,6,0,5,0.0,73,personal_frequency
user_000000_001706,9,3,0,5,0.0,73,personal_frequency
user_000000_001707,5,0,0,5,,73,personal_frequency
user_000000_001708,4,0,0,3,,73,personal_frequency
user_000000_001709,14,10,0,2,0.0,73,personal_frequency
user_000000_001710,12,1,0,7,0.0,73,personal_frequency
user_000000_001711,11,5,0,3,0.0,73,personal_frequency
user_000000_001712,13,5,0,5,0.0,73,personal_frequency
user_000000_001713,10,6,0,2,0.0,73,personal_frequency
user_000000_001714,11,4,0,4,0.0,73,personal_frequency
user_000000_001715,13,7,0,4,0.0,73,personal_frequency
user_000000_001716,12,6,0,2,0.0,73,personal_frequency
user_000000_001717,12,5,0,4,0.0,73,personal_frequency
user_000000_001718,14,5,0,4,0.0,73,personal_frequency
user_000000_001719,11,7,0,2,0.0,73,personal_frequency
user_000000_001720,13,7,0,3,0.0,73,personal_frequency
user_000000_001721,14,3,0,5,0.0,73,personal_frequency
user_000000_001722,13,8,0,2,0.0,73,personal_frequency
user_000000_001723,11,7,0,1,0.0,73,personal_frequency
user_000000_001724,13,9,0,3,0.0,73,personal_frequency
user_000000_001725,9,4,0,4,0.0,73,personal_frequency
user_000000_001726,15,6,0,4,0.0,73,personal_frequency
user_000000_001727,7,2,0,3,0.0,73,personal_frequency
user_000000_001728,14,7,0,5,0.0,73,personal_frequency
user_000000_001729,9,1,0,6,0.0,73,personal_frequency
user_000000_001730,12,8,0,2,0.0,73,personal_frequency
user_000000_001731,13,9,0,2,0.0,73,personal_frequency
user_000000_001732,14,7,0,2,0.0,73,personal_frequency
user_000000_001733,12,6,0,3,0.0,73,personal_frequency
user_000000_001734,15,10,0,2,0.0,73,personal_frequency
user_000000_001735,13,6,0,5,0.0,73,personal_frequency
user_000000_001736,11,6,0,3,0.0,73,personal_frequency
user_000000_001737,14,10,0,2,0.0,73,personal_frequency
user_000000_001738,12,4,0,5,0.0,73,personal_frequency
user_000000_001739,13,5,0,6,0.0,73,personal_frequency
user_000000_001740,15,10,0,2,0.0,73,personal_frequency
user_000000_001741,10,6,0,2,0.0,73,personal_frequency
user_000000_001742,12,3,0,5,0.0,73,personal_frequency
user_000000_001743,7,1,0,6,0.0,73,personal_frequency
user_000000_001744,11,4,0,3,0.0,73,personal_frequency
user_000000_001745,10,2,0,8,0.0,73,personal_frequency
user_000000_001746,13,6,0,4,0.0,73,personal_frequency
user_000000_001747,11,4,0,5,0.0,73,personal_frequency
user_000000_001748,12,5,0,3,0.0,73,personal_frequency
user_000000_001749,13,2,0,5,0.0,73,personal_frequency
user_000000_001750,10,4,0,4,0.0,73,personal_frequency
user_000000_001751,10,6,0,3,0.0,73,personal_frequency
user_000000_001752,11,5,0,4,0.0,73,personal_frequency
user_000000_001753,15,8,0,2,0.0,73,personal_frequency
user_000000_001754,8,1,0,5,0.0,73,personal_frequency
user_000000_001755,15,11,0,4,0.0,73,personal_frequency
user_000000_001756,10,4,0,5,0.0,73,personal_frequency
user_000000_001757,10,4,0,5,0.0,73,personal_frequency
user_000000_001758,14,6,0,4,0.0,73,personal_frequency
user_000000_001759,11,6,0,2,0.0,73,personal_frequency
user_000000_001760,10,4,0,3,0.0,73,personal_frequency
user_000000_001761,14,9,0,4,0.0,73,personal_frequency
user_000000_001762,14,11,0,1,0.0,73,personal_frequency
user_000000_001763,13,11,0,1,0.0,73,personal_frequency
user_000000_001764,7,2,0,5,0.0,73,personal_frequency
user_000000_001765,15,11,0,2,0.0,73,personal_frequency
user_000000_001766,12,3,0,5,0.0,73,personal_frequency
user_000000_001767,13,6,0,4,0.0,73,personal_frequency
user_000000_001768,12,4,0,6,0.0,73,personal_frequency
user_000000_001769,12,2,0,6,0.0,73,personal_frequency
user_000000_001770,14,8,0,2,0.0,73,personal_frequency
user_000000_001771,13,2,0,5,0.0,73,personal_frequency
user_000000_001772,15,9,0,3,0.0,73,personal_frequency
user_000000_001773,15,12,0,1,0.0,73,personal_frequency
user_000000_001774,9,6,0,1,0.0,73,personal_frequency
user_000000_001775,14,7,0,3,0.0,73,personal_frequency
user_000000_001776,10,7,0,3,0.0,73,personal_frequency
user_000000_001777,6,0,0,6,,73,personal_frequency
user_000000_001778,10,8,0,1,0.0,73,personal_frequency
user_000000_001779,9,2,0,6,0.0,73,personal_frequency
user_000000_001780,8,3,0,5,0.0,73,personal_frequency
user_000000_001781,14,8,0,3,0.0,73,personal_frequency
user_000000_001782,13,4,0,4,0.0,73,personal_frequency
user_000000_001783,13,9,0,1,0.0,73,personal_frequency
user_000000_001784,13,7,0,4,0.0,73,personal_frequency
user_000000_001785,13,11,0,1,0.0,73,personal_frequency
user_000000_001786,14,10,0,3,0.0,73,personal_frequency
user_000000_001787,14,8,0,4,0.0,73,personal_frequency
user_000000_001788,15,9,0,3,0.0,73,personal_frequency
user_000000_001789,12,8,0,3,0.0,73,personal_frequency
user_000000_001790,10,5,0,2,0.0,73,personal_frequency
user_000000_001791,13,10,0,3,0.0,73,personal_frequency
user_000000_001792,14,9,0,1,0.0,73,personal_frequency
user_000000_001793,13,8,0,1,0.0,73,personal_frequency
user_000000_001794,14,11,0,1,0.0,73,personal_frequency
user_000000_001795,14,11,0,1,0.0,73,personal_frequency
user_000000_001796,8,1,0,4,0.0,73,personal_frequency
user_000000_001797,9,1,0,8,0.0,73,personal_frequency
user_000000_001798,14,8,0,5,0.0,73,personal_frequency
user_000000_001799,10,4,0,4,0.0,73,personal_frequency
user_000000_001800,11,3,0,4,0.0,73,personal_frequency
user_000000_001801,13,4,0,6,0.0,73,personal_frequency
user_000000_001802,7,1,0,4,0.0,73,personal_frequency
user_000000_001803,8,4,0,2,0.0,73,personal_frequency
user_000000_001804,14,7,0,2,0.0,73,personal_frequency
user_000000_001805,11,1,0,5,0.0,73,personal_frequency
user_000000_001806,14,9,0,2,0.0,73,personal_frequency
user_000000_001807,13,6,0,2,0.0,73,personal_frequency
user_000000_001808,13,6,0,5,0.0,73,personal_frequency
user_000000_001809,14,5,0,3,0.0,73,personal_frequency
user_000000_001810,14,5,0,5,0.0,73,personal_frequency
user_000000_001811,13,7,0,3,0.0,73,personal_frequency
user_000000_001812,11,5,0,2,0.0,73,personal_frequency
user_000000_001813,13,7,0,4,0.0,73,personal_frequency
user_000000_001814,13,6,0,3,0.0,73,personal_frequency
user_000000_001815,15,9,0,5,0.0,73,personal_frequency
user_000000_001816,12,7,0,4,0.0,73,personal_frequency
user_000000_001817,13,8,0,4,0.0,73,personal_frequency
user_000000_001818,14,9,0,3,0.0,73,personal_frequency
user_000000_001819,13,7,0,3,0.0,73,personal_frequency
user_000000_001820,14,6,0,5,0.0,73,personal_frequency
user_000000_001821,11,2,0,5,0.0,73,personal_frequency
user_000000_001822,14,5,0,4,0.0,73,personal_frequency
user_000000_001823,15,10,0,1,0.0,73,personal_frequency
user_000000_001824,6,2,0,3,0.0,73,personal_frequency
user_000000_001825,11,4,0,5,0.0,73,personal_frequency
user_000000_001826,9,2,0,4,0.0,73,personal_frequency
user_000000_001827,14,9,0,2,0.0,73,personal_frequency
user_000000_001828,14,8,0,0,0.0,73,personal_frequency
user_000000_001829,15,5,0,5,0.0,73,personal_frequency
user_000000_001830,10,3,0,5,0.0,73,personal_frequency
user_000000_001831,10,6,0,4,0.0,73,personal_frequency
user_000000_001832,15,5,0,6,0.0,73,personal_frequency
user_000000_001833,15,11,0,2,0.0,73,personal_frequency
user_000000_001834,5,1,0,4,0.0,73,personal_frequency
user_000000_001835,15,8,0,3,0.0,73,personal_frequency
user_000000_001836,11,6,0,3,0.0,73,personal_frequency
user_000000_001837,14,5,0,5,0.0,73,personal_frequency
user_000000_001838,13,7,0,3,0.0,73,personal_frequency
user_000000_001839,11,3,0,6,0.0,73,personal_frequency
user_000000_001840,9,0,0,4,,73,personal_frequency
user_000000_001841,15,10,0,1,0.0,73,personal_frequency
user_000000_001842,14,9,0,2,0.0,73,personal_frequency
user_000000_001843,15,10,0,3,0.0,73,personal_frequency
user_000000_001844,10,4,0,3,0.0,73,personal_frequency
user_000000_001845,15,10,0,2,0.0,73,personal_frequency
user_000000_001846,8,1,0,6,0.0,73,personal_frequency
user_000000_001847,14,9,0,0,0.0,73,personal_frequency
user_000000_001848,14,10,0,2,0.0,73,personal_frequency
user_000000_001849,6,1,0,5,0.0,73,personal_frequency
user_000000_001850,13,6,0,4,0.0,73,personal_frequency
user_000000_001851,4,1,0,3,0.0,73,personal_frequency
user_000000_001852,14,5,0,4,0.0,73,personal_frequency
user_000000_001853,10,6,0,3,0.0,73,personal_frequency
user_000000_001854,15,10,0,3,0.0,73,personal_frequency
user_000000_001855,12,5,0,4,0.0,73,personal_frequency
user_000000_001856,11,0,0,5,,73,personal_frequency
user_000000_001857,14,9,0,1,0.0,73,personal_frequency
user_000000_001858,11,6,0,4,0.0,73,personal_frequency
user_000000_001859,8,4,0,4,0.0,73,personal_frequency
user_000000_001860,11,5,0,4,0.0,73,personal_frequency
user_000000_001861,12,4,0,5,0.0,73,personal_frequency
user_000000_001862,12,6,0,4,0.0,73,personal_frequency
user_000000_001863,15,9,0,3,0.0,73,personal_frequency
user_000000_001864,10,5,0,3,0.0,73,personal_frequency
user_000000_001865,13,9,0,4,0.0,73,personal_frequency
user_000000_001866,8,2,0,6,0.0,73,personal_frequency
user_000000_001867,10,4,0,4,0.0,73,personal_frequency
user_000000_001868,9,2,0,5,0.0,73,personal_frequency
user_000000_001869,9,6,0,2,0.0,73,personal_frequency
user_000000_001870,13,10,0,2,0.0,73,personal_frequency
user_000000_001871,12,8,0,2,0.0,73,personal_frequency
user_000000_001872,13,9,0,1,0.0,73,personal_frequency
user_000000_001873,12,8,0,3,0.0,73,personal_frequency
user_000000_001874,14,5,0,4,0.0,73,personal_frequency
user_000000_001875,12,4,0,7,0.0,73,personal_frequency
user_000000_001876,14,7,0,3,0.0,73,personal_frequency
user_000000_001877,13,6,0,4,0.0,73,personal_frequency
user_000000_001878,12,7,0,4,0.0,73,personal_frequency
user_000000_001879,9,2,0,5,0.0,73,personal_frequency
user_000000_001880,15,9,0,2,0.0,73,personal_frequency
user_000000_001881,14,12,0,2,0.0,73,personal_frequency
user_000000_001882,13,6,0,4,0.0,73,personal_frequency
user_000000_001883,11,5,0,5,0.0,73,personal_frequency
user_000000_001884,15,12,0,2,0.0,73,personal_frequency
user_000000_001885,6,1,0,4,0.0,73,personal_frequency
user_000000_001886,8,2,0,6,0.0,73,personal_frequency
user_000000_001887,7,2,0,5,0.0,73,personal_frequency
user_000000_001888,11,2,0,5,0.0,73,personal_frequency
user_000000_001889,14,10,0,2,0.0,73,personal_frequency
user_000000_001890,13,10,0,0,0.0,73,personal_frequency
user_000000_001891,11,4,0,5,0.0,73,personal_frequency
user_000000_001892,6,4,0,2,0.0,73,personal_frequency
user_000000_001893,11,6,0,3,0.0,73,personal_frequency
user_000000_001894,12,4,0,5,0.0,73,personal_frequency
user_000000_001895,15,13,0,1,0.0,73,personal_frequency
user_000000_001896,11,5,0,5,0.0,73,personal_frequency
user_000000_001897,4,0,0,4,,73,personal_frequency
user_000000_001898,14,9,0,1,0.0,73,personal_frequency
user_000000_001899,13,6,0,4,0.0,73,personal_frequency
user_000000_001900,10,1,0,8,0.0,73,personal_frequency
user_000000_001901,14,6,0,3,0.0,73,personal_frequency
user_000000_001902,12,7,0,5,0.0,73,personal_frequency
user_000000_001903,14,9,0,2,0.0,73,personal_frequency
user_000000_001904,13,5,0,4,0.0,73,personal_frequency
user_000000_001905,11,6,0,2,0.0,73,personal_frequency
user_000000_001906,12,5,0,2,0.0,73,personal_frequency
user_000000_001907,12,7,0,3,0.0,73,personal_frequency
user_000000_001908,13,7,0,5,0.0,73,personal_frequency
user_000000_001909,10,5,0,3,0.0,73,personal_frequency
user_000000_001910,12,7,0,5,0.0,73,personal_frequency
user_000000_001911,13,9,0,3,0.0,73,personal_frequency
user_000000_001912,14,12,0,0,0.0,73,personal_frequency
user_000000_001913,11,2,0,7,0.0,73,personal_frequency
user_000000_001914,12,9,0,3,0.0,73,personal_frequency
user_000000_001915,12,5,0,3,0.0,73,personal_frequency
user_000000_001916,15,11,0,4,0.0,73,personal_frequency
user_000000_001917,10,5,0,3,0.0,73,personal_frequency
user_000000_001918,11,8,0,3,0.0,73,personal_frequency
user_000000_001919,13,6,0,3,0.0,73,personal_frequency
user_000000_001920,15,8,0,3,0.0,73,personal_frequency
user_000000_001921,10,2,0,7,0.0,73,personal_frequency
user_000000_001922,15,10,0,2,0.0,73,personal_frequency
user_000000_001923,14,11,0,3,0.0,73,personal_frequency
user_000000_001924,8,1,0,5,0.0,73,personal_frequency
user_000000_001925,14,8,0,4,0.0,73,personal_frequency
user_000000_001926,8,1,0,7,0.0,73,personal_frequency
user_000000_001927,13,5,0,4,0.0,73,personal_frequency
user_000000_001928,13,9,0,1,0.0,73,personal_frequency
user_000000_001929,14,2,0,8,0.0,73,personal_frequency
user_000000_001930,6,0,0,6,,73,personal_frequency
user_000000_001931,9,4,0,5,0.0,73,personal_frequency
user_000000_001932,15,9,0,3,0.0,73,personal_frequency
user_000000_001933,14,7,0,6,0.0,73,personal_frequency
user_000000_001934,9,2,0,4,0.0,73,personal_frequency
user_000000_001935,14,7,0,3,0.0,73,personal_frequency
user_000000_001936,8,4,0,4,0.0,73,personal_frequency
user_000000_001937,13,5,0,4,0.0,73,personal_frequency
user_000000_001938,2,0,0,2,,73,personal_frequency
user_000000_001939,13,4,0,5,0.0,73,personal_frequency
user_000000_001940,14,3,0,4,0.0,73,personal_frequency
user_000000_001941,8,1,0,4,0.0,73,personal_frequency
user_000000_001942,9,4,0,3,0.0,73,personal_frequency
user_000000_001943,6,0,0,5,,73,personal_frequency
user_000000_001944,12,5,0,3,0.0,73,personal_frequency
user_000000_001945,11,3,0,3,0.0,73,personal_frequency
user_000000_001946,15,9,0,1,0.0,73,personal_frequency
user_000000_001947,14,4,0,7,0.0,73,personal_frequency
user_000000_001948,13,9,0,2,0.0,73,personal_frequency
user_000000_001949,12,3,0,5,0.0,73,personal_frequency
user_000000_001950,14,9,0,3,0.0,73,personal_frequency
user_000000_001951,13,6,0,4,0.0,73,personal_frequency
user_000000_001952,11,5,0,5,0.0,73,personal_frequency
user_000000_001953,10,2,0,6,0.0,73,personal_frequency
user_000000_001954,10,6,0,3,0.0,73,personal_frequency
user_000000_001955,9,0,0,5,,73,personal_frequency
user_000000_001956,11,5,0,4,0.0,73,personal_frequency
user_000000_001957,15,11,0,3,0.0,73,personal_frequency
user_000000_001958,12,7,0,4,0.0,73,personal_frequency
user_000000_001959,15,10,0,2,0.0,73,personal_frequency
user_000000_001960,12,7,0,5,0.0,73,personal_frequency
user_000000_001961,13,5,0,4,0.0,73,personal_frequency
user_000000_001962,1,0,0,1,,73,personal_frequency
user_000000_001963,9,3,0,3,0.0,73,personal_frequency
user_000000_001964,14,6,0,5,0.0,73,personal_frequency
user_000000_001965,12,5,0,2,0.0,73,personal_frequency
user_000000_001966,10,6,0,2,0.0,73,personal_frequency
user_000000_001967,8,5,0,3,0.0,73,personal_frequency
user_000000_001968,12,3,0,5,0.0,73,personal_frequency
user_000000_001969,6,0,0,6,,73,personal_frequency
user_000000_001970,14,10,0,1,0.0,73,personal_frequency
user_000000_001971,11,5,0,4,0.0,73,personal_frequency
user_000000_001972,12,7,0,2,0.0,73,personal_frequency
user_000000_001973,12,4,0,3,0.0,73,personal_frequency
user_000000_001974,10,7,0,1,0.0,73,personal_frequency
user_000000_001975,6,1,0,5,0.0,73,personal_frequency
user_000000_001976,12,7,0,3,0.0,73,personal_frequency
user_000000_001977,6,3,0,3,0.0,73,personal_frequency
user_000000_001978,9,4,0,4,0.0,73,personal_frequency
user_000000_001979,11,3,0,4,0.0,73,personal_frequency
user_000000_001980,9,1,0,6,0.0,73,personal_frequency
user_000000_001981,14,7,0,3,0.0,73,personal_frequency
user_000000_001982,13,7,0,5,0.0,73,personal_frequency
user_000000_001983,15,14,0,0,0.0,73,personal_frequency
user_000000_001984,9,5,0,3,0.0,73,personal_frequency
user_000000_001985,7,1,0,6,0.0,73,personal_frequency
user_000000_001986,14,10,0,2,0.0,73,personal_frequency
user_000000_001987,14,6,0,4,0.0,73,personal_frequency
user_000000_001988,11,4,0,3,0.0,73,personal_frequency
user_000000_001989,10,4,0,5,0.0,73,personal_frequency
user_000000_001990,13,7,0,2,0.0,73,personal_frequency
user_000000_001991,11,4,0,3,0.0,73,personal_frequency
user_000000_001992,13,9,0,1,0.0,73,personal_frequency
user_000000_001993,15,5,0,3,0.0,73,personal_frequency
user_000000_001994,14,9,0,0,0.0,73,personal_frequency
user_000000_001995,12,2,0,9,0.0,73,personal_frequency
user_000000_001996,8,2,0,6,0.0,73,personal_frequency
user_000000_001997,15,10,0,2,0.0,73,personal_frequency
user_000000_001998,14,8,0,2,0.0,73,personal_frequency
user_000000_001999,14,8,0,2,0.0,73,personal_frequency
user_000000_000000,15,11,0,1,0.0,211,svd_256
user_000000_000001,13,7,1,4,0.14285714285714285,211,svd_256
user_000000_000002,5,3,1,2,0.3333333333333333,211,svd_256
user_000000_000003,12,4,0,6,0.0,211,svd_256
user_000000_000004,8,5,1,3,0.2,211,svd_256
user_000000_000005,13,6,2,2,0.3333333333333333,211,svd_256
user_000000_000006,12,3,0,5,0.0,211,svd_256
user_000000_000007,13,6,1,2,0.16666666666666666,211,svd_256
user_000000_000008,15,10,1,4,0.1,211,svd_256
user_000000_000009,14,5,0,2,0.0,211,svd_256
user_000000_000010,12,5,0,3,0.0,211,svd_256
user_000000_000011,7,1,0,6,0.0,211,svd_256
user_000000_000012,15,12,2,2,0.16666666666666666,211,svd_256
user_000000_000013,12,3,0,7,0.0,211,svd_256
user_000000_000014,11,7,1,3,0.14285714285714285,211,svd_256
user_000000_000015,14,7,0,2,0.0,211,svd_256
user_000000_000016,15,10,0,3,0.0,211,svd_256
user_000000_000017,13,12,0,0,0.0,211,svd_256
user_000000_000018,12,7,0,3,0.0,211,svd_256
user_000000_000019,11,7,0,4,0.0,211,svd_256
user_000000_000020,14,7,1,4,0.14285714285714285,211,svd_256
user_000000_000021,9,4,2,2,0.5,211,svd_256
user_000000_000022,12,6,0,2,0.0,211,svd_256
user_000000_000023,6,0,0,4,,211,svd_256
user_000000_000024,6,1,0,5,0.0,211,svd_256
user_000000_000025,13,7,1,3,0.14285714285714285,211,svd_256
user_000000_000026,10,4,0,4,0.0,211,svd_256
user_000000_000027,15,12,2,2,0.16666666666666666,211,svd_256
user_000000_000028,12,4,0,6,0.0,211,svd_256
user_000000_000029,13,7,0,4,0.0,211,svd_256
user_000000_000030,13,5,0,3,0.0,211,svd_256
user_000000_000031,9,1,0,7,0.0,211,svd_256
user_000000_000032,12,4,0,5,0.0,211,svd_256
user_000000_000033,13,8,1,4,0.125,211,svd_256
user_000000_000034,13,6,0,6,0.0,211,svd_256
user_000000_000035,13,8,1,1,0.125,211,svd_256
user_000000_000036,14,4,0,4,0.0,211,svd_256
user_000000_000037,14,5,1,1,0.2,211,svd_256
user_000000_000038,12,6,0,4,0.0,211,svd_256
user_000000_000039,6,3,0,3,0.0,211,svd_256
user_000000_000040,9,5,0,4,0.0,211,svd_256
user_000000_000041,7,1,0,6,0.0,211,svd_256
user_000000_000042,14,8,0,3,0.0,211,svd_256
user_000000_000043,13,6,0,3,0.0,211,svd_256
user_000000_000044,11,5,0,4,0.0,211,svd_256
user_000000_000045,7,0,0,6,,211,svd_256
user_000000_000046,10,3,0,5,0.0,211,svd_256
user_000000_000047,11,7,0,3,0.0,211,svd_256
user_000000_000048,11,8,1,2,0.125,211,svd_256
user_000000_000049,6,1,0,5,0.0,211,svd_256
user_000000_000050,11,2,1,3,0.5,211,svd_256
user_000000_000051,13,6,0,3,0.0,211,svd_256
user_000000_000052,2,0,0,2,,211,svd_256
user_000000_000053,8,2,0,6,0.0,211,svd_256
user_000000_000054,6,3,1,3,0.3333333333333333,211,svd_256
user_000000_000055,10,3,0,6,0.0,211,svd_256
user_000000_000056,5,1,0,4,0.0,211,svd_256
user_000000_000057,8,2,0,5,0.0,211,svd_256
user_000000_000058,8,1,0,5,0.0,211,svd_256
user_000000_000059,12,5,0,5,0.0,211,svd_256
user_000000_000060,10,1,0,8,0.0,211,svd_256
user_000000_000061,14,7,0,4,0.0,211,svd_256
user_000000_000062,8,1,0,6,0.0,211,svd_256
user_000000_000063,11,7,0,4,0.0,211,svd_256
user_000000_000064,7,3,0,2,0.0,211,svd_256
user_000000_000065,9,5,0,4,0.0,211,svd_256
user_000000_000066,15,10,0,2,0.0,211,svd_256
user_000000_000067,14,12,2,1,0.16666666666666666,211,svd_256
user_000000_000068,10,5,1,2,0.2,211,svd_256
user_000000_000069,9,2,0,5,0.0,211,svd_256
user_000000_000070,14,7,0,3,0.0,211,svd_256
user_000000_000071,14,13,1,0,0.07692307692307693,211,svd_256
user_000000_000072,15,12,2,0,0.16666666666666666,211,svd_256
user_000000_000073,15,7,0,6,0.0,211,svd_256
user_000000_000074,14,6,1,6,0.16666666666666666,211,svd_256
user_000000_000075,15,8,0,1,0.0,211,svd_256
user_000000_000076,12,7,1,3,0.14285714285714285,211,svd_256
user_000000_000077,10,4,2,2,0.5,211,svd_256
user_000000_000078,12,6,0,4,0.0,211,svd_256
user_000000_000079,9,3,0,4,0.0,211,svd_256
user_000000_000080,6,0,0,6,,211,svd_256
user_000000_000081,12,8,0,4,0.0,211,svd_256
user_000000_000082,7,0,0,7,,211,svd_256
user_000000_000083,13,10,2,2,0.2,211,svd_256
user_000000_000084,11,5,1,2,0.2,211,svd_256
user_000000_000085,10,5,0,4,0.0,211,svd_256
user_000000_000086,11,8,1,2,0.125,211,svd_256
user_000000_000087,15,11,0,2,0.0,211,svd_256
user_000000_000088,9,1,0,4,0.0,211,svd_256
user_000000_000089,10,3,0,5,0.0,211,svd_256
user_000000_000090,12,5,0,6,0.0,211,svd_256
user_000000_000091,11,1,0,5,0.0,211,svd_256
user_000000_000092,14,5,0,4,0.0,211,svd_256
user_000000_000093,8,4,0,3,0.0,211,svd_256
user_000000_000094,7,2,0,5,0.0,211,svd_256
user_000000_000095,14,9,0,2,0.0,211,svd_256
user_000000_000096,11,1,0,6,0.0,211,svd_256
user_000000_000097,15,9,1,1,0.1111111111111111,211,svd_256
user_000000_000098,13,7,0,4,0.0,211,svd_256
user_000000_000099,9,3,0,4,0.0,211,svd_256
user_000000_000100,11,6,0,2,0.0,211,svd_256
user_000000_000101,13,5,0,2,0.0,211,svd_256
user_000000_000102,12,3,0,5,0.0,211,svd_256
user_000000_000103,11,5,0,3,0.0,211,svd_256
user_000000_000104,13,3,0,6,0.0,211,svd_256
user_000000_000105,9,2,0,6,0.0,211,svd_256
user_000000_000106,12,9,3,2,0.3333333333333333,211,svd_256
user_000000_000107,14,3,0,4,0.0,211,svd_256
user_000000_000108,11,4,0,4,0.0,211,svd_256
user_000000_000109,13,5,0,3,0.0,211,svd_256
user_000000_000110,11,3,0,5,0.0,211,svd_256
user_000000_000111,14,9,1,1,0.1111111111111111,211,svd_256
user_000000_000112,12,8,0,4,0.0,211,svd_256
user_000000_000113,10,2,0,5,0.0,211,svd_256
user_000000_000114,13,6,0,3,0.0,211,svd_256
user_000000_000115,14,7,2,3,0.2857142857142857,211,svd_256
user_000000_000116,11,4,1,4,0.25,211,svd_256
user_000000_000117,15,7,0,4,0.0,211,svd_256
user_000000_000118,3,0,0,3,,211,svd_256
user_000000_000119,9,1,0,4,0.0,211,svd_256
user_000000_000120,13,4,0,4,0.0,211,svd_256
user_000000_000121,12,6,0,4,0.0,211,svd_256
user_000000_000122,9,5,0,3,0.0,211,svd_256
user_000000_000123,10,4,0,5,0.0,211,svd_256
user_000000_000124,14,11,0,0,0.0,211,svd_256
user_000000_000125,10,5,0,5,0.0,211,svd_256
user_000000_000126,13,1,0,6,0.0,211,svd_256
user_000000_000127,11,7,1,3,0.14285714285714285,211,svd_256
user_000000_000128,13,4,0,3,0.0,211,svd_256
user_000000_000129,11,2,0,6,0.0,211,svd_256
user_000000_000130,12,4,0,4,0.0,211,svd_256
user_000000_000131,13,4,1,3,0.25,211,svd_256
user_000000_000132,13,5,0,3,0.0,211,svd_256
user_000000_000133,12,10,0,1,0.0,211,svd_256
user_000000_000134,15,12,1,2,0.08333333333333333,211,svd_256
user_000000_000135,7,3,0,4,0.0,211,svd_256
user_000000_000136,6,1,0,5,0.0,211,svd_256
user_000000_000137,13,6,1,5,0.16666666666666666,211,svd_256
user_000000_000138,13,6,0,2,0.0,211,svd_256
user_000000_000139,6,2,0,2,0.0,211,svd_256
user_000000_000140,9,3,1,6,0.3333333333333333,211,svd_256
user_000000_000141,9,4,0,1,0.0,211,svd_256
user_000000_000142,8,1,0,7,0.0,211,svd_256
user_000000_000143,15,9,0,2,0.0,211,svd_256
user_000000_000144,15,4,1,7,0.25,211,svd_256
user_000000_000145,13,6,0,3,0.0,211,svd_256
user_000000_000146,15,8,1,2,0.125,211,svd_256
user_000000_000147,13,9,0,4,0.0,211,svd_256
user_000000_000148,10,3,0,6,0.0,211,svd_256
user_000000_000149,8,3,1,3,0.3333333333333333,211,svd_256
user_000000_000150,15,11,2,1,0.18181818181818182,211,svd_256
user_000000_000151,11,6,0,1,0.0,211,svd_256
user_000000_000152,6,1,0,5,0.0,211,svd_256
user_000000_000153,10,2,0,6,0.0,211,svd_256
user_000000_000154,14,9,1,0,0.1111111111111111,211,svd_256
user_000000_000155,11,3,0,4,0.0,211,svd_256
user_000000_000156,13,8,0,4,0.0,211,svd_256
user_000000_000157,15,7,1,3,0.14285714285714285,211,svd_256
user_000000_000158,15,10,0,0,0.0,211,svd_256
user_000000_000159,10,4,2,5,0.5,211,svd_256
user_000000_000160,7,4,1,3,0.25,211,svd_256
user_000000_000161,15,12,0,2,0.0,211,svd_256
user_000000_000162,13,3,0,4,0.0,211,svd_256
user_000000_000163,15,7,0,2,0.0,211,svd_256
user_000000_000164,8,3,0,4,0.0,211,svd_256
user_000000_000165,9,5,0,4,0.0,211,svd_256
user_000000_000166,7,2,0,5,0.0,211,svd_256
user_000000_000167,10,6,0,3,0.0,211,svd_256
user_000000_000168,8,2,0,5,0.0,211,svd_256
user_000000_000169,14,10,1,0,0.1,211,svd_256
user_000000_000170,9,3,0,5,0.0,211,svd_256
user_000000_000171,15,9,0,2,0.0,211,svd_256
user_000000_000172,9,3,0,3,0.0,211,svd_256
user_000000_000173,13,6,0,4,0.0,211,svd_256
user_000000_000174,8,3,0,4,0.0,211,svd_256
user_000000_000175,14,8,0,3,0.0,211,svd_256
user_000000_000176,5,1,0,4,0.0,211,svd_256
user_000000_000177,14,8,0,2,0.0,211,svd_256
user_000000_000178,12,2,0,7,0.0,211,svd_256
user_000000_000179,11,3,1,6,0.3333333333333333,211,svd_256
user_000000_000180,13,8,0,2,0.0,211,svd_256
user_000000_000181,14,7,0,4,0.0,211,svd_256
user_000000_000182,10,5,0,3,0.0,211,svd_256
user_000000_000183,10,3,0,3,0.0,211,svd_256
user_000000_000184,6,0,0,5,,211,svd_256
user_000000_000185,8,3,0,3,0.0,211,svd_256
user_000000_000186,13,6,0,3,0.0,211,svd_256
user_000000_000187,6,2,0,2,0.0,211,svd_256
user_000000_000188,14,6,1,3,0.16666666666666666,211,svd_256
user_000000_000189,9,6,0,3,0.0,211,svd_256
user_000000_000190,15,10,1,2,0.1,211,svd_256
user_000000_000191,14,8,0,5,0.0,211,svd_256
user_000000_000192,6,1,0,5,0.0,211,svd_256
user_000000_000193,8,3,0,4,0.0,211,svd_256
user_000000_000194,10,3,0,5,0.0,211,svd_256
user_000000_000195,12,4,0,6,0.0,211,svd_256
user_000000_000196,13,5,0,2,0.0,211,svd_256
user_000000_000197,6,0,0,5,,211,svd_256
user_000000_000198,11,5,1,3,0.2,211,svd_256
user_000000_000199,13,4,0,4,0.0,211,svd_256
user_000000_000200,5,1,1,4,1.0,211,svd_256
user_000000_000201,12,2,0,5,0.0,211,svd_256
user_000000_000202,12,6,0,5,0.0,211,svd_256
user_000000_000203,15,11,0,1,0.0,211,svd_256
user_000000_000204,12,5,1,4,0.2,211,svd_256
user_000000_000205,14,6,1,5,0.16666666666666666,211,svd_256
user_000000_000206,6,2,0,4,0.0,211,svd_256
user_000000_000207,11,2,0,6,0.0,211,svd_256
user_000000_000208,11,6,0,1,0.0,211,svd_256
user_000000_000209,6,0,0,6,,211,svd_256
user_000000_000210,12,1,0,6,0.0,211,svd_256
user_000000_000211,13,7,0,3,0.0,211,svd_256
user_000000_000212,13,5,0,6,0.0,211,svd_256
user_000000_000213,15,8,2,3,0.25,211,svd_256
user_000000_000214,6,3,1,2,0.3333333333333333,211,svd_256
user_000000_000215,11,9,2,2,0.2222222222222222,211,svd_256
user_000000_000216,7,2,0,5,0.0,211,svd_256
user_000000_000217,14,7,0,3,0.0,211,svd_256
user_000000_000218,12,7,0,2,0.0,211,svd_256
user_000000_000219,15,7,0,5,0.0,211,svd_256
user_000000_000220,11,3,0,6,0.0,211,svd_256
user_000000_000221,11,3,0,6,0.0,211,svd_256
user_000000_000222,11,5,0,4,0.0,211,svd_256
user_000000_000223,14,7,0,2,0.0,211,svd_256
user_000000_000224,8,5,2,2,0.4,211,svd_256
user_000000_000225,12,4,0,3,0.0,211,svd_256
user_000000_000226,11,4,0,2,0.0,211,svd_256
user_000000_000227,10,2,0,6,0.0,211,svd_256
user_000000_000228,11,3,1,6,0.3333333333333333,211,svd_256
user_000000_000229,14,12,1,1,0.08333333333333333,211,svd_256
user_000000_000230,14,11,0,2,0.0,211,svd_256
user_000000_000231,8,2,0,6,0.0,211,svd_256
user_000000_000232,11,5,0,4,0.0,211,svd_256
user_000000_000233,11,6,0,4,0.0,211,svd_256
user_000000_000234,14,9,0,3,0.0,211,svd_256
user_000000_000235,13,3,0,5,0.0,211,svd_256
user_000000_000236,11,3,0,5,0.0,211,svd_256
user_000000_000237,15,8,0,6,0.0,211,svd_256
user_000000_000238,15,6,0,3,0.0,211,svd_256
user_000000_000239,7,1,0,2,0.0,211,svd_256
user_000000_000240,12,4,0,5,0.0,211,svd_256
user_000000_000241,7,0,0,4,,211,svd_256
user_000000_000242,13,7,1,2,0.14285714285714285,211,svd_256
user_000000_000243,14,5,0,3,0.0,211,svd_256
user_000000_000244,11,4,0,4,0.0,211,svd_256
user_000000_000245,13,4,0,6,0.0,211,svd_256
user_000000_000246,14,6,0,3,0.0,211,svd_256
user_000000_000247,8,2,0,5,0.0,211,svd_256
user_000000_000248,13,6,0,6,0.0,211,svd_256
user_000000_000249,11,9,1,0,0.1111111111111111,211,svd_256
user_000000_000250,5,1,0,4,0.0,211,svd_256
user_000000_000251,15,10,2,1,0.2,211,svd_256
user_000000_000252,11,4,0,3,0.0,211,svd_256
user_000000_000253,15,5,0,1,0.0,211,svd_256
user_000000_000254,14,8,1,4,0.125,211,svd_256
user_000000_000255,15,12,2,2,0.16666666666666666,211,svd_256
user_000000_000256,9,5,1,2,0.2,211,svd_256
user_000000_000257,8,2,0,6,0.0,211,svd_256
user_000000_000258,14,7,1,5,0.14285714285714285,211,svd_256
user_000000_000259,6,0,0,6,,211,svd_256
user_000000_000260,13,5,0,4,0.0,211,svd_256
user_000000_000261,12,6,1,5,0.16666666666666666,211,svd_256
user_000000_000262,14,11,0,2,0.0,211,svd_256
user_000000_000263,8,3,0,5,0.0,211,svd_256
user_000000_000264,10,4,1,6,0.25,211,svd_256
user_000000_000265,13,4,0,3,0.0,211,svd_256
user_000000_000266,10,6,0,4,0.0,211,svd_256
user_000000_000267,15,12,2,2,0.16666666666666666,211,svd_256
user_000000_000268,13,4,0,5,0.0,211,svd_256
user_000000_000269,13,5,0,3,0.0,211,svd_256
user_000000_000270,13,4,0,2,0.0,211,svd_256
user_000000_000271,10,3,0,3,0.0,211,svd_256
user_000000_000272,14,7,0,4,0.0,211,svd_256
user_000000_000273,13,6,0,3,0.0,211,svd_256
user_000000_000274,7,2,0,4,0.0,211,svd_256
user_000000_000275,9,2,0,5,0.0,211,svd_256
user_000000_000276,10,1,0,8,0.0,211,svd_256
user_000000_000277,12,6,0,2,0.0,211,svd_256
user_000000_000278,12,4,1,6,0.25,211,svd_256
user_000000_000279,8,3,0,2,0.0,211,svd_256
user_000000_000280,11,6,0,3,0.0,211,svd_256
user_000000_000281,13,7,2,4,0.2857142857142857,211,svd_256
user_000000_000282,5,0,0,5,,211,svd_256
user_000000_000283,10,4,0,3,0.0,211,svd_256
user_000000_000284,13,9,0,3,0.0,211,svd_256
user_000000_000285,11,3,0,4,0.0,211,svd_256
user_000000_000286,15,7,0,6,0.0,211,svd_256
user_000000_000287,14,8,0,3,0.0,211,svd_256
user_000000_000288,13,8,2,2,0.25,211,svd_256
user_000000_000289,8,3,0,4,0.0,211,svd_256
user_000000_000290,14,10,0,0,0.0,211,svd_256
user_000000_000291,14,9,0,3,0.0,211,svd_256
user_000000_000292,10,5,0,2,0.0,211,svd_256
user_000000_000293,14,9,0,1,0.0,211,svd_256
user_000000_000294,13,4,0,7,0.0,211,svd_256
user_000000_000295,12,2,0,5,0.0,211,svd_256
user_000000_000296,10,5,1,5,0.2,211,svd_256
user_000000_000297,13,2,0,8,0.0,211,svd_256
user_000000_000298,6,1,0,5,0.0,211,svd_256
user_000000_000299,10,3,0,4,0.0,211,svd_256
user_000000_000300,10,6,0,2,0.0,211,svd_256
user_000000_000301,12,4,0,4,0.0,211,svd_256
user_000000_000302,14,6,1,3,0.16666666666666666,211,svd_256
user_000000_000303,14,4,0,6,0.0,211,svd_256
user_000000_000304,5,1,0,4,0.0,211,svd_256
user_000000_000305,12,3,0,5,0.0,211,svd_256
user_000000_000306,15,9,1,1,0.1111111111111111,211,svd_256
user_000000_000307,14,9,0,2,0.0,211,svd_256
user_000000_000308,12,5,0,2,0.0,211,svd_256
user_000000_000309,12,5,0,2,0.0,211,svd_256
user_000000_000310,14,7,0,3,0.0,211,svd_256
user_000000_000311,15,9,0,4,0.0,211,svd_256
user_000000_000312,12,4,2,5,0.5,211,svd_256
user_000000_000313,14,5,0,6,0.0,211,svd_256
user_000000_000314,8,3,0,3,0.0,211,svd_256
user_000000_000315,13,4,0,5,0.0,211,svd_256
user_000000_000316,11,5,2,1,0.4,211,svd_256
user_000000_000317,14,9,0,2,0.0,211,svd_256
user_000000_000318,13,9,1,2,0.1111111111111111,211,svd_256
user_000000_000319,8,2,0,4,0.0,211,svd_256
user_000000_000320,13,7,1,4,0.14285714285714285,211,svd_256
user_000000_000321,11,1,0,6,0.0,211,svd_256
user_000000_000322,11,6,1,2,0.16666666666666666,211,svd_256
user_000000_000323,9,1,0,7,0.0,211,svd_256
user_000000_000324,14,10,0,1,0.0,211,svd_256
user_000000_000325,12,2,1,5,0.5,211,svd_256
user_000000_000326,7,2,0,3,0.0,211,svd_256
user_000000_000327,12,3,1,6,0.3333333333333333,211,svd_256
user_000000_000328,14,9,1,2,0.1111111111111111,211,svd_256
user_000000_000329,13,4,0,5,0.0,211,svd_256
user_000000_000330,15,14,0,0,0.0,211,svd_256
user_000000_000331,15,13,0,0,0.0,211,svd_256
user_000000_000332,14,6,1,5,0.16666666666666666,211,svd_256
user_000000_000333,11,4,0,5,0.0,211,svd_256
user_000000_000334,13,8,0,5,0.0,211,svd_256
user_000000_000335,13,4,0,5,0.0,211,svd_256
user_000000_000336,11,6,0,4,0.0,211,svd_256
user_000000_000337,14,9,0,1,0.0,211,svd_256
user_000000_000338,5,1,0,4,0.0,211,svd_256
user_000000_000339,13,4,0,3,0.0,211,svd_256
user_000000_000340,12,10,0,2,0.0,211,svd_256
user_000000_000341,11,3,0,5,0.0,211,svd_256
user_000000_000342,10,7,1,3,0.14285714285714285,211,svd_256
user_000000_000343,15,8,0,6,0.0,211,svd_256
user_000000_000344,5,4,2,1,0.5,211,svd_256
user_000000_000345,7,1,0,6,0.0,211,svd_256
user_000000_000346,10,5,0,5,0.0,211,svd_256
user_000000_000347,14,9,0,2,0.0,211,svd_256
user_000000_000348,14,8,1,3,0.125,211,svd_256
user_000000_000349,11,4,0,2,0.0,211,svd_256
user_000000_000350,8,3,0,3,0.0,211,svd_256
user_000000_000351,14,10,0,3,0.0,211,svd_256
user_000000_000352,9,4,0,5,0.0,211,svd_256
user_000000_000353,8,4,0,4,0.0,211,svd_256
user_000000_000354,14,9,0,3,0.0,211,svd_256
user_000000_000355,10,5,1,5,0.2,211,svd_256
user_000000_000356,12,4,0,4,0.0,211,svd_256
user_000000_000357,10,3,0,3,0.0,211,svd_256
user_000000_000358,12,4,0,4,0.0,211,svd_256
user_000000_000359,13,5,0,5,0.0,211,svd_256
user_000000_000360,8,2,1,6,0.5,211,svd_256
user_000000_000361,7,0,0,7,,211,svd_256
user_000000_000362,11,6,2,2,0.3333333333333333,211,svd_256
user_000000_000363,9,1,0,7,0.0,211,svd_256
user_000000_000364,14,7,0,2,0.0,211,svd_256
user_000000_000365,10,1,0,3,0.0,211,svd_256
user_000000_000366,14,5,0,6,0.0,211,svd_256
user_000000_000367,12,6,0,2,0.0,211,svd_256
user_000000_000368,13,4,0,5,0.0,211,svd_256
user_000000_000369,10,4,0,3,0.0,211,svd_256
user_000000_000370,9,3,0,4,0.0,211,svd_256
user_000000_000371,8,5,2,2,0.4,211,svd_256
user_000000_000372,11,3,0,6,0.0,211,svd_256
user_000000_000373,14,6,0,6,0.0,211,svd_256
user_000000_000374,13,7,1,3,0.14285714285714285,211,svd_256
user_000000_000375,9,0,0,5,,211,svd_256
user_000000_000376,12,3,0,3,0.0,211,svd_256
user_000000_000377,11,6,2,4,0.3333333333333333,211,svd_256
user_000000_000378,15,10,1,3,0.1,211,svd_256
user_000000_000379,13,7,0,4,0.0,211,svd_256
user_000000_000380,8,1,1,5,1.0,211,svd_256
user_000000_000381,9,5,1,3,0.2,211,svd_256
user_000000_000382,12,0,0,8,,211,svd_256
user_000000_000383,10,4,0,5,0.0,211,svd_256
user_000000_000384,13,9,0,2,0.0,211,svd_256
user_000000_000385,12,6,1,3,0.16666666666666666,211,svd_256
user_000000_000386,13,3,0,4,0.0,211,svd_256
user_000000_000387,12,7,0,3,0.0,211,svd_256
user_000000_000388,14,4,0,2,0.0,211,svd_256
user_000000_000389,5,1,1,3,1.0,211,svd_256
user_000000_000390,13,8,1,4,0.125,211,svd_256
user_000000_000391,12,5,0,4,0.0,211,svd_256
user_000000_000392,13,5,1,4,0.2,211,svd_256
user_000000_000393,14,8,1,1,0.125,211,svd_256
user_000000_000394,5,0,0,5,,211,svd_256
user_000000_000395,14,7,1,5,0.14285714285714285,211,svd_256
user_000000_000396,15,6,0,3,0.0,211,svd_256
user_000000_000397,14,9,0,2,0.0,211,svd_256
user_000000_000398,9,2,0,4,0.0,211,svd_256
user_000000_000399,11,4,0,4,0.0,211,svd_256
user_000000_000400,11,7,0,2,0.0,211,svd_256
user_000000_000401,13,3,1,2,0.3333333333333333,211,svd_256
user_000000_000402,12,6,0,4,0.0,211,svd_256
user_000000_000403,14,7,0,3,0.0,211,svd_256
user_000000_000404,12,5,0,3,0.0,211,svd_256
user_000000_000405,12,7,0,4,0.0,211,svd_256
user_000000_000406,14,10,0,2,0.0,211,svd_256
user_000000_000407,14,12,1,1,0.08333333333333333,211,svd_256
user_000000_000408,14,6,0,4,0.0,211,svd_256
user_000000_000409,13,6,0,3,0.0,211,svd_256
user_000000_000410,13,5,1,6,0.2,211,svd_256
user_000000_000411,12,7,0,1,0.0,211,svd_256
user_000000_000412,14,7,0,3,0.0,211,svd_256
user_000000_000413,14,12,1,2,0.08333333333333333,211,svd_256
user_000000_000414,8,3,0,5,0.0,211,svd_256
user_000000_000415,10,3,0,5,0.0,211,svd_256
user_000000_000416,9,4,1,5,0.25,211,svd_256
user_000000_000417,9,3,0,6,0.0,211,svd_256
user_000000_000418,14,11,0,2,0.0,211,svd_256
user_000000_000419,13,8,0,3,0.0,211,svd_256
user_000000_000420,8,2,0,6,0.0,211,svd_256
user_000000_000421,14,9,0,2,0.0,211,svd_256
user_000000_000422,9,3,0,5,0.0,211,svd_256
user_000000_000423,12,5,0,4,0.0,211,svd_256
user_000000_000424,14,10,1,1,0.1,211,svd_256
user_000000_000425,14,9,0,1,0.0,211,svd_256
user_000000_000426,14,5,0,5,0.0,211,svd_256
user_000000_000427,4,1,0,3,0.0,211,svd_256
user_000000_000428,11,7,0,4,0.0,211,svd_256
user_000000_000429,14,8,1,4,0.125,211,svd_256
user_000000_000430,10,3,0,5,0.0,211,svd_256
user_000000_000431,15,10,0,2,0.0,211,svd_256
user_000000_000432,14,10,0,4,0.0,211,svd_256
user_000000_000433,12,11,0,1,0.0,211,svd_256
user_000000_000434,10,6,0,4,0.0,211,svd_256
user_000000_000435,15,11,1,2,0.09090909090909091,211,svd_256
user_000000_000436,15,11,0,0,0.0,211,svd_256
user_000000_000437,8,0,0,5,,211,svd_256
user_000000_000438,12,5,0,6,0.0,211,svd_256
user_000000_000439,13,10,0,2,0.0,211,svd_256
user_000000_000440,12,6,0,5,0.0,211,svd_256
user_000000_000441,15,8,0,3,0.0,211,svd_256
user_000000_000442,12,6,1,5,0.16666666666666666,211,svd_256
user_000000_000443,10,5,0,3,0.0,211,svd_256
user_000000_000444,8,2,1,6,0.5,211,svd_256
user_000000_000445,7,3,1,3,0.3333333333333333,211,svd_256
user_000000_000446,14,10,0,3,0.0,211,svd_256
user_000000_000447,14,6,0,2,0.0,211,svd_256
user_000000_000448,12,6,1,3,0.16666666666666666,211,svd_256
user_000000_000449,13,4,0,5,0.0,211,svd_256
user_000000_000450,6,1,0,2,0.0,211,svd_256
user_000000_000451,14,8,1,4,0.125,211,svd_256
user_000000_000452,10,1,0,4,0.0,211,svd_256
user_000000_000453,13,9,1,2,0.1111111111111111,211,svd_256
user_000000_000454,11,4,0,4,0.0,211,svd_256
user_000000_000455,8,0,0,6,,211,svd_256
user_000000_000456,2,0,0,2,,211,svd_256
user_000000_000457,12,11,2,0,0.18181818181818182,211,svd_256
user_000000_000458,14,8,0,1,0.0,211,svd_256
user_000000_000459,13,6,0,4,0.0,211,svd_256
user_000000_000460,15,10,1,3,0.1,211,svd_256
user_000000_000461,13,7,0,5,0.0,211,svd_256
user_000000_000462,9,2,0,5,0.0,211,svd_256
user_000000_000463,10,4,0,3,0.0,211,svd_256
user_000000_000464,11,3,0,4,0.0,211,svd_256
user_000000_000465,11,0,0,2,,211,svd_256
user_000000_000466,13,7,0,2,0.0,211,svd_256
user_000000_000467,11,2,0,5,0.0,211,svd_256
user_000000_000468,13,7,0,4,0.0,211,svd_256
user_000000_000469,7,0,0,6,,211,svd_256
user_000000_000470,9,5,0,3,0.0,211,svd_256
user_000000_000471,6,0,0,5,,211,svd_256
user_000000_000472,4,0,0,4,,211,svd_256
user_000000_000473,15,6,0,1,0.0,211,svd_256
user_000000_000474,12,5,0,5,0.0,211,svd_256
user_000000_000475,5,2,0,2,0.0,211,svd_256
user_000000_000476,13,10,0,2,0.0,211,svd_256
user_000000_000477,7,1,0,4,0.0,211,svd_256
user_000000_000478,8,5,1,3,0.2,211,svd_256
user_000000_000479,13,3,0,6,0.0,211,svd_256
user_000000_000480,11,4,0,3,0.0,211,svd_256
user_000000_000481,11,5,0,3,0.0,211,svd_256
user_000000_000482,7,2,0,4,0.0,211,svd_256
user_000000_000483,10,6,2,3,0.3333333333333333,211,svd_256
user_000000_000484,9,3,0,6,0.0,211,svd_256
user_000000_000485,11,5,0,4,0.0,211,svd_256
user_000000_000486,12,2,0,7,0.0,211,svd_256
user_000000_000487,8,1,0,7,0.0,211,svd_256
user_000000_000488,15,9,0,2,0.0,211,svd_256
user_000000_000489,13,6,1,3,0.16666666666666666,211,svd_256
user_000000_000490,12,1,0,7,0.0,211,svd_256
user_000000_000491,8,2,0,4,0.0,211,svd_256
user_000000_000492,11,2,0,6,0.0,211,svd_256
user_000000_000493,15,10,0,1,0.0,211,svd_256
user_000000_000494,9,1,1,6,1.0,211,svd_256
user_000000_000495,8,1,0,6,0.0,211,svd_256
user_000000_000496,11,5,1,3,0.2,211,svd_256
user_000000_000497,14,8,1,4,0.125,211,svd_256
user_000000_000498,14,9,1,2,0.1111111111111111,211,svd_256
user_000000_000499,14,8,0,5,0.0,211,svd_256
user_000000_000500,13,3,0,6,0.0,211,svd_256
user_000000_000501,14,8,2,1,0.25,211,svd_256
user_000000_000502,13,5,0,3,0.0,211,svd_256
user_000000_000503,10,5,0,3,0.0,211,svd_256
user_000000_000504,14,7,1,3,0.14285714285714285,211,svd_256
user_000000_000505,13,6,0,2,0.0,211,svd_256
user_000000_000506,15,7,1,1,0.14285714285714285,211,svd_256
user_000000_000507,12,5,0,5,0.0,211,svd_256
user_000000_000508,12,6,0,3,0.0,211,svd_256
user_000000_000509,11,6,0,1,0.0,211,svd_256
user_000000_000510,14,9,1,2,0.1111111111111111,211,svd_256
user_000000_000511,15,11,0,3,0.0,211,svd_256
user_000000_000512,10,5,0,4,0.0,211,svd_256
user_000000_000513,11,5,0,5,0.0,211,svd_256
user_000000_000514,14,9,0,4,0.0,211,svd_256
user_000000_000515,11,7,1,1,0.14285714285714285,211,svd_256
user_000000_000516,14,5,1,6,0.2,211,svd_256
user_000000_000517,12,8,0,4,0.0,211,svd_256
user_000000_000518,13,5,0,4,0.0,211,svd_256
user_000000_000519,11,7,0,3,0.0,211,svd_256
user_000000_000520,15,6,1,4,0.16666666666666666,211,svd_256
user_000000_000521,14,7,0,2,0.0,211,svd_256
user_000000_000522,15,9,0,2,0.0,211,svd_256
user_000000_000523,11,6,0,5,0.0,211,svd_256
user_000000_000524,13,3,0,3,0.0,211,svd_256
user_000000_000525,11,2,0,5,0.0,211,svd_256
user_000000_000526,13,10,0,3,0.0,211,svd_256
user_000000_000527,13,9,0,3,0.0,211,svd_256
user_000000_000528,7,3,0,2,0.0,211,svd_256
user_000000_000529,12,2,0,5,0.0,211,svd_256
user_000000_000530,11,7,0,3,0.0,211,svd_256
user_000000_000531,6,0,0,6,,211,svd_256
user_000000_000532,13,5,0,5,0.0,211,svd_256
user_000000_000533,9,5,0,3,0.0,211,svd_256
user_000000_000534,15,10,1,2,0.1,211,svd_256
user_000000_000535,14,12,0,1,0.0,211,svd_256
user_000000_000536,14,12,0,1,0.0,211,svd_256
user_000000_000537,13,8,0,4,0.0,211,svd_256
user_000000_000538,14,11,1,2,0.09090909090909091,211,svd_256
user_000000_000539,11,4,0,4,0.0,211,svd_256
user_000000_000540,12,4,1,3,0.25,211,svd_256
user_000000_000541,9,3,0,5,0.0,211,svd_256
user_000000_000542,12,2,0,5,0.0,211,svd_256
user_000000_000543,10,4,0,3,0.0,211,svd_256
user_000000_000544,15,8,1,3,0.125,211,svd_256
user_000000_000545,13,8,0,3,0.0,211,svd_256
user_000000_000546,15,12,2,2,0.16666666666666666,211,svd_256
user_000000_000547,15,8,0,1,0.0,211,svd_256
user_000000_000548,14,11,0,2,0.0,211,svd_256
user_000000_000549,15,9,1,1,0.1111111111111111,211,svd_256
user_000000_000550,10,6,0,4,0.0,211,svd_256
user_000000_000551,8,2,0,6,0.0,211,svd_256
user_000000_000552,13,7,0,3,0.0,211,svd_256
user_000000_000553,9,4,1,3,0.25,211,svd_256
user_000000_000554,13,5,0,5,0.0,211,svd_256
user_000000_000555,15,11,0,0,0.0,211,svd_256
user_000000_000556,6,4,0,2,0.0,211,svd_256
user_000000_000557,9,1,0,4,0.0,211,svd_256
user_000000_000558,12,4,0,5,0.0,211,svd_256
user_000000_000559,14,8,1,2,0.125,211,svd_256
user_000000_000560,13,7,1,4,0.14285714285714285,211,svd_256
user_000000_000561,15,5,0,4,0.0,211,svd_256
user_000000_000562,11,2,0,4,0.0,211,svd_256
user_000000_000563,13,6,2,2,0.3333333333333333,211,svd_256
user_000000_000564,7,1,1,5,1.0,211,svd_256
user_000000_000565,11,8,0,3,0.0,211,svd_256
user_000000_000566,11,6,0,5,0.0,211,svd_256
user_000000_000567,15,8,2,3,0.25,211,svd_256
user_000000_000568,13,9,0,3,0.0,211,svd_256
user_000000_000569,8,0,0,6,,211,svd_256
user_000000_000570,13,6,0,2,0.0,211,svd_256
user_000000_000571,8,1,1,7,1.0,211,svd_256
user_000000_000572,12,5,0,5,0.0,211,svd_256
user_000000_000573,13,5,0,6,0.0,211,svd_256
user_000000_000574,11,5,0,4,0.0,211,svd_256
user_000000_000575,13,8,0,2,0.0,211,svd_256
user_000000_000576,13,10,0,2,0.0,211,svd_256
user_000000_000577,14,9,2,1,0.2222222222222222,211,svd_256
user_000000_000578,14,8,1,4,0.125,211,svd_256
user_000000_000579,6,1,1,5,1.0,211,svd_256
user_000000_000580,14,8,1,1,0.125,211,svd_256
user_000000_000581,9,5,1,4,0.2,211,svd_256
user_000000_000582,12,6,0,4,0.0,211,svd_256
user_000000_000583,11,7,1,1,0.14285714285714285,211,svd_256
user_000000_000584,9,4,0,3,0.0,211,svd_256
user_000000_000585,15,12,1,0,0.08333333333333333,211,svd_256
user_000000_000586,13,9,1,1,0.1111111111111111,211,svd_256
user_000000_000587,13,10,0,3,0.0,211,svd_256
user_000000_000588,13,7,1,2,0.14285714285714285,211,svd_256
user_000000_000589,14,11,0,3,0.0,211,svd_256
user_000000_000590,13,5,0,2,0.0,211,svd_256
user_000000_000591,13,4,1,5,0.25,211,svd_256
user_000000_000592,12,5,0,2,0.0,211,svd_256
user_000000_000593,6,1,0,5,0.0,211,svd_256
user_000000_000594,12,5,0,3,0.0,211,svd_256
user_000000_000595,15,8,1,3,0.125,211,svd_256
user_000000_000596,10,5,0,4,0.0,211,svd_256
user_000000_000597,12,5,0,3,0.0,211,svd_256
user_000000_000598,4,0,0,4,,211,svd_256
user_000000_000599,14,9,1,3,0.1111111111111111,211,svd_256
user_000000_000600,13,6,0,3,0.0,211,svd_256
user_000000_000601,13,7,0,4,0.0,211,svd_256
user_000000_000602,12,7,1,2,0.14285714285714285,211,svd_256
user_000000_000603,15,8,0,3,0.0,211,svd_256
user_000000_000604,12,6,1,2,0.16666666666666666,211,svd_256
user_000000_000605,12,3,0,5,0.0,211,svd_256
user_000000_000606,15,9,0,2,0.0,211,svd_256
user_000000_000607,8,4,1,4,0.25,211,svd_256
user_000000_000608,13,10,1,3,0.1,211,svd_256
user_000000_000609,13,10,0,2,0.0,211,svd_256
user_000000_000610,15,11,1,1,0.09090909090909091,211,svd_256
user_000000_000611,14,8,0,4,0.0,211,svd_256
user_000000_000612,13,8,1,3,0.125,211,svd_256
user_000000_000613,7,1,0,4,0.0,211,svd_256
user_000000_000614,13,7,0,3,0.0,211,svd_256
user_000000_000615,11,7,0,4,0.0,211,svd_256
user_000000_000616,8,3,0,3,0.0,211,svd_256
user_000000_000617,15,11,0,3,0.0,211,svd_256
user_000000_000618,13,4,0,5,0.0,211,svd_256
user_000000_000619,13,4,0,5,0.0,211,svd_256
user_000000_000620,15,10,0,4,0.0,211,svd_256
user_000000_000621,8,1,0,7,0.0,211,svd_256
user_000000_000622,12,5,0,3,0.0,211,svd_256
user_000000_000623,13,5,0,3,0.0,211,svd_256
user_000000_000624,14,7,0,3,0.0,211,svd_256
user_000000_000625,10,5,0,5,0.0,211,svd_256
user_000000_000626,12,9,1,3,0.1111111111111111,211,svd_256
user_000000_000627,14,7,1,4,0.14285714285714285,211,svd_256
user_000000_000628,15,10,1,3,0.1,211,svd_256
user_000000_000629,12,1,0,5,0.0,211,svd_256
user_000000_000630,13,7,0,5,0.0,211,svd_256
user_000000_000631,15,10,1,3,0.1,211,svd_256
user_000000_000632,12,5,0,3,0.0,211,svd_256
user_000000_000633,12,5,0,4,0.0,211,svd_256
user_000000_000634,14,9,1,0,0.1111111111111111,211,svd_256
user_000000_000635,12,7,0,2,0.0,211,svd_256
user_000000_000636,14,5,0,3,0.0,211,svd_256
user_000000_000637,5,0,0,4,,211,svd_256
user_000000_000638,10,6,0,2,0.0,211,svd_256
user_000000_000639,13,5,0,5,0.0,211,svd_256
user_000000_000640,10,6,0,3,0.0,211,svd_256
user_000000_000641,15,8,0,5,0.0,211,svd_256
user_000000_000642,14,7,0,3,0.0,211,svd_256
user_000000_000643,9,3,1,6,0.3333333333333333,211,svd_256
user_000000_000644,7,1,0,5,0.0,211,svd_256
user_000000_000645,9,7,1,2,0.14285714285714285,211,svd_256
user_000000_000646,10,3,0,5,0.0,211,svd_256
user_000000_000647,8,2,0,6,0.0,211,svd_256
user_000000_000648,13,8,1,3,0.125,211,svd_256
user_000000_000649,13,3,0,6,0.0,211,svd_256
user_000000_000650,14,7,2,5,0.2857142857142857,211,svd_256
user_000000_000651,13,4,0,5,0.0,211,svd_256
user_000000_000652,11,4,0,4,0.0,211,svd_256
user_000000_000653,9,3,0,4,0.0,211,svd_256
user_000000_000654,9,0,0,6,,211,svd_256
user_000000_000655,6,1,1,5,1.0,211,svd_256
user_000000_000656,13,5,0,5,0.0,211,svd_256
user_000000_000657,15,10,1,3,0.1,211,svd_256
user_000000_000658,13,8,0,2,0.0,211,svd_256
user_000000_000659,14,7,0,4,0.0,211,svd_256
user_000000_000660,13,7,1,2,0.14285714285714285,211,svd_256
user_000000_000661,15,6,0,1,0.0,211,svd_256
user_000000_000662,14,8,0,5,0.0,211,svd_256
user_000000_000663,12,6,1,2,0.16666666666666666,211,svd_256
user_000000_000664,8,4,1,4,0.25,211,svd_256
user_000000_000665,15,10,0,1,0.0,211,svd_256
user_000000_000666,9,3,1,4,0.3333333333333333,211,svd_256
user_000000_000667,11,5,0,4,0.0,211,svd_256
user_000000_000668,12,5,0,4,0.0,211,svd_256
user_000000_000669,15,3,0,7,0.0,211,svd_256
user_000000_000670,14,10,0,1,0.0,211,svd_256
user_000000_000671,12,5,0,6,0.0,211,svd_256
user_000000_000672,8,4,0,3,0.0,211,svd_256
user_000000_000673,14,8,0,3,0.0,211,svd_256
user_000000_000674,11,3,0,4,0.0,211,svd_256
user_000000_000675,13,4,0,5,0.0,211,svd_256
user_000000_000676,12,6,0,4,0.0,211,svd_256
user_000000_000677,13,5,0,5,0.0,211,svd_256
user_000000_000678,8,2,0,4,0.0,211,svd_256
user_000000_000679,12,6,0,2,0.0,211,svd_256
user_000000_000680,15,6,0,2,0.0,211,svd_256
user_000000_000681,15,12,0,2,0.0,211,svd_256
user_000000_000682,13,5,0,2,0.0,211,svd_256
user_000000_000683,12,4,0,5,0.0,211,svd_256
user_000000_000684,13,5,0,6,0.0,211,svd_256
user_000000_000685,11,1,0,5,0.0,211,svd_256
user_000000_000686,12,9,1,1,0.1111111111111111,211,svd_256
user_000000_000687,9,4,0,4,0.0,211,svd_256
user_000000_000688,6,0,0,5,,211,svd_256
user_000000_000689,13,7,0,3,0.0,211,svd_256
user_000000_000690,10,5,0,5,0.0,211,svd_256
user_000000_000691,11,6,1,4,0.16666666666666666,211,svd_256
user_000000_000692,11,3,0,4,0.0,211,svd_256
user_000000_000693,13,7,2,2,0.2857142857142857,211,svd_256
user_000000_000694,10,5,0,3,0.0,211,svd_256
user_000000_000695,13,7,0,2,0.0,211,svd_256
user_000000_000696,15,11,0,3,0.0,211,svd_256
user_000000_000697,11,5,2,6,0.4,211,svd_256
user_000000_000698,14,10,0,2,0.0,211,svd_256
user_000000_000699,12,6,1,4,0.16666666666666666,211,svd_256
user_000000_000700,12,2,0,7,0.0,211,svd_256
user_000000_000701,9,0,0,7,,211,svd_256
user_000000_000702,6,0,0,6,,211,svd_256
user_000000_000703,14,5,1,5,0.2,211,svd_256
user_000000_000704,7,2,1,5,0.5,211,svd_256
user_000000_000705,11,5,0,4,0.0,211,svd_256
user_000000_000706,13,9,0,2,0.0,211,svd_256
user_000000_000707,11,2,0,5,0.0,211,svd_256
user_000000_000708,14,6,0,5,0.0,211,svd_256
user_000000_000709,9,4,0,5,0.0,211,svd_256
user_000000_000710,13,6,0,3,0.0,211,svd_256
user_000000_000711,12,6,0,4,0.0,211,svd_256
user_000000_000712,14,9,0,3,0.0,211,svd_256
user_000000_000713,11,8,0,2,0.0,211,svd_256
user_000000_000714,11,7,0,4,0.0,211,svd_256
user_000000_000715,13,4,0,5,0.0,211,svd_256
user_000000_000716,11,7,0,3,0.0,211,svd_256
user_000000_000717,14,9,0,2,0.0,211,svd_256
user_000000_000718,15,7,0,5,0.0,211,svd_256
user_000000_000719,12,5,0,3,0.0,211,svd_256
user_000000_000720,13,6,0,4,0.0,211,svd_256
user_000000_000721,14,11,0,3,0.0,211,svd_256
user_000000_000722,15,8,0,3,0.0,211,svd_256
user_000000_000723,11,6,0,3,0.0,211,svd_256
user_000000_000724,7,1,0,6,0.0,211,svd_256
user_000000_000725,6,1,0,4,0.0,211,svd_256
user_000000_000726,7,2,0,5,0.0,211,svd_256
user_000000_000727,12,3,0,6,0.0,211,svd_256
user_000000_000728,11,7,0,4,0.0,211,svd_256
user_000000_000729,13,9,0,3,0.0,211,svd_256
user_000000_000730,14,10,0,2,0.0,211,svd_256
user_000000_000731,13,7,0,4,0.0,211,svd_256
user_000000_000732,14,7,0,2,0.0,211,svd_256
user_000000_000733,14,7,0,3,0.0,211,svd_256
user_000000_000734,10,2,0,5,0.0,211,svd_256
user_000000_000735,12,8,0,3,0.0,211,svd_256
user_000000_000736,7,3,0,3,0.0,211,svd_256
user_000000_000737,11,3,0,6,0.0,211,svd_256
user_000000_000738,8,2,0,4,0.0,211,svd_256
user_000000_000739,13,7,0,4,0.0,211,svd_256
user_000000_000740,15,11,0,2,0.0,211,svd_256
user_000000_000741,11,3,0,3,0.0,211,svd_256
user_000000_000742,12,4,0,4,0.0,211,svd_256
user_000000_000743,9,3,1,6,0.3333333333333333,211,svd_256
user_000000_000744,14,8,1,2,0.125,211,svd_256
user_000000_000745,10,4,1,3,0.25,211,svd_256
user_000000_000746,9,2,0,5,0.0,211,svd_256
user_000000_000747,10,5,1,5,0.2,211,svd_256
user_000000_000748,15,10,1,4,0.1,211,svd_256
user_000000_000749,11,1,0,7,0.0,211,svd_256
user_000000_000750,13,9,0,3,0.0,211,svd_256
user_000000_000751,4,0,0,4,,211,svd_256
user_000000_000752,13,10,1,3,0.1,211,svd_256
user_000000_000753,10,3,0,5,0.0,211,svd_256
user_000000_000754,11,10,1,1,0.1,211,svd_256
user_000000_000755,14,8,0,0,0.0,211,svd_256
user_000000_000756,9,4,1,4,0.25,211,svd_256
user_000000_000757,4,1,0,2,0.0,211,svd_256
user_000000_000758,11,4,0,6,0.0,211,svd_256
user_000000_000759,10,7,0,2,0.0,211,svd_256
user_000000_000760,10,7,1,3,0.14285714285714285,211,svd_256
user_000000_000761,10,4,1,4,0.25,211,svd_256
user_000000_000762,12,7,0,3,0.0,211,svd_256
user_000000_000763,14,11,2,1,0.18181818181818182,211,svd_256
user_000000_000764,14,9,0,2,0.0,211,svd_256
user_000000_000765,14,10,0,2,0.0,211,svd_256
user_000000_000766,8,1,0,4,0.0,211,svd_256
user_000000_000767,15,7,0,4,0.0,211,svd_256
user_000000_000768,11,1,0,2,0.0,211,svd_256
user_000000_000769,13,5,0,4,0.0,211,svd_256
user_000000_000770,9,5,0,4,0.0,211,svd_256
user_000000_000771,14,9,0,3,0.0,211,svd_256
user_000000_000772,9,2,0,4,0.0,211,svd_256
user_000000_000773,12,4,0,5,0.0,211,svd_256
user_000000_000774,15,9,0,4,0.0,211,svd_256
user_000000_000775,15,12,1,2,0.08333333333333333,211,svd_256
user_000000_000776,9,1,0,4,0.0,211,svd_256
user_000000_000777,12,7,0,3,0.0,211,svd_256
user_000000_000778,11,1,0,5,0.0,211,svd_256
user_000000_000779,11,3,0,5,0.0,211,svd_256
user_000000_000780,10,4,0,4,0.0,211,svd_256
user_000000_000781,14,9,1,2,0.1111111111111111,211,svd_256
user_000000_000782,13,6,0,5,0.0,211,svd_256
user_000000_000783,12,6,0,4,0.0,211,svd_256
user_000000_000784,15,9,0,1,0.0,211,svd_256
user_000000_000785,12,5,0,3,0.0,211,svd_256
user_000000_000786,14,7,1,4,0.14285714285714285,211,svd_256
user_000000_000787,10,3,0,6,0.0,211,svd_256
user_000000_000788,15,11,0,3,0.0,211,svd_256
user_000000_000789,11,5,0,3,0.0,211,svd_256
user_000000_000790,13,7,0,3,0.0,211,svd_256
user_000000_000791,11,3,0,5,0.0,211,svd_256
user_000000_000792,14,7,1,4,0.14285714285714285,211,svd_256
user_000000_000793,11,5,0,5,0.0,211,svd_256
user_000000_000794,14,4,0,5,0.0,211,svd_256
user_000000_000795,15,8,0,3,0.0,211,svd_256
user_000000_000796,10,3,0,4,0.0,211,svd_256
user_000000_000797,15,9,0,3,0.0,211,svd_256
user_000000_000798,15,9,1,4,0.1111111111111111,211,svd_256
user_000000_000799,12,6,2,4,0.3333333333333333,211,svd_256
user_000000_000800,6,3,1,3,0.3333333333333333,211,svd_256
user_000000_000801,11,5,0,2,0.0,211,svd_256
user_000000_000802,10,2,0,4,0.0,211,svd_256
user_000000_000803,14,10,3,1,0.3,211,svd_256
user_000000_000804,14,7,1,2,0.14285714285714285,211,svd_256
user_000000_000805,15,12,0,2,0.0,211,svd_256
user_000000_000806,13,5,0,4,0.0,211,svd_256
user_000000_000807,11,3,0,6,0.0,211,svd_256
user_000000_000808,15,9,0,2,0.0,211,svd_256
user_000000_000809,13,10,1,2,0.1,211,svd_256
user_000000_000810,14,8,0,2,0.0,211,svd_256
user_000000_000811,13,6,1,2,0.16666666666666666,211,svd_256
user_000000_000812,13,5,0,4,0.0,211,svd_256
user_000000_000813,12,6,1,4,0.16666666666666666,211,svd_256
user_000000_000814,13,9,0,3,0.0,211,svd_256
user_000000_000815,14,10,0,3,0.0,211,svd_256
user_000000_000816,15,13,1,1,0.07692307692307693,211,svd_256
user_000000_000817,13,5,0,4,0.0,211,svd_256
user_000000_000818,11,8,0,1,0.0,211,svd_256
user_000000_000819,12,3,0,5,0.0,211,svd_256
user_000000_000820,11,5,1,2,0.2,211,svd_256
user_000000_000821,7,2,0,5,0.0,211,svd_256
user_000000_000822,11,6,0,4,0.0,211,svd_256
user_000000_000823,9,4,0,5,0.0,211,svd_256
user_000000_000824,13,7,1,2,0.14285714285714285,211,svd_256
user_000000_000825,12,4,0,2,0.0,211,svd_256
user_000000_000826,6,1,1,5,1.0,211,svd_256
user_000000_000827,15,10,1,0,0.1,211,svd_256
user_000000_000828,10,4,0,3,0.0,211,svd_256
user_000000_000829,11,1,0,6,0.0,211,svd_256
user_000000_000830,11,6,0,1,0.0,211,svd_256
user_000000_000831,13,8,0,3,0.0,211,svd_256
user_000000_000832,13,8,1,4,0.125,211,svd_256
user_000000_000833,12,4,0,5,0.0,211,svd_256
user_000000_000834,13,9,0,2,0.0,211,svd_256
user_000000_000835,10,4,0,5,0.0,211,svd_256
user_000000_000836,12,6,0,2,0.0,211,svd_256
user_000000_000837,9,3,0,4,0.0,211,svd_256
user_000000_000838,12,3,0,6,0.0,211,svd_256
user_000000_000839,10,2,0,7,0.0,211,svd_256
user_000000_000840,9,8,0,1,0.0,211,svd_256
user_000000_000841,14,7,0,3,0.0,211,svd_256
user_000000_000842,14,7,0,1,0.0,211,svd_256
user_000000_000843,15,12,0,0,0.0,211,svd_256
user_000000_000844,7,2,0,5,0.0,211,svd_256
user_000000_000845,13,7,1,2,0.14285714285714285,211,svd_256
user_000000_000846,14,9,0,1,0.0,211,svd_256
user_000000_000847,13,7,1,3,0.14285714285714285,211,svd_256
user_000000_000848,9,2,0,6,0.0,211,svd_256
user_000000_000849,14,10,1,3,0.1,211,svd_256
user_000000_000850,6,4,1,1,0.25,211,svd_256
user_000000_000851,13,4,1,5,0.25,211,svd_256
user_000000_000852,14,12,0,2,0.0,211,svd_256
user_000000_000853,15,8,1,5,0.125,211,svd_256
user_000000_000854,6,1,1,5,1.0,211,svd_256
user_000000_000855,13,8,0,3,0.0,211,svd_256
user_000000_000856,12,7,0,4,0.0,211,svd_256
user_000000_000857,8,2,1,5,0.5,211,svd_256
user_000000_000858,13,10,0,2,0.0,211,svd_256
user_000000_000859,11,8,1,2,0.125,211,svd_256
user_000000_000860,7,0,0,5,,211,svd_256
user_000000_000861,10,4,0,5,0.0,211,svd_256
user_000000_000862,15,10,2,3,0.2,211,svd_256
user_000000_000863,13,6,1,3,0.16666666666666666,211,svd_256
user_000000_000864,14,8,0,2,0.0,211,svd_256
user_000000_000865,11,6,1,3,0.16666666666666666,211,svd_256
user_000000_000866,8,0,0,6,,211,svd_256
user_000000_000867,13,8,0,3,0.0,211,svd_256
user_000000_000868,13,7,0,4,0.0,211,svd_256
user_000000_000869,14,7,1,3,0.14285714285714285,211,svd_256
user_000000_000870,9,3,0,3,0.0,211,svd_256
user_000000_000871,14,7,1,2,0.14285714285714285,211,svd_256
user_000000_000872,11,5,0,3,0.0,211,svd_256
user_000000_000873,12,4,0,5,0.0,211,svd_256
user_000000_000874,14,6,0,5,0.0,211,svd_256
user_000000_000875,12,8,0,3,0.0,211,svd_256
user_000000_000876,15,12,0,2,0.0,211,svd_256
user_000000_000877,10,6,1,2,0.16666666666666666,211,svd_256
user_000000_000878,9,1,0,7,0.0,211,svd_256
user_000000_000879,12,8,1,3,0.125,211,svd_256
user_000000_000880,9,4,1,2,0.25,211,svd_256
user_000000_000881,7,1,0,6,0.0,211,svd_256
user_000000_000882,14,8,1,3,0.125,211,svd_256
user_000000_000883,12,6,0,5,0.0,211,svd_256
user_000000_000884,12,6,0,3,0.0,211,svd_256
user_000000_000885,11,5,1,6,0.2,211,svd_256
user_000000_000886,7,1,0,5,0.0,211,svd_256
user_000000_000887,13,11,1,1,0.09090909090909091,211,svd_256
user_000000_000888,12,3,1,5,0.3333333333333333,211,svd_256
user_000000_000889,12,8,0,2,0.0,211,svd_256
user_000000_000890,13,11,1,0,0.09090909090909091,211,svd_256
user_000000_000891,6,1,0,5,0.0,211,svd_256
user_000000_000892,10,3,0,4,0.0,211,svd_256
user_000000_000893,15,11,2,1,0.18181818181818182,211,svd_256
user_000000_000894,7,0,0,6,,211,svd_256
user_000000_000895,14,8,0,3,0.0,211,svd_256
user_000000_000896,10,6,0,3,0.0,211,svd_256
user_000000_000897,11,0,0,5,,211,svd_256
user_000000_000898,12,6,0,1,0.0,211,svd_256
user_000000_000899,15,9,0,3,0.0,211,svd_256
user_000000_000900,14,8,0,3,0.0,211,svd_256
user_000000_000901,11,5,0,3,0.0,211,svd_256
user_000000_000902,14,5,0,4,0.0,211,svd_256
user_000000_000903,7,0,0,6,,211,svd_256
user_000000_000904,11,3,1,2,0.3333333333333333,211,svd_256
user_000000_000905,11,4,0,5,0.0,211,svd_256
user_000000_000906,13,7,0,3,0.0,211,svd_256
user_000000_000907,10,5,1,3,0.2,211,svd_256
user_000000_000908,14,9,1,3,0.1111111111111111,211,svd_256
user_000000_000909,13,7,0,4,0.0,211,svd_256
user_000000_000910,14,7,0,2,0.0,211,svd_256
user_000000_000911,14,6,0,2,0.0,211,svd_256
user_000000_000912,13,8,1,3,0.125,211,svd_256
user_000000_000913,10,4,0,5,0.0,211,svd_256
user_000000_000914,12,4,0,4,0.0,211,svd_256
user_000000_000915,12,5,0,6,0.0,211,svd_256
user_000000_000916,15,8,0,4,0.0,211,svd_256
user_000000_000917,14,10,1,1,0.1,211,svd_256
user_000000_000918,13,8,1,3,0.125,211,svd_256
user_000000_000919,7,2,0,5,0.0,211,svd_256
user_000000_000920,9,5,0,3,0.0,211,svd_256
user_000000_000921,13,7,0,3,0.0,211,svd_256
user_000000_000922,11,5,0,3,0.0,211,svd_256
user_000000_000923,15,12,0,3,0.0,211,svd_256
user_000000_000924,12,9,0,0,0.0,211,svd_256
user_000000_000925,11,6,1,4,0.16666666666666666,211,svd_256
user_000000_000926,13,7,0,4,0.0,211,svd_256
user_000000_000927,15,9,1,4,0.1111111111111111,211,svd_256
user_000000_000928,13,4,0,5,0.0,211,svd_256
user_000000_000929,12,8,0,3,0.0,211,svd_256
user_000000_000930,12,3,0,6,0.0,211,svd_256
user_000000_000931,6,0,0,5,,211,svd_256
user_000000_000932,13,5,0,8,0.0,211,svd_256
user_000000_000933,12,5,1,1,0.2,211,svd_256
user_000000_000934,8,1,0,6,0.0,211,svd_256
user_000000_000935,6,0,0,6,,211,svd_256
user_000000_000936,14,6,0,4,0.0,211,svd_256
user_000000_000937,11,7,0,3,0.0,211,svd_256
user_000000_000938,12,8,1,1,0.125,211,svd_256
user_000000_000939,9,2,0,6,0.0,211,svd_256
user_000000_000940,11,5,0,4,0.0,211,svd_256
user_000000_000941,13,5,1,2,0.2,211,svd_256
user_000000_000942,13,4,0,4,0.0,211,svd_256
user_000000_000943,9,3,1,4,0.3333333333333333,211,svd_256
user_000000_000944,14,9,0,3,0.0,211,svd_256
user_000000_000945,8,4,0,3,0.0,211,svd_256
user_000000_000946,12,5,0,4,0.0,211,svd_256
user_000000_000947,14,8,0,3,0.0,211,svd_256
user_000000_000948,13,5,0,4,0.0,211,svd_256
user_000000_000949,8,1,1,7,1.0,211,svd_256
user_000000_000950,14,6,0,1,0.0,211,svd_256
user_000000_000951,14,11,1,1,0.09090909090909091,211,svd_256
user_000000_000952,9,7,0,2,0.0,211,svd_256
user_000000_000953,14,6,0,5,0.0,211,svd_256
user_000000_000954,13,8,0,4,0.0,211,svd_256
user_000000_000955,11,5,1,4,0.2,211,svd_256
user_000000_000956,13,4,1,5,0.25,211,svd_256
user_000000_000957,14,5,0,5,0.0,211,svd_256
user_000000_000958,10,4,0,5,0.0,211,svd_256
user_000000_000959,10,3,0,3,0.0,211,svd_256
user_000000_000960,15,10,0,0,0.0,211,svd_256
user_000000_000961,12,2,0,7,0.0,211,svd_256
user_000000_000962,9,2,0,4,0.0,211,svd_256
user_000000_000963,11,5,0,5,0.0,211,svd_256
user_000000_000964,14,6,2,4,0.3333333333333333,211,svd_256
user_000000_000965,6,1,0,4,0.0,211,svd_256
user_000000_000966,10,4,1,5,0.25,211,svd_256
user_000000_000967,11,4,0,5,0.0,211,svd_256
user_000000_000968,12,4,1,6,0.25,211,svd_256
user_000000_000969,11,7,1,3,0.14285714285714285,211,svd_256
user_000000_000970,12,6,1,5,0.16666666666666666,211,svd_256
user_000000_000971,7,3,1,4,0.3333333333333333,211,svd_256
user_000000_000972,14,9,1,1,0.1111111111111111,211,svd_256
user_000000_000973,12,7,0,3,0.0,211,svd_256
user_000000_000974,12,6,0,3,0.0,211,svd_256
user_000000_000975,14,11,1,1,0.09090909090909091,211,svd_256
user_000000_000976,12,3,0,6,0.0,211,svd_256
user_000000_000977,13,5,1,3,0.2,211,svd_256
user_000000_000978,14,4,0,3,0.0,211,svd_256
user_000000_000979,6,0,0,6,,211,svd_256
user_000000_000980,12,3,1,5,0.3333333333333333,211,svd_256
user_000000_000981,14,4,0,6,0.0,211,svd_256
user_000000_000982,9,4,0,3,0.0,211,svd_256
user_000000_000983,11,4,1,3,0.25,211,svd_256
user_000000_000984,15,8,0,2,0.0,211,svd_256
user_000000_000985,3,1,0,2,0.0,211,svd_256
user_000000_000986,2,0,0,2,,211,svd_256
user_000000_000987,14,7,0,3,0.0,211,svd_256
user_000000_000988,14,7,0,4,0.0,211,svd_256
user_000000_000989,12,4,0,7,0.0,211,svd_256
user_000000_000990,8,2,0,4,0.0,211,svd_256
user_000000_000991,10,3,0,4,0.0,211,svd_256
user_000000_000992,6,1,0,5,0.0,211,svd_256
user_000000_000993,15,9,2,1,0.2222222222222222,211,svd_256
user_000000_000994,10,3,0,6,0.0,211,svd_256
user_000000_000995,3,0,0,3,,211,svd_256
user_000000_000996,9,2,0,2,0.0,211,svd_256
user_000000_000997,11,3,0,5,0.0,211,svd_256
user_000000_000998,7,1,0,5,0.0,211,svd_256
user_000000_000999,13,3,0,3,0.0,211,svd_256
user_000000_001000,7,0,0,4,,211,svd_256
user_000000_001001,9,4,0,2,0.0,211,svd_256
user_000000_001002,15,6,0,3,0.0,211,svd_256
user_000000_001003,10,6,0,1,0.0,211,svd_256
user_000000_001004,13,7,2,3,0.2857142857142857,211,svd_256
user_000000_001005,14,6,0,3,0.0,211,svd_256
user_000000_001006,14,8,0,3,0.0,211,svd_256
user_000000_001007,15,7,0,1,0.0,211,svd_256
user_000000_001008,12,5,0,4,0.0,211,svd_256
user_000000_001009,11,6,0,3,0.0,211,svd_256
user_000000_001010,12,7,0,4,0.0,211,svd_256
user_000000_001011,15,12,0,3,0.0,211,svd_256
user_000000_001012,14,6,1,5,0.16666666666666666,211,svd_256
user_000000_001013,9,4,1,3,0.25,211,svd_256
user_000000_001014,14,6,0,3,0.0,211,svd_256
user_000000_001015,13,5,1,3,0.2,211,svd_256
user_000000_001016,9,6,0,3,0.0,211,svd_256
user_000000_001017,11,5,0,5,0.0,211,svd_256
user_000000_001018,10,2,0,4,0.0,211,svd_256
user_000000_001019,10,3,0,5,0.0,211,svd_256
user_000000_001020,15,9,0,3,0.0,211,svd_256
user_000000_001021,13,7,2,4,0.2857142857142857,211,svd_256
user_000000_001022,13,5,0,5,0.0,211,svd_256
user_000000_001023,15,9,1,1,0.1111111111111111,211,svd_256
user_000000_001024,12,8,0,2,0.0,211,svd_256
user_000000_001025,14,6,1,3,0.16666666666666666,211,svd_256
user_000000_001026,9,0,0,6,,211,svd_256
user_000000_001027,6,1,0,5,0.0,211,svd_256
user_000000_001028,13,8,0,3,0.0,211,svd_256
user_000000_001029,12,6,0,2,0.0,211,svd_256
user_000000_001030,9,2,0,5,0.0,211,svd_256
user_000000_001031,14,7,0,3,0.0,211,svd_256
user_000000_001032,11,7,0,2,0.0,211,svd_256
user_000000_001033,12,5,0,5,0.0,211,svd_256
user_000000_001034,8,3,0,4,0.0,211,svd_256
user_000000_001035,12,5,0,5,0.0,211,svd_256
user_000000_001036,15,13,0,2,0.0,211,svd_256
user_000000_001037,11,1,0,6,0.0,211,svd_256
user_000000_001038,11,3,0,5,0.0,211,svd_256
user_000000_001039,11,5,0,4,0.0,211,svd_256
user_000000_001040,13,11,0,2,0.0,211,svd_256
user_000000_001041,9,5,0,3,0.0,211,svd_256
user_000000_001042,13,6,0,2,0.0,211,svd_256
user_000000_001043,11,4,1,5,0.25,211,svd_256
user_000000_001044,15,9,2,1,0.2222222222222222,211,svd_256
user_000000_001045,13,8,1,3,0.125,211,svd_256
user_000000_001046,14,7,0,3,0.0,211,svd_256
user_000000_001047,14,5,1,5,0.2,211,svd_256
user_000000_001048,13,5,1,5,0.2,211,svd_256
user_000000_001049,12,2,0,4,0.0,211,svd_256
user_000000_001050,9,4,1,3,0.25,211,svd_256
user_000000_001051,15,12,1,2,0.08333333333333333,211,svd_256
user_000000_001052,14,10,1,2,0.1,211,svd_256
user_000000_001053,15,12,2,2,0.16666666666666666,211,svd_256
user_000000_001054,6,1,1,4,1.0,211,svd_256
user_000000_001055,11,3,1,6,0.3333333333333333,211,svd_256
user_000000_001056,13,8,2,4,0.25,211,svd_256
user_000000_001057,14,8,0,2,0.0,211,svd_256
user_000000_001058,13,6,1,5,0.16666666666666666,211,svd_256
user_000000_001059,15,12,0,3,0.0,211,svd_256
user_000000_001060,9,3,0,6,0.0,211,svd_256
user_000000_001061,6,2,1,3,0.5,211,svd_256
user_000000_001062,10,3,0,4,0.0,211,svd_256
user_000000_001063,11,6,0,3,0.0,211,svd_256
user_000000_001064,11,4,0,5,0.0,211,svd_256
user_000000_001065,6,0,0,6,,211,svd_256
user_000000_001066,14,9,1,3,0.1111111111111111,211,svd_256
user_000000_001067,14,9,1,2,0.1111111111111111,211,svd_256
user_000000_001068,15,10,0,3,0.0,211,svd_256
user_000000_001069,9,6,2,3,0.3333333333333333,211,svd_256
user_000000_001070,14,12,0,0,0.0,211,svd_256
user_000000_001071,13,7,1,5,0.14285714285714285,211,svd_256
user_000000_001072,14,8,0,4,0.0,211,svd_256
user_000000_001073,15,6,0,4,0.0,211,svd_256
user_000000_001074,13,8,0,1,0.0,211,svd_256
user_000000_001075,8,1,0,5,0.0,211,svd_256
user_000000_001076,14,8,1,2,0.125,211,svd_256
user_000000_001077,11,3,0,3,0.0,211,svd_256
user_000000_001078,13,5,1,5,0.2,211,svd_256
user_000000_001079,14,9,0,2,0.0,211,svd_256
user_000000_001080,13,7,0,3,0.0,211,svd_256
user_000000_001081,13,8,0,2,0.0,211,svd_256
user_000000_001082,14,5,0,5,0.0,211,svd_256
user_000000_001083,10,2,0,6,0.0,211,svd_256
user_000000_001084,14,8,1,4,0.125,211,svd_256
user_000000_001085,14,4,0,6,0.0,211,svd_256
user_000000_001086,13,10,0,2,0.0,211,svd_256
user_000000_001087,9,2,0,5,0.0,211,svd_256
user_000000_001088,14,10,0,2,0.0,211,svd_256
user_000000_001089,11,5,1,3,0.2,211,svd_256
user_000000_001090,11,4,1,3,0.25,211,svd_256
user_000000_001091,10,3,0,5,0.0,211,svd_256
user_000000_001092,12,8,0,3,0.0,211,svd_256
user_000000_001093,14,10,2,4,0.2,211,svd_256
user_000000_001094,11,4,0,5,0.0,211,svd_256
user_000000_001095,13,4,0,4,0.0,211,svd_256
user_000000_001096,9,3,0,5,0.0,211,svd_256
user_000000_001097,5,0,0,5,,211,svd_256
user_000000_001098,8,3,0,4,0.0,211,svd_256
user_000000_001099,8,2,0,4,0.0,211,svd_256
user_000000_001100,14,9,1,2,0.1111111111111111,211,svd_256
user_000000_001101,10,5,0,3,0.0,211,svd_256
user_000000_001102,8,1,0,6,0.0,211,svd_256
user_000000_001103,11,5,0,4,0.0,211,svd_256
user_000000_001104,9,1,0,8,0.0,211,svd_256
user_000000_001105,9,3,1,6,0.3333333333333333,211,svd_256
user_000000_001106,6,1,1,5,1.0,211,svd_256
user_000000_001107,14,8,0,2,0.0,211,svd_256
user_000000_001108,14,7,0,7,0.0,211,svd_256
user_000000_001109,14,9,1,4,0.1111111111111111,211,svd_256
user_000000_001110,14,9,1,5,0.1111111111111111,211,svd_256
user_000000_001111,12,6,0,3,0.0,211,svd_256
user_000000_001112,15,8,1,2,0.125,211,svd_256
user_000000_001113,14,7,1,4,0.14285714285714285,211,svd_256
user_000000_001114,15,8,1,3,0.125,211,svd_256
user_000000_001115,14,9,0,3,0.0,211,svd_256
user_000000_001116,12,8,1,3,0.125,211,svd_256
user_000000_001117,11,2,0,7,0.0,211,svd_256
user_000000_001118,11,4,0,6,0.0,211,svd_256
user_000000_001119,6,2,0,4,0.0,211,svd_256
user_000000_001120,11,4,2,4,0.5,211,svd_256
user_000000_001121,14,8,1,1,0.125,211,svd_256
user_000000_001122,10,2,0,5,0.0,211,svd_256
user_000000_001123,12,3,0,4,0.0,211,svd_256
user_000000_001124,8,3,1,4,0.3333333333333333,211,svd_256
user_000000_001125,15,10,1,2,0.1,211,svd_256
user_000000_001126,13,8,0,2,0.0,211,svd_256
user_000000_001127,12,2,0,8,0.0,211,svd_256
user_000000_001128,13,7,1,3,0.14285714285714285,211,svd_256
user_000000_001129,12,6,0,3,0.0,211,svd_256
user_000000_001130,13,8,1,3,0.125,211,svd_256
user_000000_001131,15,10,0,3,0.0,211,svd_256
user_000000_001132,9,2,0,5,0.0,211,svd_256
user_000000_001133,13,4,0,4,0.0,211,svd_256
user_000000_001134,15,7,0,3,0.0,211,svd_256
user_000000_001135,13,6,0,4,0.0,211,svd_256
user_000000_001136,14,8,1,1,0.125,211,svd_256
user_000000_001137,13,2,0,3,0.0,211,svd_256
user_000000_001138,13,4,0,3,0.0,211,svd_256
user_000000_001139,13,6,0,4,0.0,211,svd_256
user_000000_001140,10,0,0,6,,211,svd_256
user_000000_001141,10,4,0,2,0.0,211,svd_256
user_000000_001142,14,10,1,0,0.1,211,svd_256
user_000000_001143,11,4,0,5,0.0,211,svd_256
user_000000_001144,12,8,0,2,0.0,211,svd_256
user_000000_001145,15,10,0,2,0.0,211,svd_256
user_000000_001146,10,4,0,5,0.0,211,svd_256
user_000000_001147,9,3,1,3,0.3333333333333333,211,svd_256
user_000000_001148,14,10,1,1,0.1,211,svd_256
user_000000_001149,15,12,1,1,0.08333333333333333,211,svd_256
user_000000_001150,15,10,1,2,0.1,211,svd_256
user_000000_001151,14,6,1,4,0.16666666666666666,211,svd_256
user_000000_001152,15,10,1,4,0.1,211,svd_256
user_000000_001153,13,9,0,3,0.0,211,svd_256
user_000000_001154,12,2,0,4,0.0,211,svd_256
user_000000_001155,14,11,0,3,0.0,211,svd_256
user_000000_001156,15,9,0,3,0.0,211,svd_256
user_000000_001157,13,6,1,1,0.16666666666666666,211,svd_256
user_000000_001158,11,6,0,3,0.0,211,svd_256
user_000000_001159,6,0,0,6,,211,svd_256
user_000000_001160,9,0,0,5,,211,svd_256
user_000000_001161,10,0,0,4,,211,svd_256
user_000000_001162,11,2,0,6,0.0,211,svd_256
user_000000_001163,13,5,0,4,0.0,211,svd_256
user_000000_001164,12,4,1,3,0.25,211,svd_256
user_000000_001165,13,9,2,1,0.2222222222222222,211,svd_256
user_000000_001166,10,4,1,6,0.25,211,svd_256
user_000000_001167,10,2,0,6,0.0,211,svd_256
user_000000_001168,14,10,1,2,0.1,211,svd_256
user_000000_001169,14,4,1,4,0.25,211,svd_256
user_000000_001170,8,2,1,3,0.5,211,svd_256
user_000000_001171,15,13,1,1,0.07692307692307693,211,svd_256
user_000000_001172,11,8,0,3,0.0,211,svd_256
user_000000_001173,14,6,0,3,0.0,211,svd_256
user_000000_001174,13,4,0,3,0.0,211,svd_256
user_000000_001175,14,9,0,3,0.0,211,svd_256
user_000000_001176,10,3,0,6,0.0,211,svd_256
user_000000_001177,12,2,0,1,0.0,211,svd_256
user_000000_001178,9,2,0,5,0.0,211,svd_256
user_000000_001179,12,7,1,1,0.14285714285714285,211,svd_256
user_000000_001180,10,3,0,4,0.0,211,svd_256
user_000000_001181,14,6,0,3,0.0,211,svd_256
user_000000_001182,13,6,0,3,0.0,211,svd_256
user_000000_001183,11,2,0,5,0.0,211,svd_256
user_000000_001184,10,2,0,6,0.0,211,svd_256
user_000000_001185,10,2,0,4,0.0,211,svd_256
user_000000_001186,14,7,0,2,0.0,211,svd_256
user_000000_001187,9,4,0,3,0.0,211,svd_256
user_000000_001188,14,10,0,2,0.0,211,svd_256
user_000000_001189,14,10,3,0,0.3,211,svd_256
user_000000_001190,15,10,0,2,0.0,211,svd_256
user_000000_001191,13,5,0,6,0.0,211,svd_256
user_000000_001192,14,9,0,2,0.0,211,svd_256
user_000000_001193,12,6,0,3,0.0,211,svd_256
user_000000_001194,14,6,1,3,0.16666666666666666,211,svd_256
user_000000_001195,12,4,1,4,0.25,211,svd_256
user_000000_001196,12,8,0,1,0.0,211,svd_256
user_000000_001197,11,3,0,3,0.0,211,svd_256
user_000000_001198,12,8,0,2,0.0,211,svd_256
user_000000_001199,6,0,0,5,,211,svd_256
user_000000_001200,10,3,0,6,0.0,211,svd_256
user_000000_001201,15,14,1,0,0.07142857142857142,211,svd_256
user_000000_001202,14,5,0,6,0.0,211,svd_256
user_000000_001203,14,4,0,3,0.0,211,svd_256
user_000000_001204,12,8,1,3,0.125,211,svd_256
user_000000_001205,15,9,0,2,0.0,211,svd_256
user_000000_001206,12,5,0,7,0.0,211,svd_256
user_000000_001207,14,7,0,4,0.0,211,svd_256
user_000000_001208,14,7,0,0,0.0,211,svd_256
user_000000_001209,14,6,0,5,0.0,211,svd_256
user_000000_001210,13,6,0,4,0.0,211,svd_256
user_000000_001211,14,7,0,5,0.0,211,svd_256
user_000000_001212,14,10,1,1,0.1,211,svd_256
user_000000_001213,15,13,0,0,0.0,211,svd_256
user_000000_001214,9,4,0,4,0.0,211,svd_256
user_000000_001215,12,4,0,5,0.0,211,svd_256
user_000000_001216,7,0,0,7,,211,svd_256
user_000000_001217,11,5,0,4,0.0,211,svd_256
user_000000_001218,8,1,0,5,0.0,211,svd_256
user_000000_001219,12,5,0,4,0.0,211,svd_256
user_000000_001220,13,8,0,2,0.0,211,svd_256
user_000000_001221,9,5,0,3,0.0,211,svd_256
user_000000_001222,10,6,0,4,0.0,211,svd_256
user_000000_001223,13,6,0,3,0.0,211,svd_256
user_000000_001224,14,8,0,4,0.0,211,svd_256
user_000000_001225,14,8,0,2,0.0,211,svd_256
user_000000_001226,12,6,0,3,0.0,211,svd_256
user_000000_001227,10,6,1,2,0.16666666666666666,211,svd_256
user_000000_001228,15,10,0,3,0.0,211,svd_256
user_000000_001229,12,5,0,5,0.0,211,svd_256
user_000000_001230,12,5,0,4,0.0,211,svd_256
user_000000_001231,8,3,0,4,0.0,211,svd_256
user_000000_001232,14,9,3,3,0.3333333333333333,211,svd_256
user_000000_001233,11,5,0,5,0.0,211,svd_256
user_000000_001234,15,10,0,2,0.0,211,svd_256
user_000000_001235,13,9,2,2,0.2222222222222222,211,svd_256
user_000000_001236,15,9,0,4,0.0,211,svd_256
user_000000_001237,6,3,0,2,0.0,211,svd_256
user_000000_001238,13,4,0,4,0.0,211,svd_256
user_000000_001239,13,5,0,7,0.0,211,svd_256
user_000000_001240,12,6,0,5,0.0,211,svd_256
user_000000_001241,6,1,0,4,0.0,211,svd_256
user_000000_001242,10,5,0,4,0.0,211,svd_256
user_000000_001243,8,2,0,4,0.0,211,svd_256
user_000000_001244,14,5,0,4,0.0,211,svd_256
user_000000_001245,9,3,1,5,0.3333333333333333,211,svd_256
user_000000_001246,12,2,0,5,0.0,211,svd_256
user_000000_001247,11,3,0,7,0.0,211,svd_256
user_000000_001248,12,6,1,1,0.16666666666666666,211,svd_256
user_000000_001249,13,7,0,3,0.0,211,svd_256
user_000000_001250,13,4,1,3,0.25,211,svd_256
user_000000_001251,13,4,0,5,0.0,211,svd_256
user_000000_001252,12,3,0,7,0.0,211,svd_256
user_000000_001253,10,5,0,4,0.0,211,svd_256
user_000000_001254,12,9,0,2,0.0,211,svd_256
user_000000_001255,11,3,0,1,0.0,211,svd_256
user_000000_001256,13,6,1,3,0.16666666666666666,211,svd_256
user_000000_001257,13,6,0,4,0.0,211,svd_256
user_000000_001258,7,2,2,4,1.0,211,svd_256
user_000000_001259,13,4,0,3,0.0,211,svd_256
user_000000_001260,14,10,2,0,0.2,211,svd_256
user_000000_001261,13,7,0,2,0.0,211,svd_256
user_000000_001262,13,9,0,2,0.0,211,svd_256
user_000000_001263,13,8,1,2,0.125,211,svd_256
user_000000_001264,11,4,0,3,0.0,211,svd_256
user_000000_001265,15,10,1,1,0.1,211,svd_256
user_000000_001266,10,3,0,5,0.0,211,svd_256
user_000000_001267,6,3,0,2,0.0,211,svd_256
user_000000_001268,13,7,1,3,0.14285714285714285,211,svd_256
user_000000_001269,11,6,1,4,0.16666666666666666,211,svd_256
user_000000_001270,9,0,0,7,,211,svd_256
user_000000_001271,12,4,0,4,0.0,211,svd_256
user_000000_001272,10,4,0,0,0.0,211,svd_256
user_000000_001273,14,7,0,1,0.0,211,svd_256
user_000000_001274,11,4,0,5,0.0,211,svd_256
user_000000_001275,12,5,0,5,0.0,211,svd_256
user_000000_001276,9,3,2,2,0.6666666666666666,211,svd_256
user_000000_001277,8,3,0,3,0.0,211,svd_256
user_000000_001278,13,8,0,4,0.0,211,svd_256
user_000000_001279,12,6,0,5,0.0,211,svd_256
user_000000_001280,11,3,0,0,0.0,211,svd_256
user_000000_001281,13,6,0,3,0.0,211,svd_256
user_000000_001282,8,2,0,5,0.0,211,svd_256
user_000000_001283,15,10,1,4,0.1,211,svd_256
user_000000_001284,9,3,1,6,0.3333333333333333,211,svd_256
user_000000_001285,6,2,0,3,0.0,211,svd_256
user_000000_001286,14,6,0,5,0.0,211,svd_256
user_000000_001287,11,1,0,5,0.0,211,svd_256
user_000000_001288,11,4,0,5,0.0,211,svd_256
user_000000_001289,13,1,0,5,0.0,211,svd_256
user_000000_001290,14,9,0,2,0.0,211,svd_256
user_000000_001291,11,9,1,2,0.1111111111111111,211,svd_256
user_000000_001292,13,8,1,3,0.125,211,svd_256
user_000000_001293,14,4,0,4,0.0,211,svd_256
user_000000_001294,13,9,0,2,0.0,211,svd_256
user_000000_001295,6,3,0,3,0.0,211,svd_256
user_000000_001296,13,7,1,4,0.14285714285714285,211,svd_256
user_000000_001297,5,0,0,5,,211,svd_256
user_000000_001298,13,8,0,4,0.0,211,svd_256
user_000000_001299,9,3,1,5,0.3333333333333333,211,svd_256
user_000000_001300,14,6,0,3,0.0,211,svd_256
user_000000_001301,14,11,0,1,0.0,211,svd_256
user_000000_001302,12,6,0,3,0.0,211,svd_256
user_000000_001303,13,8,0,2,0.0,211,svd_256
user_000000_001304,9,3,1,2,0.3333333333333333,211,svd_256
user_000000_001305,11,5,0,4,0.0,211,svd_256
user_000000_001306,10,1,0,6,0.0,211,svd_256
user_000000_001307,13,9,2,2,0.2222222222222222,211,svd_256
user_000000_001308,13,5,0,4,0.0,211,svd_256
user_000000_001309,13,7,0,3,0.0,211,svd_256
user_000000_001310,13,9,1,3,0.1111111111111111,211,svd_256
user_000000_001311,12,5,1,3,0.2,211,svd_256
user_000000_001312,8,2,0,5,0.0,211,svd_256
user_000000_001313,7,1,0,5,0.0,211,svd_256
user_000000_001314,10,2,1,6,0.5,211,svd_256
user_000000_001315,12,3,0,6,0.0,211,svd_256
user_000000_001316,8,1,0,4,0.0,211,svd_256
user_000000_001317,6,2,0,3,0.0,211,svd_256
user_000000_001318,13,9,0,1,0.0,211,svd_256
user_000000_001319,10,8,0,1,0.0,211,svd_256
user_000000_001320,8,3,0,3,0.0,211,svd_256
user_000000_001321,9,6,0,3,0.0,211,svd_256
user_000000_001322,15,11,0,1,0.0,211,svd_256
user_000000_001323,14,8,0,4,0.0,211,svd_256
user_000000_001324,10,8,0,2,0.0,211,svd_256
user_000000_001325,5,1,0,4,0.0,211,svd_256
user_000000_001326,12,5,0,3,0.0,211,svd_256
user_000000_001327,10,6,0,2,0.0,211,svd_256
user_000000_001328,15,7,0,4,0.0,211,svd_256
user_000000_001329,11,4,0,5,0.0,211,svd_256
user_000000_001330,8,2,0,6,0.0,211,svd_256
user_000000_001331,15,10,1,1,0.1,211,svd_256
user_000000_001332,14,10,0,1,0.0,211,svd_256
user_000000_001333,15,12,1,1,0.08333333333333333,211,svd_256
user_000000_001334,10,3,1,6,0.3333333333333333,211,svd_256
user_000000_001335,15,11,0,2,0.0,211,svd_256
user_000000_001336,11,6,0,3,0.0,211,svd_256
user_000000_001337,14,9,0,3,0.0,211,svd_256
user_000000_001338,7,0,0,7,,211,svd_256
user_000000_001339,12,6,0,3,0.0,211,svd_256
user_000000_001340,8,3,0,5,0.0,211,svd_256
user_000000_001341,7,1,0,1,0.0,211,svd_256
user_000000_001342,15,10,0,2,0.0,211,svd_256
user_000000_001343,6,1,1,5,1.0,211,svd_256
user_000000_001344,14,8,0,3,0.0,211,svd_256
user_000000_001345,5,0,0,4,,211,svd_256
user_000000_001346,15,10,1,4,0.1,211,svd_256
user_000000_001347,14,7,0,3,0.0,211,svd_256
user_000000_001348,11,3,0,7,0.0,211,svd_256
user_000000_001349,9,3,0,5,0.0,211,svd_256
user_000000_001350,9,4,0,5,0.0,211,svd_256
user_000000_001351,10,3,0,5,0.0,211,svd_256
user_000000_001352,14,3,0,4,0.0,211,svd_256
user_000000_001353,12,1,0,6,0.0,211,svd_256
user_000000_001354,14,8,1,3,0.125,211,svd_256
user_000000_001355,13,3,1,7,0.3333333333333333,211,svd_256
user_000000_001356,13,8,2,3,0.25,211,svd_256
user_000000_001357,8,3,0,4,0.0,211,svd_256
user_000000_001358,11,7,0,2,0.0,211,svd_256
user_000000_001359,13,7,1,4,0.14285714285714285,211,svd_256
user_000000_001360,11,4,0,5,0.0,211,svd_256
user_000000_001361,11,3,1,3,0.3333333333333333,211,svd_256
user_000000_001362,12,6,0,2,0.0,211,svd_256
user_000000_001363,9,6,1,2,0.16666666666666666,211,svd_256
user_000000_001364,12,4,1,6,0.25,211,svd_256
user_000000_001365,15,14,1,1,0.07142857142857142,211,svd_256
user_000000_001366,15,4,0,3,0.0,211,svd_256
user_000000_001367,7,2,0,5,0.0,211,svd_256
user_000000_001368,7,3,0,4,0.0,211,svd_256
user_000000_001369,7,2,1,5,0.5,211,svd_256
user_000000_001370,15,13,0,1,0.0,211,svd_256
user_000000_001371,14,9,0,3,0.0,211,svd_256
user_000000_001372,14,11,1,2,0.09090909090909091,211,svd_256
user_000000_001373,12,2,0,6,0.0,211,svd_256
user_000000_001374,12,7,0,4,0.0,211,svd_256
user_000000_001375,13,3,1,5,0.3333333333333333,211,svd_256
user_000000_001376,5,1,0,4,0.0,211,svd_256
user_000000_001377,14,3,0,5,0.0,211,svd_256
user_000000_001378,13,5,0,4,0.0,211,svd_256
user_000000_001379,12,5,2,2,0.4,211,svd_256
user_000000_001380,12,10,1,2,0.1,211,svd_256
user_000000_001381,11,8,1,2,0.125,211,svd_256
user_000000_001382,7,3,0,3,0.0,211,svd_256
user_000000_001383,11,3,0,6,0.0,211,svd_256
user_000000_001384,13,5,0,3,0.0,211,svd_256
user_000000_001385,12,8,1,3,0.125,211,svd_256
user_000000_001386,14,7,1,2,0.14285714285714285,211,svd_256
user_000000_001387,15,8,0,0,0.0,211,svd_256
user_000000_001388,7,0,0,5,,211,svd_256
user_000000_001389,14,7,0,5,0.0,211,svd_256
user_000000_001390,12,9,0,2,0.0,211,svd_256
user_000000_001391,11,3,0,5,0.0,211,svd_256
user_000000_001392,14,7,0,5,0.0,211,svd_256
user_000000_001393,15,11,1,2,0.09090909090909091,211,svd_256
user_000000_001394,14,8,0,5,0.0,211,svd_256
user_000000_001395,9,2,0,5,0.0,211,svd_256
user_000000_001396,10,8,1,2,0.125,211,svd_256
user_000000_001397,13,5,0,3,0.0,211,svd_256
user_000000_001398,14,7,0,4,0.0,211,svd_256
user_000000_001399,11,7,0,3,0.0,211,svd_256
user_000000_001400,9,2,0,6,0.0,211,svd_256
user_000000_001401,10,3,0,4,0.0,211,svd_256
user_000000_001402,15,9,0,1,0.0,211,svd_256
user_000000_001403,12,4,0,6,0.0,211,svd_256
user_000000_001404,8,1,0,7,0.0,211,svd_256
user_000000_001405,13,7,1,3,0.14285714285714285,211,svd_256
user_000000_001406,4,0,0,4,,211,svd_256
user_000000_001407,12,6,1,5,0.16666666666666666,211,svd_256
user_000000_001408,12,9,1,1,0.1111111111111111,211,svd_256
user_000000_001409,11,4,0,4,0.0,211,svd_256
user_000000_001410,6,1,1,5,1.0,211,svd_256
user_000000_001411,4,0,0,4,,211,svd_256
user_000000_001412,11,1,0,6,0.0,211,svd_256
user_000000_001413,9,3,0,6,0.0,211,svd_256
user_000000_001414,10,3,0,4,0.0,211,svd_256
user_000000_001415,9,6,1,2,0.16666666666666666,211,svd_256
user_000000_001416,11,2,0,4,0.0,211,svd_256
user_000000_001417,15,5,0,5,0.0,211,svd_256
user_000000_001418,10,4,0,6,0.0,211,svd_256
user_000000_001419,13,7,2,5,0.2857142857142857,211,svd_256
user_000000_001420,14,8,0,4,0.0,211,svd_256
user_000000_001421,10,3,0,6,0.0,211,svd_256
user_000000_001422,13,4,0,5,0.0,211,svd_256
user_000000_001423,9,3,0,3,0.0,211,svd_256
user_000000_001424,15,6,2,5,0.3333333333333333,211,svd_256
user_000000_001425,12,3,0,5,0.0,211,svd_256
user_000000_001426,14,14,1,0,0.07142857142857142,211,svd_256
user_000000_001427,11,6,0,4,0.0,211,svd_256
user_000000_001428,10,5,1,4,0.2,211,svd_256
user_000000_001429,14,7,0,2,0.0,211,svd_256
user_000000_001430,12,5,0,3,0.0,211,svd_256
user_000000_001431,5,0,0,5,,211,svd_256
user_000000_001432,9,1,0,6,0.0,211,svd_256
user_000000_001433,14,8,0,1,0.0,211,svd_256
user_000000_001434,4,0,0,4,,211,svd_256
user_000000_001435,6,2,0,4,0.0,211,svd_256
user_000000_001436,13,4,0,4,0.0,211,svd_256
user_000000_001437,8,0,0,5,,211,svd_256
user_000000_001438,10,6,0,4,0.0,211,svd_256
user_000000_001439,15,10,0,1,0.0,211,svd_256
user_000000_001440,10,4,0,5,0.0,211,svd_256
user_000000_001441,14,7,0,5,0.0,211,svd_256
user_000000_001442,12,5,0,4,0.0,211,svd_256
user_000000_001443,1,0,0,1,,211,svd_256
user_000000_001444,12,7,2,2,0.2857142857142857,211,svd_256
user_000000_001445,11,1,0,2,0.0,211,svd_256
user_000000_001446,6,0,0,6,,211,svd_256
user_000000_001447,13,4,0,6,0.0,211,svd_256
user_000000_001448,9,3,0,6,0.0,211,svd_256
user_000000_001449,9,3,0,4,0.0,211,svd_256
user_000000_001450,11,5,0,5,0.0,211,svd_256
user_000000_001451,12,2,0,5,0.0,211,svd_256
user_000000_001452,15,9,0,3,0.0,211,svd_256
user_000000_001453,9,3,0,4,0.0,211,svd_256
user_000000_001454,9,1,1,7,1.0,211,svd_256
user_000000_001455,10,1,0,8,0.0,211,svd_256
user_000000_001456,13,6,0,5,0.0,211,svd_256
user_000000_001457,15,11,1,3,0.09090909090909091,211,svd_256
user_000000_001458,15,11,0,3,0.0,211,svd_256
user_000000_001459,10,5,1,4,0.2,211,svd_256
user_000000_001460,13,8,1,3,0.125,211,svd_256
user_000000_001461,8,2,0,5,0.0,211,svd_256
user_000000_001462,9,1,0,7,0.0,211,svd_256
user_000000_001463,15,12,0,0,0.0,211,svd_256
user_000000_001464,13,7,0,3,0.0,211,svd_256
user_000000_001465,12,3,0,5,0.0,211,svd_256
user_000000_001466,4,2,1,2,0.5,211,svd_256
user_000000_001467,15,11,1,1,0.09090909090909091,211,svd_256
user_000000_001468,14,8,0,4,0.0,211,svd_256
user_000000_001469,15,9,2,4,0.2222222222222222,211,svd_256
user_000000_001470,14,8,0,3,0.0,211,svd_256
user_000000_001471,14,7,0,3,0.0,211,svd_256
user_000000_001472,15,10,1,2,0.1,211,svd_256
user_000000_001473,10,1,0,6,0.0,211,svd_256
user_000000_001474,13,5,0,4,0.0,211,svd_256
user_000000_001475,13,5,0,5,0.0,211,svd_256
user_000000_001476,12,5,1,5,0.2,211,svd_256
user_000000_001477,11,4,0,2,0.0,211,svd_256
user_000000_001478,11,5,1,3,0.2,211,svd_256
user_000000_001479,12,6,0,3,0.0,211,svd_256
user_000000_001480,9,3,0,4,0.0,211,svd_256
user_000000_001481,14,9,0,4,0.0,211,svd_256
user_000000_001482,9,2,0,4,0.0,211,svd_256
user_000000_001483,10,4,1,4,0.25,211,svd_256
user_000000_001484,11,4,0,5,0.0,211,svd_256
user_000000_001485,9,0,0,7,,211,svd_256
user_000000_001486,9,4,0,4,0.0,211,svd_256
user_000000_001487,13,7,0,2,0.0,211,svd_256
user_000000_001488,10,3,0,5,0.0,211,svd_256
user_000000_001489,11,4,0,6,0.0,211,svd_256
user_000000_001490,8,2,0,6,0.0,211,svd_256
user_000000_001491,13,6,1,3,0.16666666666666666,211,svd_256
user_000000_001492,10,7,0,3,0.0,211,svd_256
user_000000_001493,5,2,0,2,0.0,211,svd_256
user_000000_001494,15,12,1,2,0.08333333333333333,211,svd_256
user_000000_001495,12,5,0,6,0.0,211,svd_256
user_000000_001496,9,0,0,8,,211,svd_256
user_000000_001497,4,0,0,4,,211,svd_256
user_000000_001498,12,4,0,5,0.0,211,svd_256
user_000000_001499,13,10,1,2,0.1,211,svd_256
user_000000_001500,14,9,1,2,0.1111111111111111,211,svd_256
user_000000_001501,15,8,0,6,0.0,211,svd_256
user_000000_001502,14,8,0,1,0.0,211,svd_256
user_000000_001503,9,7,0,2,0.0,211,svd_256
user_000000_001504,10,2,0,5,0.0,211,svd_256
user_000000_001505,12,7,0,2,0.0,211,svd_256
user_000000_001506,11,6,1,4,0.16666666666666666,211,svd_256
user_000000_001507,15,7,0,7,0.0,211,svd_256
user_000000_001508,13,6,1,5,0.16666666666666666,211,svd_256
user_000000_001509,14,10,0,1,0.0,211,svd_256
user_000000_001510,14,6,0,4,0.0,211,svd_256
user_000000_001511,15,12,1,2,0.08333333333333333,211,svd_256
user_000000_001512,6,1,0,2,0.0,211,svd_256
user_000000_001513,12,7,0,3,0.0,211,svd_256
user_000000_001514,5,0,0,5,,211,svd_256
user_000000_001515,12,2,0,5,0.0,211,svd_256
user_000000_001516,13,5,0,6,0.0,211,svd_256
user_000000_001517,10,6,0,4,0.0,211,svd_256
user_000000_001518,14,9,0,3,0.0,211,svd_256
user_000000_001519,9,3,0,5,0.0,211,svd_256
user_000000_001520,5,0,0,5,,211,svd_256
user_000000_001521,7,1,0,6,0.0,211,svd_256
user_000000_001522,14,6,0,2,0.0,211,svd_256
user_000000_001523,13,3,0,3,0.0,211,svd_256
user_000000_001524,6,1,0,5,0.0,211,svd_256
user_000000_001525,11,2,0,5,0.0,211,svd_256
user_000000_001526,13,7,1,3,0.14285714285714285,211,svd_256
user_000000_001527,13,7,0,4,0.0,211,svd_256
user_000000_001528,12,5,1,5,0.2,211,svd_256
user_000000_001529,14,10,0,2,0.0,211,svd_256
user_000000_001530,8,3,0,4,0.0,211,svd_256
user_000000_001531,11,2,0,7,0.0,211,svd_256
user_000000_001532,11,6,0,3,0.0,211,svd_256
user_000000_001533,10,6,1,2,0.16666666666666666,211,svd_256
user_000000_001534,12,4,1,4,0.25,211,svd_256
user_000000_001535,14,11,0,3,0.0,211,svd_256
user_000000_001536,13,8,0,5,0.0,211,svd_256
user_000000_001537,13,5,1,1,0.2,211,svd_256
user_000000_001538,15,10,0,2,0.0,211,svd_256
user_000000_001539,10,3,0,5,0.0,211,svd_256
user_000000_001540,14,9,0,4,0.0,211,svd_256
user_000000_001541,15,11,0,2,0.0,211,svd_256
user_000000_001542,8,2,0,5,0.0,211,svd_256
user_000000_001543,7,0,0,7,,211,svd_256
user_000000_001544,9,2,0,7,0.0,211,svd_256
user_000000_001545,13,7,0,2,0.0,211,svd_256
user_000000_001546,11,4,0,5,0.0,211,svd_256
user_000000_001547,14,9,0,3,0.0,211,svd_256
user_000000_001548,4,0,0,4,,211,svd_256
user_000000_001549,15,10,0,1,0.0,211,svd_256
user_000000_001550,15,10,2,0,0.2,211,svd_256
user_000000_001551,12,5,0,4,0.0,211,svd_256
user_000000_001552,11,3,0,6,0.0,211,svd_256
user_000000_001553,13,6,1,3,0.16666666666666666,211,svd_256
user_000000_001554,9,2,0,5,0.0,211,svd_256
user_000000_001555,13,7,1,2,0.14285714285714285,211,svd_256
user_000000_001556,11,3,1,3,0.3333333333333333,211,svd_256
user_000000_001557,5,0,0,5,,211,svd_256
user_000000_001558,11,4,0,2,0.0,211,svd_256
user_000000_001559,15,6,1,5,0.16666666666666666,211,svd_256
user_000000_001560,15,6,0,4,0.0,211,svd_256
user_000000_001561,10,3,0,6,0.0,211,svd_256
user_000000_001562,7,2,0,3,0.0,211,svd_256
user_000000_001563,10,2,0,8,0.0,211,svd_256
user_000000_001564,11,5,0,2,0.0,211,svd_256
user_000000_001565,8,2,0,6,0.0,211,svd_256
user_000000_001566,11,2,0,2,0.0,211,svd_256
user_000000_001567,13,4,1,4,0.25,211,svd_256
user_000000_001568,8,7,0,1,0.0,211,svd_256
user_000000_001569,8,3,0,4,0.0,211,svd_256
user_000000_001570,14,6,1,3,0.16666666666666666,211,svd_256
user_000000_001571,11,5,0,3,0.0,211,svd_256
user_000000_001572,14,13,0,0,0.0,211,svd_256
user_000000_001573,13,4,0,2,0.0,211,svd_256
user_000000_001574,14,7,0,3,0.0,211,svd_256
user_000000_001575,11,3,0,5,0.0,211,svd_256
user_000000_001576,10,4,0,3,0.0,211,svd_256
user_000000_001577,11,5,0,5,0.0,211,svd_256
user_000000_001578,10,3,0,5,0.0,211,svd_256
user_000000_001579,14,8,0,2,0.0,211,svd_256
user_000000_001580,13,5,0,6,0.0,211,svd_256
user_000000_001581,12,2,0,3,0.0,211,svd_256
user_000000_001582,11,9,1,2,0.1111111111111111,211,svd_256
user_000000_001583,7,1,0,4,0.0,211,svd_256
user_000000_001584,13,5,0,5,0.0,211,svd_256
user_000000_001585,15,9,0,4,0.0,211,svd_256
user_000000_001586,9,1,0,4,0.0,211,svd_256
user_000000_001587,12,7,0,3,0.0,211,svd_256
user_000000_001588,12,5,0,3,0.0,211,svd_256
user_000000_001589,12,6,0,3,0.0,211,svd_256
user_000000_001590,6,2,1,4,0.5,211,svd_256
user_000000_001591,10,2,0,8,0.0,211,svd_256
user_000000_001592,11,1,0,6,0.0,211,svd_256
user_000000_001593,15,7,0,6,0.0,211,svd_256
user_000000_001594,15,8,1,2,0.125,211,svd_256
user_000000_001595,12,5,0,4,0.0,211,svd_256
user_000000_001596,12,5,0,4,0.0,211,svd_256
user_000000_001597,15,7,2,5,0.2857142857142857,211,svd_256
user_000000_001598,11,3,0,5,0.0,211,svd_256
user_000000_001599,8,5,0,1,0.0,211,svd_256
user_000000_001600,11,6,1,2,0.16666666666666666,211,svd_256
user_000000_001601,12,3,2,4,0.6666666666666666,211,svd_256
user_000000_001602,15,12,0,1,0.0,211,svd_256
user_000000_001603,11,5,0,5,0.0,211,svd_256
user_000000_001604,14,8,0,2,0.0,211,svd_256
user_000000_001605,14,3,0,6,0.0,211,svd_256
user_000000_001606,15,5,0,1,0.0,211,svd_256
user_000000_001607,12,4,0,4,0.0,211,svd_256
user_000000_001608,7,2,0,3,0.0,211,svd_256
user_000000_001609,12,8,1,2,0.125,211,svd_256
user_000000_001610,11,4,0,3,0.0,211,svd_256
user_000000_001611,14,8,0,4,0.0,211,svd_256
user_000000_001612,13,7,1,3,0.14285714285714285,211,svd_256
user_000000_001613,14,10,0,2,0.0,211,svd_256
user_000000_001614,12,3,0,3,0.0,211,svd_256
user_000000_001615,11,5,0,4,0.0,211,svd_256
user_000000_001616,15,7,0,4,0.0,211,svd_256
user_000000_001617,7,3,1,4,0.3333333333333333,211,svd_256
user_000000_001618,9,3,0,3,0.0,211,svd_256
user_000000_001619,14,8,0,2,0.0,211,svd_256
user_000000_001620,12,5,0,4,0.0,211,svd_256
user_000000_001621,15,8,1,3,0.125,211,svd_256
user_000000_001622,14,11,0,3,0.0,211,svd_256
user_000000_001623,13,10,1,3,0.1,211,svd_256
user_000000_001624,11,5,1,4,0.2,211,svd_256
user_000000_001625,12,2,0,4,0.0,211,svd_256
user_000000_001626,14,10,0,1,0.0,211,svd_256
user_000000_001627,12,4,0,3,0.0,211,svd_256
user_000000_001628,13,11,2,2,0.18181818181818182,211,svd_256
user_000000_001629,15,9,0,1,0.0,211,svd_256
user_000000_001630,12,2,0,5,0.0,211,svd_256
user_000000_001631,12,5,0,5,0.0,211,svd_256
user_000000_001632,12,4,0,6,0.0,211,svd_256
user_000000_001633,15,10,0,4,0.0,211,svd_256
user_000000_001634,13,5,0,5,0.0,211,svd_256
user_000000_001635,13,9,1,1,0.1111111111111111,211,svd_256
user_000000_001636,11,5,0,4,0.0,211,svd_256
user_000000_001637,12,6,0,5,0.0,211,svd_256
user_000000_001638,13,10,0,2,0.0,211,svd_256
user_000000_001639,11,2,0,4,0.0,211,svd_256
user_000000_001640,12,6,1,3,0.16666666666666666,211,svd_256
user_000000_001641,9,1,0,4,0.0,211,svd_256
user_000000_001642,10,1,1,4,1.0,211,svd_256
user_000000_001643,11,2,0,7,0.0,211,svd_256
user_000000_001644,9,3,0,5,0.0,211,svd_256
user_000000_001645,14,10,0,3,0.0,211,svd_256
user_000000_001646,8,4,0,4,0.0,211,svd_256
user_000000_001647,11,4,0,6,0.0,211,svd_256
user_000000_001648,14,9,0,1,0.0,211,svd_256
user_000000_001649,10,4,0,3,0.0,211,svd_256
user_000000_001650,10,4,1,3,0.25,211,svd_256
user_000000_001651,13,11,0,2,0.0,211,svd_256
user_000000_001652,14,6,0,7,0.0,211,svd_256
user_000000_001653,6,2,0,3,0.0,211,svd_256
user_000000_001654,15,8,0,3,0.0,211,svd_256
user_000000_001655,10,4,1,4,0.25,211,svd_256
user_000000_001656,12,5,0,3,0.0,211,svd_256
user_000000_001657,12,6,1,4,0.16666666666666666,211,svd_256
user_000000_001658,2,1,1,1,1.0,211,svd_256
user_000000_001659,14,8,0,5,0.0,211,svd_256
user_000000_001660,9,3,0,6,0.0,211,svd_256
user_000000_001661,14,5,1,5,0.2,211,svd_256
user_000000_001662,13,8,1,1,0.125,211,svd_256
user_000000_001663,12,4,1,4,0.25,211,svd_256
user_000000_001664,14,5,0,1,0.0,211,svd_256
user_000000_001665,6,0,0,3,,211,svd_256
user_000000_001666,9,4,1,5,0.25,211,svd_256
user_000000_001667,13,6,0,3,0.0,211,svd_256
user_000000_001668,13,7,0,5,0.0,211,svd_256
user_000000_001669,14,11,0,2,0.0,211,svd_256
user_000000_001670,6,2,0,3,0.0,211,svd_256
user_000000_001671,10,3,0,5,0.0,211,svd_256
user_000000_001672,14,10,1,0,0.1,211,svd_256
user_000000_001673,9,3,0,3,0.0,211,svd_256
user_000000_001674,13,4,1,5,0.25,211,svd_256
user_000000_001675,11,3,0,2,0.0,211,svd_256
user_000000_001676,12,8,2,1,0.25,211,svd_256
user_000000_001677,10,0,0,7,,211,svd_256
user_000000_001678,13,8,0,4,0.0,211,svd_256
user_000000_001679,5,2,0,3,0.0,211,svd_256
user_000000_001680,13,5,0,3,0.0,211,svd_256
user_000000_001681,10,4,0,6,0.0,211,svd_256
user_000000_001682,11,5,1,3,0.2,211,svd_256
user_000000_001683,9,2,0,5,0.0,211,svd_256
user_000000_001684,8,2,0,4,0.0,211,svd_256
user_000000_001685,5,0,0,5,,211,svd_256
user_000000_001686,11,5,0,3,0.0,211,svd_256
user_000000_001687,12,4,1,4,0.25,211,svd_256
user_000000_001688,12,4,0,4,0.0,211,svd_256
user_000000_001689,15,13,0,1,0.0,211,svd_256
user_000000_001690,10,4,1,3,0.25,211,svd_256
user_000000_001691,10,4,0,5,0.0,211,svd_256
user_000000_001692,14,9,0,2,0.0,211,svd_256
user_000000_001693,15,10,0,3,0.0,211,svd_256
user_000000_001694,8,3,0,5,0.0,211,svd_256
user_000000_001695,14,10,0,3,0.0,211,svd_256
user_000000_001696,13,3,0,5,0.0,211,svd_256
user_000000_001697,14,9,1,3,0.1111111111111111,211,svd_256
user_000000_001698,12,4,1,6,0.25,211,svd_256
user_000000_001699,14,6,0,6,0.0,211,svd_256
user_000000_001700,9,3,0,4,0.0,211,svd_256
user_000000_001701,10,3,0,5,0.0,211,svd_256
user_000000_001702,12,3,0,4,0.0,211,svd_256
user_000000_001703,15,12,0,2,0.0,211,svd_256
user_000000_001704,10,6,0,3,0.0,211,svd_256
user_000000_001705,9,2,0,7,0.0,211,svd_256
user_000000_001706,15,12,0,2,0.0,211,svd_256
user_000000_001707,12,3,0,7,0.0,211,svd_256
user_000000_001708,14,9,1,3,0.1111111111111111,211,svd_256
user_000000_001709,12,3,0,6,0.0,211,svd_256
user_000000_001710,13,10,0,1,0.0,211,svd_256
user_000000_001711,8,2,1,6,0.5,211,svd_256
user_000000_001712,14,5,0,6,0.0,211,svd_256
user_000000_001713,15,9,0,2,0.0,211,svd_256
user_000000_001714,15,4,1,5,0.25,211,svd_256
user_000000_001715,15,9,0,1,0.0,211,svd_256
user_000000_001716,13,1,0,4,0.0,211,svd_256
user_000000_001717,15,12,1,1,0.08333333333333333,211,svd_256
user_000000_001718,4,0,0,4,,211,svd_256
user_000000_001719,7,3,0,3,0.0,211,svd_256
user_000000_001720,15,7,0,4,0.0,211,svd_256
user_000000_001721,9,1,0,6,0.0,211,svd_256
user_000000_001722,12,6,0,4,0.0,211,svd_256
user_000000_001723,15,12,0,1,0.0,211,svd_256
user_000000_001724,11,6,0,1,0.0,211,svd_256
user_000000_001725,15,6,1,3,0.16666666666666666,211,svd_256
user_000000_001726,12,5,0,5,0.0,211,svd_256
user_000000_001727,8,2,0,5,0.0,211,svd_256
user_000000_001728,13,5,0,4,0.0,211,svd_256
user_000000_001729,13,8,0,2,0.0,211,svd_256
user_000000_001730,15,9,0,2,0.0,211,svd_256
user_000000_001731,9,6,1,3,0.16666666666666666,211,svd_256
user_000000_001732,11,4,1,4,0.25,211,svd_256
user_000000_001733,14,11,0,1,0.0,211,svd_256
user_000000_001734,10,4,0,2,0.0,211,svd_256
user_000000_001735,10,3,0,4,0.0,211,svd_256
user_000000_001736,14,8,1,5,0.125,211,svd_256
user_000000_001737,14,11,0,2,0.0,211,svd_256
user_000000_001738,13,9,0,2,0.0,211,svd_256
user_000000_001739,7,2,0,3,0.0,211,svd_256
user_000000_001740,14,9,1,2,0.1111111111111111,211,svd_256
user_000000_001741,13,6,0,4,0.0,211,svd_256
user_000000_001742,14,5,2,3,0.4,211,svd_256
user_000000_001743,15,13,0,1,0.0,211,svd_256
user_000000_001744,8,4,0,3,0.0,211,svd_256
user_000000_001745,15,5,0,5,0.0,211,svd_256
user_000000_001746,7,0,0,5,,211,svd_256
user_000000_001747,14,7,1,4,0.14285714285714285,211,svd_256
user_000000_001748,8,1,1,7,1.0,211,svd_256
user_000000_001749,13,3,1,6,0.3333333333333333,211,svd_256
user_000000_001750,7,2,0,4,0.0,211,svd_256
user_000000_001751,13,3,0,4,0.0,211,svd_256
user_000000_001752,12,4,0,7,0.0,211,svd_256
user_000000_001753,10,4,2,4,0.5,211,svd_256
user_000000_001754,13,3,0,6,0.0,211,svd_256
user_000000_001755,11,4,1,3,0.25,211,svd_256
user_000000_001756,9,4,0,4,0.0,211,svd_256
user_000000_001757,1,0,0,1,,211,svd_256
user_000000_001758,15,9,0,3,0.0,211,svd_256
user_000000_001759,13,6,0,4,0.0,211,svd_256
user_000000_001760,9,3,1,5,0.3333333333333333,211,svd_256
user_000000_001761,14,9,0,3,0.0,211,svd_256
user_000000_001762,5,1,0,3,0.0,211,svd_256
user_000000_001763,11,4,0,6,0.0,211,svd_256
user_000000_001764,14,3,0,6,0.0,211,svd_256
user_000000_001765,8,2,1,6,0.5,211,svd_256
user_000000_001766,11,4,0,5,0.0,211,svd_256
user_000000_001767,14,5,0,5,0.0,211,svd_256
user_000000_001768,10,4,0,3,0.0,211,svd_256
user_000000_001769,15,6,1,4,0.16666666666666666,211,svd_256
user_000000_001770,10,1,0,6,0.0,211,svd_256
user_000000_001771,9,2,1,4,0.5,211,svd_256
user_000000_001772,11,7,0,2,0.0,211,svd_256
user_000000_001773,6,2,1,3,0.5,211,svd_256
user_000000_001774,14,12,0,1,0.0,211,svd_256
user_000000_001775,11,4,0,4,0.0,211,svd_256
user_000000_001776,14,10,0,2,0.0,211,svd_256
user_000000_001777,15,9,0,2,0.0,211,svd_256
user_000000_001778,12,8,1,3,0.125,211,svd_256
user_000000_001779,12,5,1,3,0.2,211,svd_256
user_000000_001780,9,3,1,5,0.3333333333333333,211,svd_256
user_000000_001781,15,9,0,1,0.0,211,svd_256
user_000000_001782,14,12,2,1,0.16666666666666666,211,svd_256
user_000000_001783,14,8,0,3,0.0,211,svd_256
user_000000_001784,8,2,0,4,0.0,211,svd_256
user_000000_001785,15,10,0,1,0.0,211,svd_256
user_000000_001786,15,6,0,5,0.0,211,svd_256
user_000000_001787,12,4,0,4,0.0,211,svd_256
user_000000_001788,15,5,0,5,0.0,211,svd_256
user_000000_001789,14,8,1,2,0.125,211,svd_256
user_000000_001790,8,4,0,4,0.0,211,svd_256
user_000000_001791,12,5,0,4,0.0,211,svd_256
user_000000_001792,13,6,0,4,0.0,211,svd_256
user_000000_001793,14,8,1,4,0.125,211,svd_256
user_000000_001794,10,3,0,3,0.0,211,svd_256
user_000000_001795,8,2,0,6,0.0,211,svd_256
user_000000_001796,14,5,1,5,0.2,211,svd_256
user_000000_001797,6,3,0,3,0.0,211,svd_256
user_000000_001798,6,3,0,3,0.0,211,svd_256
user_000000_001799,14,6,0,5,0.0,211,svd_256
user_000000_001800,15,9,0,3,0.0,211,svd_256
user_000000_001801,14,7,1,4,0.14285714285714285,211,svd_256
user_000000_001802,14,6,0,3,0.0,211,svd_256
user_000000_001803,13,9,2,2,0.2222222222222222,211,svd_256
user_000000_001804,14,8,0,3,0.0,211,svd_256
user_000000_001805,9,1,0,4,0.0,211,svd_256
user_000000_001806,14,10,2,3,0.2,211,svd_256
user_000000_001807,14,4,0,4,0.0,211,svd_256
user_000000_001808,10,6,1,3,0.16666666666666666,211,svd_256
user_000000_001809,15,5,0,4,0.0,211,svd_256
user_000000_001810,10,0,0,8,,211,svd_256
user_000000_001811,11,4,0,5,0.0,211,svd_256
user_000000_001812,11,0,0,8,,211,svd_256
user_000000_001813,13,4,1,5,0.25,211,svd_256
user_000000_001814,10,3,0,5,0.0,211,svd_256
user_000000_001815,8,3,1,5,0.3333333333333333,211,svd_256
user_000000_001816,13,5,0,5,0.0,211,svd_256
user_000000_001817,12,7,0,3,0.0,211,svd_256
user_000000_001818,9,2,0,6,0.0,211,svd_256
user_000000_001819,13,8,1,5,0.125,211,svd_256
user_000000_001820,14,7,0,1,0.0,211,svd_256
user_000000_001821,9,4,0,3,0.0,211,svd_256
user_000000_001822,11,3,0,4,0.0,211,svd_256
user_000000_001823,12,6,1,5,0.16666666666666666,211,svd_256
user_000000_001824,7,1,0,5,0.0,211,svd_256
user_000000_001825,13,3,0,7,0.0,211,svd_256
user_000000_001826,9,2,0,3,0.0,211,svd_256
user_000000_001827,12,5,0,1,0.0,211,svd_256
user_000000_001828,13,3,0,7,0.0,211,svd_256
user_000000_001829,13,5,0,4,0.0,211,svd_256
user_000000_001830,14,10,0,1,0.0,211,svd_256
user_000000_001831,10,5,0,3,0.0,211,svd_256
user_000000_001832,14,8,2,3,0.25,211,svd_256
user_000000_001833,10,3,0,5,0.0,211,svd_256
user_000000_001834,15,10,0,2,0.0,211,svd_256
user_000000_001835,15,10,0,2,0.0,211,svd_256
user_000000_001836,8,4,1,4,0.25,211,svd_256
user_000000_001837,15,7,0,4,0.0,211,svd_256
user_000000_001838,15,7,0,0,0.0,211,svd_256
user_000000_001839,12,8,0,3,0.0,211,svd_256
user_000000_001840,14,8,0,3,0.0,211,svd_256
user_000000_001841,11,1,0,4,0.0,211,svd_256
user_000000_001842,10,5,1,4,0.2,211,svd_256
user_000000_001843,11,3,0,5,0.0,211,svd_256
user_000000_001844,11,7,0,2,0.0,211,svd_256
user_000000_001845,12,4,0,3,0.0,211,svd_256
user_000000_001846,10,2,1,4,0.5,211,svd_256
user_000000_001847,13,7,0,4,0.0,211,svd_256
user_000000_001848,14,9,1,3,0.1111111111111111,211,svd_256
user_000000_001849,12,9,1,2,0.1111111111111111,211,svd_256
user_000000_001850,14,3,0,7,0.0,211,svd_256
user_000000_001851,12,6,1,3,0.16666666666666666,211,svd_256
user_000000_001852,12,7,0,3,0.0,211,svd_256
user_000000_001853,13,1,0,6,0.0,211,svd_256
user_000000_001854,12,4,0,5,0.0,211,svd_256
user_000000_001855,8,2,0,4,0.0,211,svd_256
user_000000_001856,15,9,1,2,0.1111111111111111,211,svd_256
user_000000_001857,13,10,0,3,0.0,211,svd_256
user_000000_001858,9,1,0,3,0.0,211,svd_256
user_000000_001859,5,1,0,4,0.0,211,svd_256
user_000000_001860,10,5,0,4,0.0,211,svd_256
user_000000_001861,7,3,0,4,0.0,211,svd_256
user_000000_001862,10,3,1,5,0.3333333333333333,211,svd_256
user_000000_001863,14,4,0,4,0.0,211,svd_256
user_000000_001864,13,6,0,1,0.0,211,svd_256
user_000000_001865,13,8,1,3,0.125,211,svd_256
user_000000_001866,9,2,0,6,0.0,211,svd_256
user_000000_001867,13,6,0,4,0.0,211,svd_256
user_000000_001868,8,4,1,4,0.25,211,svd_256
user_000000_001869,10,2,0,4,0.0,211,svd_256
user_000000_001870,15,12,1,2,0.08333333333333333,211,svd_256
user_000000_001871,15,7,1,2,0.14285714285714285,211,svd_256
user_000000_001872,12,7,2,3,0.2857142857142857,211,svd_256
user_000000_001873,12,2,0,5,0.0,211,svd_256
user_000000_001874,11,3,0,4,0.0,211,svd_256
user_000000_001875,13,4,0,5,0.0,211,svd_256
user_000000_001876,14,11,0,2,0.0,211,svd_256
user_000000_001877,12,8,1,2,0.125,211,svd_256
user_000000_001878,11,2,0,4,0.0,211,svd_256
user_000000_001879,14,7,0,2,0.0,211,svd_256
user_000000_001880,14,7,0,1,0.0,211,svd_256
user_000000_001881,10,4,0,4,0.0,211,svd_256
user_000000_001882,13,6,0,5,0.0,211,svd_256
user_000000_001883,6,3,1,3,0.3333333333333333,211,svd_256
user_000000_001884,6,1,0,5,0.0,211,svd_256
user_000000_001885,11,3,0,7,0.0,211,svd_256
user_000000_001886,6,1,0,5,0.0,211,svd_256
user_000000_001887,12,3,1,3,0.3333333333333333,211,svd_256
user_000000_001888,6,2,0,4,0.0,211,svd_256
user_000000_001889,10,3,0,6,0.0,211,svd_256
user_000000_001890,13,4,0,0,0.0,211,svd_256
user_000000_001891,8,4,0,3,0.0,211,svd_256
user_000000_001892,13,6,0,3,0.0,211,svd_256
user_000000_001893,15,9,0,4,0.0,211,svd_256
user_000000_001894,12,4,1,5,0.25,211,svd_256
user_000000_001895,14,10,1,3,0.1,211,svd_256
user_000000_001896,12,6,1,4,0.16666666666666666,211,svd_256
user_000000_001897,12,2,1,6,0.5,211,svd_256
user_000000_001898,14,8,2,5,0.25,211,svd_256
user_000000_001899,8,2,0,6,0.0,211,svd_256
user_000000_001900,14,10,2,1,0.2,211,svd_256
user_000000_001901,12,8,1,2,0.125,211,svd_256
user_000000_001902,8,3,0,3,0.0,211,svd_256
user_000000_001903,10,6,0,3,0.0,211,svd_256
user_000000_001904,7,1,0,6,0.0,211,svd_256
user_000000_001905,10,5,0,3,0.0,211,svd_256
user_000000_001906,14,8,0,3,0.0,211,svd_256
user_000000_001907,8,1,0,5,0.0,211,svd_256
user_000000_001908,13,3,0,1,0.0,211,svd_256
user_000000_001909,11,8,0,2,0.0,211,svd_256
user_000000_001910,8,4,0,2,0.0,211,svd_256
user_000000_001911,14,8,0,3,0.0,211,svd_256
user_000000_001912,14,5,0,4,0.0,211,svd_256
user_000000_001913,13,7,0,2,0.0,211,svd_256
user_000000_001914,12,6,0,5,0.0,211,svd_256
user_000000_001915,14,4,0,2,0.0,211,svd_256
user_000000_001916,12,5,0,4,0.0,211,svd_256
user_000000_001917,8,2,1,4,0.5,211,svd_256
user_000000_001918,13,8,1,2,0.125,211,svd_256
user_000000_001919,14,8,1,2,0.125,211,svd_256
user_000000_001920,11,5,0,3,0.0,211,svd_256
user_000000_001921,8,2,0,6,0.0,211,svd_256
user_000000_001922,14,8,2,2,0.25,211,svd_256
user_000000_001923,7,1,0,6,0.0,211,svd_256
user_000000_001924,12,7,1,4,0.14285714285714285,211,svd_256
user_000000_001925,15,9,0,2,0.0,211,svd_256
user_000000_001926,5,0,0,5,,211,svd_256
user_000000_001927,12,6,0,2,0.0,211,svd_256
user_000000_001928,5,0,0,5,,211,svd_256
user_000000_001929,13,5,1,3,0.2,211,svd_256
user_000000_001930,13,7,0,2,0.0,211,svd_256
user_000000_001931,15,11,1,1,0.09090909090909091,211,svd_256
user_000000_001932,14,7,0,3,0.0,211,svd_256
user_000000_001933,13,9,0,3,0.0,211,svd_256
user_000000_001934,10,3,0,4,0.0,211,svd_256
user_000000_001935,15,9,0,2,0.0,211,svd_256
user_000000_001936,15,10,1,1,0.1,211,svd_256
user_000000_001937,7,2,0,4,0.0,211,svd_256
user_000000_001938,12,8,1,2,0.125,211,svd_256
user_000000_001939,12,5,0,5,0.0,211,svd_256
user_000000_001940,12,2,0,4,0.0,211,svd_256
user_000000_001941,14,6,1,6,0.16666666666666666,211,svd_256
user_000000_001942,15,12,0,0,0.0,211,svd_256
user_000000_001943,5,3,2,1,0.6666666666666666,211,svd_256
user_000000_001944,10,4,0,3,0.0,211,svd_256
user_000000_001945,8,2,0,4,0.0,211,svd_256
user_000000_001946,13,5,2,4,0.4,211,svd_256
user_000000_001947,15,8,3,3,0.375,211,svd_256
user_000000_001948,15,10,0,4,0.0,211,svd_256
user_000000_001949,8,1,0,7,0.0,211,svd_256
user_000000_001950,12,5,1,3,0.2,211,svd_256
user_000000_001951,12,2,1,4,0.5,211,svd_256
user_000000_001952,15,10,0,4,0.0,211,svd_256
user_000000_001953,12,5,1,5,0.2,211,svd_256
user_000000_001954,15,4,0,5,0.0,211,svd_256
user_000000_001955,12,3,0,6,0.0,211,svd_256
user_000000_001956,9,5,1,4,0.2,211,svd_256
user_000000_001957,14,5,1,4,0.2,211,svd_256
user_000000_001958,14,9,0,3,0.0,211,svd_256
user_000000_001959,11,7,1,1,0.14285714285714285,211,svd_256
user_000000_001960,8,0,0,6,,211,svd_256
user_000000_001961,11,2,0,7,0.0,211,svd_256
user_000000_001962,13,5,1,3,0.2,211,svd_256
user_000000_001963,13,2,0,5,0.0,211,svd_256
user_000000_001964,12,6,0,5,0.0,211,svd_256
user_000000_001965,11,2,0,6,0.0,211,svd_256
user_000000_001966,10,3,1,3,0.3333333333333333,211,svd_256
user_000000_001967,10,1,0,5,0.0,211,svd_256
user_000000_001968,9,4,1,2,0.25,211,svd_256
user_000000_001969,12,8,1,2,0.125,211,svd_256
user_000000_001970,14,12,0,2,0.0,211,svd_256
user_000000_001971,13,6,0,3,0.0,211,svd_256
user_000000_001972,12,4,0,4,0.0,211,svd_256
user_000000_001973,13,7,0,3,0.0,211,svd_256
user_000000_001974,13,10,2,1,0.2,211,svd_256
user_000000_001975,11,4,0,2,0.0,211,svd_256
user_000000_001976,9,6,2,2,0.3333333333333333,211,svd_256
user_000000_001977,14,6,0,3,0.0,211,svd_256
user_000000_001978,11,2,0,5,0.0,211,svd_256
user_000000_001979,14,11,0,2,0.0,211,svd_256
user_000000_001980,11,7,0,1,0.0,211,svd_256
user_000000_001981,14,8,0,3,0.0,211,svd_256
user_000000_001982,6,3,0,2,0.0,211,svd_256
user_000000_001983,15,7,1,2,0.14285714285714285,211,svd_256
user_000000_001984,15,8,1,5,0.125,211,svd_256
user_000000_001985,12,9,1,3,0.1111111111111111,211,svd_256
user_000000_001986,6,1,0,2,0.0,211,svd_256
user_000000_001987,14,7,0,5,0.0,211,svd_256
user_000000_001988,11,4,0,4,0.0,211,svd_256
user_000000_001989,12,7,0,2,0.0,211,svd_256
user_000000_001990,11,7,0,2,0.0,211,svd_256
user_000000_001991,14,10,0,2,0.0,211,svd_256
user_000000_001992,14,12,1,2,0.08333333333333333,211,svd_256
user_000000_001993,14,7,1,2,0.14285714285714285,211,svd_256
user_000000_001994,11,3,0,6,0.0,211,svd_256
user_000000_001995,13,10,1,2,0.1,211,svd_256
user_000000_001996,13,6,0,4,0.0,211,svd_256
user_000000_001997,11,2,0,6,0.0,211,svd_256
user_000000_001998,11,5,0,3,0.0,211,svd_256
user_000000_001999,12,3,0,7,0.0,211,svd_256
user_000000_000000,15,11,0,1,0.0,211,personal_frequency
user_000000_000001,13,7,0,5,0.0,211,personal_frequency
user_000000_000002,5,3,0,2,0.0,211,personal_frequency
user_000000_000003,12,4,0,6,0.0,211,personal_frequency
user_000000_000004,8,5,0,3,0.0,211,personal_frequency
user_000000_000005,13,6,0,2,0.0,211,personal_frequency
user_000000_000006,12,3,0,4,0.0,211,personal_frequency
user_000000_000007,13,6,0,1,0.0,211,personal_frequency
user_000000_000008,15,10,0,3,0.0,211,personal_frequency
user_000000_000009,14,5,0,4,0.0,211,personal_frequency
user_000000_000010,12,5,0,4,0.0,211,personal_frequency
user_000000_000011,7,1,0,6,0.0,211,personal_frequency
user_000000_000012,15,12,0,3,0.0,211,personal_frequency
user_000000_000013,12,3,0,7,0.0,211,personal_frequency
user_000000_000014,11,7,0,2,0.0,211,personal_frequency
user_000000_000015,14,7,0,3,0.0,211,personal_frequency
user_000000_000016,15,10,0,2,0.0,211,personal_frequency
user_000000_000017,13,12,0,1,0.0,211,personal_frequency
user_000000_000018,12,7,0,3,0.0,211,personal_frequency
user_000000_000019,11,7,0,4,0.0,211,personal_frequency
user_000000_000020,14,7,0,2,0.0,211,personal_frequency
user_000000_000021,9,4,0,3,0.0,211,personal_frequency
user_000000_000022,12,6,0,2,0.0,211,personal_frequency
user_000000_000023,6,0,0,4,,211,personal_frequency
user_000000_000024,6,1,0,3,0.0,211,personal_frequency
user_000000_000025,13,7,0,4,0.0,211,personal_frequency
user_000000_000026,10,4,0,5,0.0,211,personal_frequency
user_000000_000027,15,12,0,2,0.0,211,personal_frequency
user_000000_000028,12,4,0,5,0.0,211,personal_frequency
user_000000_000029,13,7,0,4,0.0,211,personal_frequency
user_000000_000030,13,5,0,3,0.0,211,personal_frequency
user_000000_000031,9,1,0,7,0.0,211,personal_frequency
user_000000_000032,12,4,0,5,0.0,211,personal_frequency
user_000000_000033,13,8,0,5,0.0,211,personal_frequency
user_000000_000034,13,6,0,5,0.0,211,personal_frequency
user_000000_000035,13,8,0,3,0.0,211,personal_frequency
user_000000_000036,14,4,0,7,0.0,211,personal_frequency
user_000000_000037,14,5,0,2,0.0,211,personal_frequency
user_000000_000038,12,6,0,3,0.0,211,personal_frequency
user_000000_000039,6,3,0,3,0.0,211,personal_frequency
user_000000_000040,9,5,0,4,0.0,211,personal_frequency
user_000000_000041,7,1,0,6,0.0,211,personal_frequency
user_000000_000042,14,8,0,3,0.0,211,personal_frequency
user_000000_000043,13,6,0,5,0.0,211,personal_frequency
user_000000_000044,11,5,0,3,0.0,211,personal_frequency
user_000000_000045,7,0,0,4,,211,personal_frequency
user_000000_000046,10,3,0,4,0.0,211,personal_frequency
user_000000_000047,11,7,0,2,0.0,211,personal_frequency
user_000000_000048,11,8,0,1,0.0,211,personal_frequency
user_000000_000049,6,1,0,5,0.0,211,personal_frequency
user_000000_000050,11,2,0,5,0.0,211,personal_frequency
user_000000_000051,13,6,0,2,0.0,211,personal_frequency
user_000000_000052,2,0,0,2,,211,personal_frequency
user_000000_000053,8,2,0,6,0.0,211,personal_frequency
user_000000_000054,6,3,0,3,0.0,211,personal_frequency
user_000000_000055,10,3,0,6,0.0,211,personal_frequency
user_000000_000056,5,1,0,4,0.0,211,personal_frequency
user_000000_000057,8,2,0,5,0.0,211,personal_frequency
user_000000_000058,8,1,0,5,0.0,211,personal_frequency
user_000000_000059,12,5,0,4,0.0,211,personal_frequency
user_000000_000060,10,1,0,7,0.0,211,personal_frequency
user_000000_000061,14,7,0,6,0.0,211,personal_frequency
user_000000_000062,8,1,0,6,0.0,211,personal_frequency
user_000000_000063,11,7,0,3,0.0,211,personal_frequency
user_000000_000064,7,3,0,3,0.0,211,personal_frequency
user_000000_000065,9,5,0,3,0.0,211,personal_frequency
user_000000_000066,15,10,0,1,0.0,211,personal_frequency
user_000000_000067,14,12,0,1,0.0,211,personal_frequency
user_000000_000068,10,5,0,3,0.0,211,personal_frequency
user_000000_000069,9,2,0,6,0.0,211,personal_frequency
user_000000_000070,14,7,0,3,0.0,211,personal_frequency
user_000000_000071,14,13,0,1,0.0,211,personal_frequency
user_000000_000072,15,12,0,0,0.0,211,personal_frequency
user_000000_000073,15,7,0,5,0.0,211,personal_frequency
user_000000_000074,14,6,0,5,0.0,211,personal_frequency
user_000000_000075,15,8,0,2,0.0,211,personal_frequency
user_000000_000076,12,7,0,3,0.0,211,personal_frequency
user_000000_000077,10,4,0,4,0.0,211,personal_frequency
user_000000_000078,12,6,0,4,0.0,211,personal_frequency
user_000000_000079,9,3,0,4,0.0,211,personal_frequency
user_000000_000080,6,0,0,6,,211,personal_frequency
user_000000_000081,12,8,0,4,0.0,211,personal_frequency
user_000000_000082,7,0,0,6,,211,personal_frequency
user_000000_000083,13,10,0,2,0.0,211,personal_frequency
user_000000_000084,11,5,0,2,0.0,211,personal_frequency
user_000000_000085,10,5,0,3,0.0,211,personal_frequency
user_000000_000086,11,8,0,3,0.0,211,personal_frequency
user_000000_000087,15,11,0,1,0.0,211,personal_frequency
user_000000_000088,9,1,0,4,0.0,211,personal_frequency
user_000000_000089,10,3,0,4,0.0,211,personal_frequency
user_000000_000090,12,5,0,6,0.0,211,personal_frequency
user_000000_000091,11,1,0,5,0.0,211,personal_frequency
user_000000_000092,14,5,0,5,0.0,211,personal_frequency
user_000000_000093,8,4,0,2,0.0,211,personal_frequency
user_000000_000094,7,2,0,5,0.0,211,personal_frequency
user_000000_000095,14,9,0,2,0.0,211,personal_frequency
user_000000_000096,11,1,0,4,0.0,211,personal_frequency
user_000000_000097,15,9,0,2,0.0,211,personal_frequency
user_000000_000098,13,7,0,1,0.0,211,personal_frequency
user_000000_000099,9,3,0,5,0.0,211,personal_frequency
user_000000_000100,11,6,0,3,0.0,211,personal_frequency
user_000000_000101,13,5,0,4,0.0,211,personal_frequency
user_000000_000102,12,3,0,4,0.0,211,personal_frequency
user_000000_000103,11,5,0,4,0.0,211,personal_frequency
user_000000_000104,13,3,0,7,0.0,211,personal_frequency
user_000000_000105,9,2,0,5,0.0,211,personal_frequency
user_000000_000106,12,9,0,2,0.0,211,personal_frequency
user_000000_000107,14,3,0,6,0.0,211,personal_frequency
user_000000_000108,11,4,0,3,0.0,211,personal_frequency
user_000000_000109,13,5,0,2,0.0,211,personal_frequency
user_000000_000110,11,3,0,4,0.0,211,personal_frequency
user_000000_000111,14,9,0,1,0.0,211,personal_frequency
user_000000_000112,12,8,0,4,0.0,211,personal_frequency
user_000000_000113,10,2,0,5,0.0,211,personal_frequency
user_000000_000114,13,6,0,3,0.0,211,personal_frequency
user_000000_000115,14,7,0,4,0.0,211,personal_frequency
user_000000_000116,11,4,0,4,0.0,211,personal_frequency
user_000000_000117,15,7,0,3,0.0,211,personal_frequency
user_000000_000118,3,0,0,3,,211,personal_frequency
user_000000_000119,9,1,0,5,0.0,211,personal_frequency
user_000000_000120,13,4,0,6,0.0,211,personal_frequency
user_000000_000121,12,6,0,2,0.0,211,personal_frequency
user_000000_000122,9,5,0,4,0.0,211,personal_frequency
user_000000_000123,10,4,0,5,0.0,211,personal_frequency
user_000000_000124,14,11,0,0,0.0,211,personal_frequency
user_000000_000125,10,5,0,5,0.0,211,personal_frequency
user_000000_000126,13,1,0,6,0.0,211,personal_frequency
user_000000_000127,11,7,0,3,0.0,211,personal_frequency
user_000000_000128,13,4,0,3,0.0,211,personal_frequency
user_000000_000129,11,2,0,6,0.0,211,personal_frequency
user_000000_000130,12,4,0,5,0.0,211,personal_frequency
user_000000_000131,13,4,0,2,0.0,211,personal_frequency
user_000000_000132,13,5,0,3,0.0,211,personal_frequency
user_000000_000133,12,10,0,1,0.0,211,personal_frequency
user_000000_000134,15,12,0,2,0.0,211,personal_frequency
user_000000_000135,7,3,0,4,0.0,211,personal_frequency
user_000000_000136,6,1,0,5,0.0,211,personal_frequency
user_000000_000137,13,6,0,5,0.0,211,personal_frequency
user_000000_000138,13,6,0,2,0.0,211,personal_frequency
user_000000_000139,6,2,0,2,0.0,211,personal_frequency
user_000000_000140,9,3,0,6,0.0,211,personal_frequency
user_000000_000141,9,4,0,2,0.0,211,personal_frequency
user_000000_000142,8,1,0,7,0.0,211,personal_frequency
user_000000_000143,15,9,0,2,0.0,211,personal_frequency
user_000000_000144,15,4,0,6,0.0,211,personal_frequency
user_000000_000145,13,6,0,4,0.0,211,personal_frequency
user_000000_000146,15,8,0,3,0.0,211,personal_frequency
user_000000_000147,13,9,0,2,0.0,211,personal_frequency
user_000000_000148,10,3,0,6,0.0,211,personal_frequency
user_000000_000149,8,3,0,4,0.0,211,personal_frequency
user_000000_000150,15,11,0,1,0.0,211,personal_frequency
user_000000_000151,11,6,0,2,0.0,211,personal_frequency
user_000000_000152,6,1,0,5,0.0,211,personal_frequency
user_000000_000153,10,2,0,5,0.0,211,personal_frequency
user_000000_000154,14,9,0,1,0.0,211,personal_frequency
user_000000_000155,11,3,0,4,0.0,211,personal_frequency
user_000000_000156,13,8,0,4,0.0,211,personal_frequency
user_000000_000157,15,7,0,6,0.0,211,personal_frequency
user_000000_000158,15,10,0,0,0.0,211,personal_frequency
user_000000_000159,10,4,0,5,0.0,211,personal_frequency
user_000000_000160,7,4,0,3,0.0,211,personal_frequency
user_000000_000161,15,12,0,2,0.0,211,personal_frequency
user_000000_000162,13,3,0,5,0.0,211,personal_frequency
user_000000_000163,15,7,0,4,0.0,211,personal_frequency
user_000000_000164,8,3,0,5,0.0,211,personal_frequency
user_000000_000165,9,5,0,4,0.0,211,personal_frequency
user_000000_000166,7,2,0,5,0.0,211,personal_frequency
user_000000_000167,10,6,0,2,0.0,211,personal_frequency
user_000000_000168,8,2,0,6,0.0,211,personal_frequency
user_000000_000169,14,10,0,2,0.0,211,personal_frequency
user_000000_000170,9,3,0,5,0.0,211,personal_frequency
user_000000_000171,15,9,0,1,0.0,211,personal_frequency
user_000000_000172,9,3,0,2,0.0,211,personal_frequency
user_000000_000173,13,6,0,4,0.0,211,personal_frequency
user_000000_000174,8,3,0,4,0.0,211,personal_frequency
user_000000_000175,14,8,0,5,0.0,211,personal_frequency
user_000000_000176,5,1,0,4,0.0,211,personal_frequency
user_000000_000177,14,8,0,3,0.0,211,personal_frequency
user_000000_000178,12,2,0,5,0.0,211,personal_frequency
user_000000_000179,11,3,0,5,0.0,211,personal_frequency
user_000000_000180,13,8,0,3,0.0,211,personal_frequency
user_000000_000181,14,7,0,4,0.0,211,personal_frequency
user_000000_000182,10,5,0,3,0.0,211,personal_frequency
user_000000_000183,10,3,0,5,0.0,211,personal_frequency
user_000000_000184,6,0,0,6,,211,personal_frequency
user_000000_000185,8,3,0,4,0.0,211,personal_frequency
user_000000_000186,13,6,0,3,0.0,211,personal_frequency
user_000000_000187,6,2,0,3,0.0,211,personal_frequency
user_000000_000188,14,6,0,4,0.0,211,personal_frequency
user_000000_000189,9,6,0,3,0.0,211,personal_frequency
user_000000_000190,15,10,0,2,0.0,211,personal_frequency
user_000000_000191,14,8,0,2,0.0,211,personal_frequency
user_000000_000192,6,1,0,5,0.0,211,personal_frequency
user_000000_000193,8,3,0,4,0.0,211,personal_frequency
user_000000_000194,10,3,0,5,0.0,211,personal_frequency
user_000000_000195,12,4,0,5,0.0,211,personal_frequency
user_000000_000196,13,5,0,3,0.0,211,personal_frequency
user_000000_000197,6,0,0,6,,211,personal_frequency
user_000000_000198,11,5,0,2,0.0,211,personal_frequency
user_000000_000199,13,4,0,3,0.0,211,personal_frequency
user_000000_000200,5,1,0,4,0.0,211,personal_frequency
user_000000_000201,12,2,0,4,0.0,211,personal_frequency
user_000000_000202,12,6,0,5,0.0,211,personal_frequency
user_000000_000203,15,11,0,2,0.0,211,personal_frequency
user_000000_000204,12,5,0,5,0.0,211,personal_frequency
user_000000_000205,14,6,0,4,0.0,211,personal_frequency
user_000000_000206,6,2,0,3,0.0,211,personal_frequency
user_000000_000207,11,2,0,6,0.0,211,personal_frequency
user_000000_000208,11,6,0,2,0.0,211,personal_frequency
user_000000_000209,6,0,0,6,,211,personal_frequency
user_000000_000210,12,1,0,6,0.0,211,personal_frequency
user_000000_000211,13,7,0,4,0.0,211,personal_frequency
user_000000_000212,13,5,0,4,0.0,211,personal_frequency
user_000000_000213,15,8,0,3,0.0,211,personal_frequency
user_000000_000214,6,3,0,2,0.0,211,personal_frequency
user_000000_000215,11,9,0,2,0.0,211,personal_frequency
user_000000_000216,7,2,0,5,0.0,211,personal_frequency
user_000000_000217,14,7,0,4,0.0,211,personal_frequency
user_000000_000218,12,7,0,2,0.0,211,personal_frequency
user_000000_000219,15,7,0,5,0.0,211,personal_frequency
user_000000_000220,11,3,0,6,0.0,211,personal_frequency
user_000000_000221,11,3,0,6,0.0,211,personal_frequency
user_000000_000222,11,5,0,4,0.0,211,personal_frequency
user_000000_000223,14,7,0,2,0.0,211,personal_frequency
user_000000_000224,8,5,0,2,0.0,211,personal_frequency
user_000000_000225,12,4,0,4,0.0,211,personal_frequency
user_000000_000226,11,4,0,3,0.0,211,personal_frequency
user_000000_000227,10,2,0,5,0.0,211,personal_frequency
user_000000_000228,11,3,0,6,0.0,211,personal_frequency
user_000000_000229,14,12,0,1,0.0,211,personal_frequency
user_000000_000230,14,11,0,1,0.0,211,personal_frequency
user_000000_000231,8,2,0,6,0.0,211,personal_frequency
user_000000_000232,11,5,0,4,0.0,211,personal_frequency
user_000000_000233,11,6,0,3,0.0,211,personal_frequency
user_000000_000234,14,9,0,2,0.0,211,personal_frequency
user_000000_000235,13,3,0,5,0.0,211,personal_frequency
user_000000_000236,11,3,0,5,0.0,211,personal_frequency
user_000000_000237,15,8,0,6,0.0,211,personal_frequency
user_000000_000238,15,6,0,3,0.0,211,personal_frequency
user_000000_000239,7,1,0,4,0.0,211,personal_frequency
user_000000_000240,12,4,0,3,0.0,211,personal_frequency
user_000000_000241,7,0,0,4,,211,personal_frequency
user_000000_000242,13,7,0,5,0.0,211,personal_frequency
user_000000_000243,14,5,0,4,0.0,211,personal_frequency
user_000000_000244,11,4,0,4,0.0,211,personal_frequency
user_000000_000245,13,4,0,4,0.0,211,personal_frequency
user_000000_000246,14,6,0,4,0.0,211,personal_frequency
user_000000_000247,8,2,0,3,0.0,211,personal_frequency
user_000000_000248,13,6,0,5,0.0,211,personal_frequency
user_000000_000249,11,9,0,0,0.0,211,personal_frequency
user_000000_000250,5,1,0,4,0.0,211,personal_frequency
user_000000_000251,15,10,0,1,0.0,211,personal_frequency
user_000000_000252,11,4,0,4,0.0,211,personal_frequency
user_000000_000253,15,5,0,5,0.0,211,personal_frequency
user_000000_000254,14,8,0,4,0.0,211,personal_frequency
user_000000_000255,15,12,0,3,0.0,211,personal_frequency
user_000000_000256,9,5,0,2,0.0,211,personal_frequency
user_000000_000257,8,2,0,6,0.0,211,personal_frequency
user_000000_000258,14,7,0,5,0.0,211,personal_frequency
user_000000_000259,6,0,0,6,,211,personal_frequency
user_000000_000260,13,5,0,4,0.0,211,personal_frequency
user_000000_000261,12,6,0,3,0.0,211,personal_frequency
user_000000_000262,14,11,0,3,0.0,211,personal_frequency
user_000000_000263,8,3,0,5,0.0,211,personal_frequency
user_000000_000264,10,4,0,5,0.0,211,personal_frequency
user_000000_000265,13,4,0,3,0.0,211,personal_frequency
user_000000_000266,10,6,0,4,0.0,211,personal_frequency
user_000000_000267,15,12,0,2,0.0,211,personal_frequency
user_000000_000268,13,4,0,4,0.0,211,personal_frequency
user_000000_000269,13,5,0,3,0.0,211,personal_frequency
user_000000_000270,13,4,0,3,0.0,211,personal_frequency
user_000000_000271,10,3,0,3,0.0,211,personal_frequency
user_000000_000272,14,7,0,5,0.0,211,personal_frequency
user_000000_000273,13,6,0,3,0.0,211,personal_frequency
user_000000_000274,7,2,0,5,0.0,211,personal_frequency
user_000000_000275,9,2,0,5,0.0,211,personal_frequency
user_000000_000276,10,1,0,8,0.0,211,personal_frequency
user_000000_000277,12,6,0,3,0.0,211,personal_frequency
user_000000_000278,12,4,0,5,0.0,211,personal_frequency
user_000000_000279,8,3,0,2,0.0,211,personal_frequency
user_000000_000280,11,6,0,3,0.0,211,personal_frequency
user_000000_000281,13,7,0,5,0.0,211,personal_frequency
user_000000_000282,5,0,0,5,,211,personal_frequency
user_000000_000283,10,4,0,4,0.0,211,personal_frequency
user_000000_000284,13,9,0,3,0.0,211,personal_frequency
user_000000_000285,11,3,0,5,0.0,211,personal_frequency
user_000000_000286,15,7,0,4,0.0,211,personal_frequency
user_000000_000287,14,8,0,1,0.0,211,personal_frequency
user_000000_000288,13,8,0,3,0.0,211,personal_frequency
user_000000_000289,8,3,0,4,0.0,211,personal_frequency
user_000000_000290,14,10,0,1,0.0,211,personal_frequency
user_000000_000291,14,9,0,3,0.0,211,personal_frequency
user_000000_000292,10,5,0,1,0.0,211,personal_frequency
user_000000_000293,14,9,0,0,0.0,211,personal_frequency
user_000000_000294,13,4,0,6,0.0,211,personal_frequency
user_000000_000295,12,2,0,5,0.0,211,personal_frequency
user_000000_000296,10,5,0,5,0.0,211,personal_frequency
user_000000_000297,13,2,0,7,0.0,211,personal_frequency
user_000000_000298,6,1,0,5,0.0,211,personal_frequency
user_000000_000299,10,3,0,5,0.0,211,personal_frequency
user_000000_000300,10,6,0,3,0.0,211,personal_frequency
user_000000_000301,12,4,0,4,0.0,211,personal_frequency
user_000000_000302,14,6,0,4,0.0,211,personal_frequency
user_000000_000303,14,4,0,6,0.0,211,personal_frequency
user_000000_000304,5,1,0,4,0.0,211,personal_frequency
user_000000_000305,12,3,0,6,0.0,211,personal_frequency
user_000000_000306,15,9,0,2,0.0,211,personal_frequency
user_000000_000307,14,9,0,1,0.0,211,personal_frequency
user_000000_000308,12,5,0,2,0.0,211,personal_frequency
user_000000_000309,12,5,0,2,0.0,211,personal_frequency
user_000000_000310,14,7,0,4,0.0,211,personal_frequency
user_000000_000311,15,9,0,1,0.0,211,personal_frequency
user_000000_000312,12,4,0,5,0.0,211,personal_frequency
user_000000_000313,14,5,0,4,0.0,211,personal_frequency
user_000000_000314,8,3,0,5,0.0,211,personal_frequency
user_000000_000315,13,4,0,4,0.0,211,personal_frequency
user_000000_000316,11,5,0,2,0.0,211,personal_frequency
user_000000_000317,14,9,0,3,0.0,211,personal_frequency
user_000000_000318,13,9,0,3,0.0,211,personal_frequency
user_000000_000319,8,2,0,5,0.0,211,personal_frequency
user_000000_000320,13,7,0,4,0.0,211,personal_frequency
user_000000_000321,11,1,0,6,0.0,211,personal_frequency
user_000000_000322,11,6,0,2,0.0,211,personal_frequency
user_000000_000323,9,1,0,7,0.0,211,personal_frequency
user_000000_000324,14,10,0,2,0.0,211,personal_frequency
user_000000_000325,12,2,0,6,0.0,211,personal_frequency
user_000000_000326,7,2,0,4,0.0,211,personal_frequency
user_000000_000327,12,3,0,6,0.0,211,personal_frequency
user_000000_000328,14,9,0,2,0.0,211,personal_frequency
user_000000_000329,13,4,0,3,0.0,211,personal_frequency
user_000000_000330,15,14,0,0,0.0,211,personal_frequency
user_000000_000331,15,13,0,0,0.0,211,personal_frequency
user_000000_000332,14,6,0,5,0.0,211,personal_frequency
user_000000_000333,11,4,0,6,0.0,211,personal_frequency
user_000000_000334,13,8,0,4,0.0,211,personal_frequency
user_000000_000335,13,4,0,4,0.0,211,personal_frequency
user_000000_000336,11,6,0,3,0.0,211,personal_frequency
user_000000_000337,14,9,0,2,0.0,211,personal_frequency
user_000000_000338,5,1,0,4,0.0,211,personal_frequency
user_000000_000339,13,4,0,5,0.0,211,personal_frequency
user_000000_000340,12,10,0,2,0.0,211,personal_frequency
user_000000_000341,11,3,0,5,0.0,211,personal_frequency
user_000000_000342,10,7,0,3,0.0,211,personal_frequency
user_000000_000343,15,8,0,5,0.0,211,personal_frequency
user_000000_000344,5,4,0,1,0.0,211,personal_frequency
user_000000_000345,7,1,0,6,0.0,211,personal_frequency
user_000000_000346,10,5,0,4,0.0,211,personal_frequency
user_000000_000347,14,9,0,3,0.0,211,personal_frequency
user_000000_000348,14,8,0,4,0.0,211,personal_frequency
user_000000_000349,11,4,0,2,0.0,211,personal_frequency
user_000000_000350,8,3,0,3,0.0,211,personal_frequency
user_000000_000351,14,10,0,2,0.0,211,personal_frequency
user_000000_000352,9,4,0,3,0.0,211,personal_frequency
user_000000_000353,8,4,0,4,0.0,211,personal_frequency
user_000000_000354,14,9,0,3,0.0,211,personal_frequency
user_000000_000355,10,5,0,4,0.0,211,personal_frequency
user_000000_000356,12,4,0,5,0.0,211,personal_frequency
user_000000_000357,10,3,0,4,0.0,211,personal_frequency
user_000000_000358,12,4,0,5,0.0,211,personal_frequency
user_000000_000359,13,5,0,5,0.0,211,personal_frequency
user_000000_000360,8,2,0,6,0.0,211,personal_frequency
user_000000_000361,7,0,0,5,,211,personal_frequency
user_000000_000362,11,6,0,3,0.0,211,personal_frequency
user_000000_000363,9,1,0,7,0.0,211,personal_frequency
user_000000_000364,14,7,0,2,0.0,211,personal_frequency
user_000000_000365,10,1,0,4,0.0,211,personal_frequency
user_000000_000366,14,5,0,5,0.0,211,personal_frequency
user_000000_000367,12,6,0,4,0.0,211,personal_frequency
user_000000_000368,13,4,0,5,0.0,211,personal_frequency
user_000000_000369,10,4,0,3,0.0,211,personal_frequency
user_000000_000370,9,3,0,4,0.0,211,personal_frequency
user_000000_000371,8,5,0,3,0.0,211,personal_frequency
user_000000_000372,11,3,0,5,0.0,211,personal_frequency
user_000000_000373,14,6,0,5,0.0,211,personal_frequency
user_000000_000374,13,7,0,2,0.0,211,personal_frequency
user_000000_000375,9,0,0,6,,211,personal_frequency
user_000000_000376,12,3,0,4,0.0,211,personal_frequency
user_000000_000377,11,6,0,5,0.0,211,personal_frequency
user_000000_000378,15,10,0,3,0.0,211,personal_frequency
user_000000_000379,13,7,0,3,0.0,211,personal_frequency
user_000000_000380,8,1,0,6,0.0,211,personal_frequency
user_000000_000381,9,5,0,3,0.0,211,personal_frequency
user_000000_000382,12,0,0,8,,211,personal_frequency
user_000000_000383,10,4,0,5,0.0,211,personal_frequency
user_000000_000384,13,9,0,3,0.0,211,personal_frequency
user_000000_000385,12,6,0,3,0.0,211,personal_frequency
user_000000_000386,13,3,0,6,0.0,211,personal_frequency
user_000000_000387,12,7,0,3,0.0,211,personal_frequency
user_000000_000388,14,4,0,3,0.0,211,personal_frequency
user_000000_000389,5,1,0,3,0.0,211,personal_frequency
user_000000_000390,13,8,0,2,0.0,211,personal_frequency
user_000000_000391,12,5,0,4,0.0,211,personal_frequency
user_000000_000392,13,5,0,3,0.0,211,personal_frequency
user_000000_000393,14,8,0,2,0.0,211,personal_frequency
user_000000_000394,5,0,0,5,,211,personal_frequency
user_000000_000395,14,7,0,4,0.0,211,personal_frequency
user_000000_000396,15,6,0,3,0.0,211,personal_frequency
user_000000_000397,14,9,0,2,0.0,211,personal_frequency
user_000000_000398,9,2,0,4,0.0,211,personal_frequency
user_000000_000399,11,4,0,4,0.0,211,personal_frequency
user_000000_000400,11,7,0,2,0.0,211,personal_frequency
user_000000_000401,13,3,0,5,0.0,211,personal_frequency
user_000000_000402,12,6,0,2,0.0,211,personal_frequency
user_000000_000403,14,7,0,4,0.0,211,personal_frequency
user_000000_000404,12,5,0,3,0.0,211,personal_frequency
user_000000_000405,12,7,0,3,0.0,211,personal_frequency
user_000000_000406,14,10,0,2,0.0,211,personal_frequency
user_000000_000407,14,12,0,1,0.0,211,personal_frequency
user_000000_000408,14,6,0,3,0.0,211,personal_frequency
user_000000_000409,13,6,0,4,0.0,211,personal_frequency
user_000000_000410,13,5,0,5,0.0,211,personal_frequency
user_000000_000411,12,7,0,1,0.0,211,personal_frequency
user_000000_000412,14,7,0,3,0.0,211,personal_frequency
user_000000_000413,14,12,0,2,0.0,211,personal_frequency
user_000000_000414,8,3,0,5,0.0,211,personal_frequency
user_000000_000415,10,3,0,5,0.0,211,personal_frequency
user_000000_000416,9,4,0,5,0.0,211,personal_frequency
user_000000_000417,9,3,0,5,0.0,211,personal_frequency
user_000000_000418,14,11,0,2,0.0,211,personal_frequency
user_000000_000419,13,8,0,1,0.0,211,personal_frequency
user_000000_000420,8,2,0,6,0.0,211,personal_frequency
user_000000_000421,14,9,0,2,0.0,211,personal_frequency
user_000000_000422,9,3,0,3,0.0,211,personal_frequency
user_000000_000423,12,5,0,3,0.0,211,personal_frequency
user_000000_000424,14,10,0,1,0.0,211,personal_frequency
user_000000_000425,14,9,0,1,0.0,211,personal_frequency
user_000000_000426,14,5,0,5,0.0,211,personal_frequency
user_000000_000427,4,1,0,3,0.0,211,personal_frequency
user_000000_000428,11,7,0,4,0.0,211,personal_frequency
user_000000_000429,14,8,0,4,0.0,211,personal_frequency
user_000000_000430,10,3,0,5,0.0,211,personal_frequency
user_000000_000431,15,10,0,1,0.0,211,personal_frequency
user_000000_000432,14,10,0,4,0.0,211,personal_frequency
user_000000_000433,12,11,0,1,0.0,211,personal_frequency
user_000000_000434,10,6,0,4,0.0,211,personal_frequency
user_000000_000435,15,11,0,2,0.0,211,personal_frequency
user_000000_000436,15,11,0,2,0.0,211,personal_frequency
user_000000_000437,8,0,0,4,,211,personal_frequency
user_000000_000438,12,5,0,6,0.0,211,personal_frequency
user_000000_000439,13,10,0,2,0.0,211,personal_frequency
user_000000_000440,12,6,0,6,0.0,211,personal_frequency
user_000000_000441,15,8,0,4,0.0,211,personal_frequency
user_000000_000442,12,6,0,5,0.0,211,personal_frequency
user_000000_000443,10,5,0,3,0.0,211,personal_frequency
user_000000_000444,8,2,0,6,0.0,211,personal_frequency
user_000000_000445,7,3,0,4,0.0,211,personal_frequency
user_000000_000446,14,10,0,3,0.0,211,personal_frequency
user_000000_000447,14,6,0,1,0.0,211,personal_frequency
user_000000_000448,12,6,0,5,0.0,211,personal_frequency
user_000000_000449,13,4,0,5,0.0,211,personal_frequency
user_000000_000450,6,1,0,3,0.0,211,personal_frequency
user_000000_000451,14,8,0,4,0.0,211,personal_frequency
user_000000_000452,10,1,0,4,0.0,211,personal_frequency
user_000000_000453,13,9,0,2,0.0,211,personal_frequency
user_000000_000454,11,4,0,3,0.0,211,personal_frequency
user_000000_000455,8,0,0,6,,211,personal_frequency
user_000000_000456,2,0,0,2,,211,personal_frequency
user_000000_000457,12,11,0,1,0.0,211,personal_frequency
user_000000_000458,14,8,0,1,0.0,211,personal_frequency
user_000000_000459,13,6,0,3,0.0,211,personal_frequency
user_000000_000460,15,10,0,2,0.0,211,personal_frequency
user_000000_000461,13,7,0,3,0.0,211,personal_frequency
user_000000_000462,9,2,0,5,0.0,211,personal_frequency
user_000000_000463,10,4,0,3,0.0,211,personal_frequency
user_000000_000464,11,3,0,6,0.0,211,personal_frequency
user_000000_000465,11,0,0,4,,211,personal_frequency
user_000000_000466,13,7,0,3,0.0,211,personal_frequency
user_000000_000467,11,2,0,5,0.0,211,personal_frequency
user_000000_000468,13,7,0,4,0.0,211,personal_frequency
user_000000_000469,7,0,0,7,,211,personal_frequency
user_000000_000470,9,5,0,3,0.0,211,personal_frequency
user_000000_000471,6,0,0,4,,211,personal_frequency
user_000000_000472,4,0,0,4,,211,personal_frequency
user_000000_000473,15,6,0,3,0.0,211,personal_frequency
user_000000_000474,12,5,0,5,0.0,211,personal_frequency
user_000000_000475,5,2,0,2,0.0,211,personal_frequency
user_000000_000476,13,10,0,2,0.0,211,personal_frequency
user_000000_000477,7,1,0,4,0.0,211,personal_frequency
user_000000_000478,8,5,0,3,0.0,211,personal_frequency
user_000000_000479,13,3,0,4,0.0,211,personal_frequency
user_000000_000480,11,4,0,5,0.0,211,personal_frequency
user_000000_000481,11,5,0,5,0.0,211,personal_frequency
user_000000_000482,7,2,0,4,0.0,211,personal_frequency
user_000000_000483,10,6,0,3,0.0,211,personal_frequency
user_000000_000484,9,3,0,6,0.0,211,personal_frequency
user_000000_000485,11,5,0,5,0.0,211,personal_frequency
user_000000_000486,12,2,0,8,0.0,211,personal_frequency
user_000000_000487,8,1,0,7,0.0,211,personal_frequency
user_000000_000488,15,9,0,2,0.0,211,personal_frequency
user_000000_000489,13,6,0,3,0.0,211,personal_frequency
user_000000_000490,12,1,0,7,0.0,211,personal_frequency
user_000000_000491,8,2,0,5,0.0,211,personal_frequency
user_000000_000492,11,2,0,6,0.0,211,personal_frequency
user_000000_000493,15,10,0,2,0.0,211,personal_frequency
user_000000_000494,9,1,0,6,0.0,211,personal_frequency
user_000000_000495,8,1,0,6,0.0,211,personal_frequency
user_000000_000496,11,5,0,3,0.0,211,personal_frequency
user_000000_000497,14,8,0,2,0.0,211,personal_frequency
user_000000_000498,14,9,0,2,0.0,211,personal_frequency
user_000000_000499,14,8,0,2,0.0,211,personal_frequency
user_000000_000500,13,3,0,5,0.0,211,personal_frequency
user_000000_000501,14,8,0,2,0.0,211,personal_frequency
user_000000_000502,13,5,0,4,0.0,211,personal_frequency
user_000000_000503,10,5,0,1,0.0,211,personal_frequency
user_000000_000504,14,7,0,4,0.0,211,personal_frequency
user_000000_000505,13,6,0,3,0.0,211,personal_frequency
user_000000_000506,15,7,0,3,0.0,211,personal_frequency
user_000000_000507,12,5,0,3,0.0,211,personal_frequency
user_000000_000508,12,6,0,4,0.0,211,personal_frequency
user_000000_000509,11,6,0,2,0.0,211,personal_frequency
user_000000_000510,14,9,0,3,0.0,211,personal_frequency
user_000000_000511,15,11,0,2,0.0,211,personal_frequency
user_000000_000512,10,5,0,5,0.0,211,personal_frequency
user_000000_000513,11,5,0,5,0.0,211,personal_frequency
user_000000_000514,14,9,0,2,0.0,211,personal_frequency
user_000000_000515,11,7,0,2,0.0,211,personal_frequency
user_000000_000516,14,5,0,5,0.0,211,personal_frequency
user_000000_000517,12,8,0,3,0.0,211,personal_frequency
user_000000_000518,13,5,0,5,0.0,211,personal_frequency
user_000000_000519,11,7,0,3,0.0,211,personal_frequency
user_000000_000520,15,6,0,5,0.0,211,personal_frequency
user_000000_000521,14,7,0,2,0.0,211,personal_frequency
user_000000_000522,15,9,0,2,0.0,211,personal_frequency
user_000000_000523,11,6,0,4,0.0,211,personal_frequency
user_000000_000524,13,3,0,5,0.0,211,personal_frequency
user_000000_000525,11,2,0,5,0.0,211,personal_frequency
user_000000_000526,13,10,0,2,0.0,211,personal_frequency
user_000000_000527,13,9,0,3,0.0,211,personal_frequency
user_000000_000528,7,3,0,4,0.0,211,personal_frequency
user_000000_000529,12,2,0,4,0.0,211,personal_frequency
user_000000_000530,11,7,0,3,0.0,211,personal_frequency
user_000000_000531,6,0,0,5,,211,personal_frequency
user_000000_000532,13,5,0,7,0.0,211,personal_frequency
user_000000_000533,9,5,0,4,0.0,211,personal_frequency
user_000000_000534,15,10,0,2,0.0,211,personal_frequency
user_000000_000535,14,12,0,2,0.0,211,personal_frequency
user_000000_000536,14,12,0,1,0.0,211,personal_frequency
user_000000_000537,13,8,0,5,0.0,211,personal_frequency
user_000000_000538,14,11,0,2,0.0,211,personal_frequency
user_000000_000539,11,4,0,3,0.0,211,personal_frequency
user_000000_000540,12,4,0,5,0.0,211,personal_frequency
user_000000_000541,9,3,0,4,0.0,211,personal_frequency
user_000000_000542,12,2,0,4,0.0,211,personal_frequency
user_000000_000543,10,4,0,3,0.0,211,personal_frequency
user_000000_000544,15,8,0,5,0.0,211,personal_frequency
user_000000_000545,13,8,0,4,0.0,211,personal_frequency
user_000000_000546,15,12,0,2,0.0,211,personal_frequency
user_000000_000547,15,8,0,3,0.0,211,personal_frequency
user_000000_000548,14,11,0,2,0.0,211,personal_frequency
user_000000_000549,15,9,0,1,0.0,211,personal_frequency
user_000000_000550,10,6,0,4,0.0,211,personal_frequency
user_000000_000551,8,2,0,6,0.0,211,personal_frequency
user_000000_000552,13,7,0,2,0.0,211,personal_frequency
user_000000_000553,9,4,0,5,0.0,211,personal_frequency
user_000000_000554,13,5,0,4,0.0,211,personal_frequency
user_000000_000555,15,11,0,1,0.0,211,personal_frequency
user_000000_000556,6,4,0,2,0.0,211,personal_frequency
user_000000_000557,9,1,0,5,0.0,211,personal_frequency
user_000000_000558,12,4,0,5,0.0,211,personal_frequency
user_000000_000559,14,8,0,2,0.0,211,personal_frequency
user_000000_000560,13,7,0,5,0.0,211,personal_frequency
user_000000_000561,15,5,0,4,0.0,211,personal_frequency
user_000000_000562,11,2,0,6,0.0,211,personal_frequency
user_000000_000563,13,6,0,2,0.0,211,personal_frequency
user_000000_000564,7,1,0,5,0.0,211,personal_frequency
user_000000_000565,11,8,0,2,0.0,211,personal_frequency
user_000000_000566,11,6,0,5,0.0,211,personal_frequency
user_000000_000567,15,8,0,3,0.0,211,personal_frequency
user_000000_000568,13,9,0,4,0.0,211,personal_frequency
user_000000_000569,8,0,0,6,,211,personal_frequency
user_000000_000570,13,6,0,3,0.0,211,personal_frequency
user_000000_000571,8,1,0,7,0.0,211,personal_frequency
user_000000_000572,12,5,0,5,0.0,211,personal_frequency
user_000000_000573,13,5,0,7,0.0,211,personal_frequency
user_000000_000574,11,5,0,3,0.0,211,personal_frequency
user_000000_000575,13,8,0,3,0.0,211,personal_frequency
user_000000_000576,13,10,0,2,0.0,211,personal_frequency
user_000000_000577,14,9,0,1,0.0,211,personal_frequency
user_000000_000578,14,8,0,4,0.0,211,personal_frequency
user_000000_000579,6,1,0,5,0.0,211,personal_frequency
user_000000_000580,14,8,0,2,0.0,211,personal_frequency
user_000000_000581,9,5,0,3,0.0,211,personal_frequency
user_000000_000582,12,6,0,4,0.0,211,personal_frequency
user_000000_000583,11,7,0,2,0.0,211,personal_frequency
user_000000_000584,9,4,0,4,0.0,211,personal_frequency
user_000000_000585,15,12,0,0,0.0,211,personal_frequency
user_000000_000586,13,9,0,3,0.0,211,personal_frequency
user_000000_000587,13,10,0,3,0.0,211,personal_frequency
user_000000_000588,13,7,0,4,0.0,211,personal_frequency
user_000000_000589,14,11,0,2,0.0,211,personal_frequency
user_000000_000590,13,5,0,2,0.0,211,personal_frequency
user_000000_000591,13,4,0,4,0.0,211,personal_frequency
user_000000_000592,12,5,0,4,0.0,211,personal_frequency
user_000000_000593,6,1,0,5,0.0,211,personal_frequency
user_000000_000594,12,5,0,2,0.0,211,personal_frequency
user_000000_000595,15,8,0,4,0.0,211,personal_frequency
user_000000_000596,10,5,0,3,0.0,211,personal_frequency
user_000000_000597,12,5,0,4,0.0,211,personal_frequency
user_000000_000598,4,0,0,3,,211,personal_frequency
user_000000_000599,14,9,0,1,0.0,211,personal_frequency
user_000000_000600,13,6,0,4,0.0,211,personal_frequency
user_000000_000601,13,7,0,5,0.0,211,personal_frequency
user_000000_000602,12,7,0,4,0.0,211,personal_frequency
user_000000_000603,15,8,0,0,0.0,211,personal_frequency
user_000000_000604,12,6,0,3,0.0,211,personal_frequency
user_000000_000605,12,3,0,6,0.0,211,personal_frequency
user_000000_000606,15,9,0,1,0.0,211,personal_frequency
user_000000_000607,8,4,0,4,0.0,211,personal_frequency
user_000000_000608,13,10,0,3,0.0,211,personal_frequency
user_000000_000609,13,10,0,2,0.0,211,personal_frequency
user_000000_000610,15,11,0,1,0.0,211,personal_frequency
user_000000_000611,14,8,0,3,0.0,211,personal_frequency
user_000000_000612,13,8,0,4,0.0,211,personal_frequency
user_000000_000613,7,1,0,5,0.0,211,personal_frequency
user_000000_000614,13,7,0,4,0.0,211,personal_frequency
user_000000_000615,11,7,0,4,0.0,211,personal_frequency
user_000000_000616,8,3,0,5,0.0,211,personal_frequency
user_000000_000617,15,11,0,2,0.0,211,personal_frequency
user_000000_000618,13,4,0,4,0.0,211,personal_frequency
user_000000_000619,13,4,0,5,0.0,211,personal_frequency
user_000000_000620,15,10,0,3,0.0,211,personal_frequency
user_000000_000621,8,1,0,5,0.0,211,personal_frequency
user_000000_000622,12,5,0,3,0.0,211,personal_frequency
user_000000_000623,13,5,0,5,0.0,211,personal_frequency
user_000000_000624,14,7,0,3,0.0,211,personal_frequency
user_000000_000625,10,5,0,4,0.0,211,personal_frequency
user_000000_000626,12,9,0,3,0.0,211,personal_frequency
user_000000_000627,14,7,0,4,0.0,211,personal_frequency
user_000000_000628,15,10,0,4,0.0,211,personal_frequency
user_000000_000629,12,1,0,6,0.0,211,personal_frequency
user_000000_000630,13,7,0,5,0.0,211,personal_frequency
user_000000_000631,15,10,0,3,0.0,211,personal_frequency
user_000000_000632,12,5,0,4,0.0,211,personal_frequency
user_000000_000633,12,5,0,5,0.0,211,personal_frequency
user_000000_000634,14,9,0,1,0.0,211,personal_frequency
user_000000_000635,12,7,0,4,0.0,211,personal_frequency
user_000000_000636,14,5,0,4,0.0,211,personal_frequency
user_000000_000637,5,0,0,4,,211,personal_frequency
user_000000_000638,10,6,0,2,0.0,211,personal_frequency
user_000000_000639,13,5,0,6,0.0,211,personal_frequency
user_000000_000640,10,6,0,4,0.0,211,personal_frequency
user_000000_000641,15,8,0,4,0.0,211,personal_frequency
user_000000_000642,14,7,0,2,0.0,211,personal_frequency
user_000000_000643,9,3,0,6,0.0,211,personal_frequency
user_000000_000644,7,1,0,6,0.0,211,personal_frequency
user_000000_000645,9,7,0,2,0.0,211,personal_frequency
user_000000_000646,10,3,0,4,0.0,211,personal_frequency
user_000000_000647,8,2,0,6,0.0,211,personal_frequency
user_000000_000648,13,8,0,3,0.0,211,personal_frequency
user_000000_000649,13,3,0,7,0.0,211,personal_frequency
user_000000_000650,14,7,0,5,0.0,211,personal_frequency
user_000000_000651,13,4,0,4,0.0,211,personal_frequency
user_000000_000652,11,4,0,5,0.0,211,personal_frequency
user_000000_000653,9,3,0,3,0.0,211,personal_frequency
user_000000_000654,9,0,0,7,,211,personal_frequency
user_000000_000655,6,1,0,5,0.0,211,personal_frequency
user_000000_000656,13,5,0,5,0.0,211,personal_frequency
user_000000_000657,15,10,0,3,0.0,211,personal_frequency
user_000000_000658,13,8,0,3,0.0,211,personal_frequency
user_000000_000659,14,7,0,4,0.0,211,personal_frequency
user_000000_000660,13,7,0,2,0.0,211,personal_frequency
user_000000_000661,15,6,0,4,0.0,211,personal_frequency
user_000000_000662,14,8,0,5,0.0,211,personal_frequency
user_000000_000663,12,6,0,3,0.0,211,personal_frequency
user_000000_000664,8,4,0,4,0.0,211,personal_frequency
user_000000_000665,15,10,0,2,0.0,211,personal_frequency
user_000000_000666,9,3,0,3,0.0,211,personal_frequency
user_000000_000667,11,5,0,5,0.0,211,personal_frequency
user_000000_000668,12,5,0,4,0.0,211,personal_frequency
user_000000_000669,15,3,0,7,0.0,211,personal_frequency
user_000000_000670,14,10,0,1,0.0,211,personal_frequency
user_000000_000671,12,5,0,4,0.0,211,personal_frequency
user_000000_000672,8,4,0,3,0.0,211,personal_frequency
user_000000_000673,14,8,0,3,0.0,211,personal_frequency
user_000000_000674,11,3,0,2,0.0,211,personal_frequency
user_000000_000675,13,4,0,5,0.0,211,personal_frequency
user_000000_000676,12,6,0,5,0.0,211,personal_frequency
user_000000_000677,13,5,0,3,0.0,211,personal_frequency
user_000000_000678,8,2,0,5,0.0,211,personal_frequency
user_000000_000679,12,6,0,4,0.0,211,personal_frequency
user_000000_000680,15,6,0,4,0.0,211,personal_frequency
user_000000_000681,15,12,0,2,0.0,211,personal_frequency
user_000000_000682,13,5,0,3,0.0,211,personal_frequency
user_000000_000683,12,4,0,4,0.0,211,personal_frequency
user_000000_000684,13,5,0,5,0.0,211,personal_frequency
user_000000_000685,11,1,0,6,0.0,211,personal_frequency
user_000000_000686,12,9,0,3,0.0,211,personal_frequency
user_000000_000687,9,4,0,5,0.0,211,personal_frequency
user_000000_000688,6,0,0,6,,211,personal_frequency
user_000000_000689,13,7,0,3,0.0,211,personal_frequency
user_000000_000690,10,5,0,4,0.0,211,personal_frequency
user_000000_000691,11,6,0,4,0.0,211,personal_frequency
user_000000_000692,11,3,0,4,0.0,211,personal_frequency
user_000000_000693,13,7,0,4,0.0,211,personal_frequency
user_000000_000694,10,5,0,4,0.0,211,personal_frequency
user_000000_000695,13,7,0,4,0.0,211,personal_frequency
user_000000_000696,15,11,0,3,0.0,211,personal_frequency
user_000000_000697,11,5,0,5,0.0,211,personal_frequency
user_000000_000698,14,10,0,2,0.0,211,personal_frequency
user_000000_000699,12,6,0,3,0.0,211,personal_frequency
user_000000_000700,12,2,0,7,0.0,211,personal_frequency
user_000000_000701,9,0,0,6,,211,personal_frequency
user_000000_000702,6,0,0,6,,211,personal_frequency
user_000000_000703,14,5,0,4,0.0,211,personal_frequency
user_000000_000704,7,2,0,5,0.0,211,personal_frequency
user_000000_000705,11,5,0,4,0.0,211,personal_frequency
user_000000_000706,13,9,0,3,0.0,211,personal_frequency
user_000000_000707,11,2,0,4,0.0,211,personal_frequency
user_000000_000708,14,6,0,8,0.0,211,personal_frequency
user_000000_000709,9,4,0,5,0.0,211,personal_frequency
user_000000_000710,13,6,0,3,0.0,211,personal_frequency
user_000000_000711,12,6,0,4,0.0,211,personal_frequency
user_000000_000712,14,9,0,2,0.0,211,personal_frequency
user_000000_000713,11,8,0,2,0.0,211,personal_frequency
user_000000_000714,11,7,0,3,0.0,211,personal_frequency
user_000000_000715,13,4,0,5,0.0,211,personal_frequency
user_000000_000716,11,7,0,4,0.0,211,personal_frequency
user_000000_000717,14,9,0,1,0.0,211,personal_frequency
user_000000_000718,15,7,0,4,0.0,211,personal_frequency
user_000000_000719,12,5,0,3,0.0,211,personal_frequency
user_000000_000720,13,6,0,4,0.0,211,personal_frequency
user_000000_000721,14,11,0,3,0.0,211,personal_frequency
user_000000_000722,15,8,0,2,0.0,211,personal_frequency
user_000000_000723,11,6,0,3,0.0,211,personal_frequency
user_000000_000724,7,1,0,6,0.0,211,personal_frequency
user_000000_000725,6,1,0,5,0.0,211,personal_frequency
user_000000_000726,7,2,0,5,0.0,211,personal_frequency
user_000000_000727,12,3,0,7,0.0,211,personal_frequency
user_000000_000728,11,7,0,3,0.0,211,personal_frequency
user_000000_000729,13,9,0,3,0.0,211,personal_frequency
user_000000_000730,14,10,0,1,0.0,211,personal_frequency
user_000000_000731,13,7,0,3,0.0,211,personal_frequency
user_000000_000732,14,7,0,3,0.0,211,personal_frequency
user_000000_000733,14,7,0,3,0.0,211,personal_frequency
user_000000_000734,10,2,0,5,0.0,211,personal_frequency
user_000000_000735,12,8,0,2,0.0,211,personal_frequency
user_000000_000736,7,3,0,3,0.0,211,personal_frequency
user_000000_000737,11,3,0,6,0.0,211,personal_frequency
user_000000_000738,8,2,0,4,0.0,211,personal_frequency
user_000000_000739,13,7,0,5,0.0,211,personal_frequency
user_000000_000740,15,11,0,1,0.0,211,personal_frequency
user_000000_000741,11,3,0,4,0.0,211,personal_frequency
user_000000_000742,12,4,0,5,0.0,211,personal_frequency
user_000000_000743,9,3,0,6,0.0,211,personal_frequency
user_000000_000744,14,8,0,5,0.0,211,personal_frequency
user_000000_000745,10,4,0,3,0.0,211,personal_frequency
user_000000_000746,9,2,0,3,0.0,211,personal_frequency
user_000000_000747,10,5,0,5,0.0,211,personal_frequency
user_000000_000748,15,10,0,0,0.0,211,personal_frequency
user_000000_000749,11,1,0,7,0.0,211,personal_frequency
user_000000_000750,13,9,0,3,0.0,211,personal_frequency
user_000000_000751,4,0,0,4,,211,personal_frequency
user_000000_000752,13,10,0,2,0.0,211,personal_frequency
user_000000_000753,10,3,0,6,0.0,211,personal_frequency
user_000000_000754,11,10,0,1,0.0,211,personal_frequency
user_000000_000755,14,8,0,2,0.0,211,personal_frequency
user_000000_000756,9,4,0,2,0.0,211,personal_frequency
user_000000_000757,4,1,0,3,0.0,211,personal_frequency
user_000000_000758,11,4,0,5,0.0,211,personal_frequency
user_000000_000759,10,7,0,3,0.0,211,personal_frequency
user_000000_000760,10,7,0,3,0.0,211,personal_frequency
user_000000_000761,10,4,0,4,0.0,211,personal_frequency
user_000000_000762,12,7,0,3,0.0,211,personal_frequency
user_000000_000763,14,11,0,2,0.0,211,personal_frequency
user_000000_000764,14,9,0,2,0.0,211,personal_frequency
user_000000_000765,14,10,0,2,0.0,211,personal_frequency
user_000000_000766,8,1,0,3,0.0,211,personal_frequency
user_000000_000767,15,7,0,5,0.0,211,personal_frequency
user_000000_000768,11,1,0,7,0.0,211,personal_frequency
user_000000_000769,13,5,0,3,0.0,211,personal_frequency
user_000000_000770,9,5,0,2,0.0,211,personal_frequency
user_000000_000771,14,9,0,3,0.0,211,personal_frequency
user_000000_000772,9,2,0,4,0.0,211,personal_frequency
user_000000_000773,12,4,0,4,0.0,211,personal_frequency
user_000000_000774,15,9,0,2,0.0,211,personal_frequency
user_000000_000775,15,12,0,2,0.0,211,personal_frequency
user_000000_000776,9,1,0,3,0.0,211,personal_frequency
user_000000_000777,12,7,0,3,0.0,211,personal_frequency
user_000000_000778,11,1,0,6,0.0,211,personal_frequency
user_000000_000779,11,3,0,5,0.0,211,personal_frequency
user_000000_000780,10,4,0,3,0.0,211,personal_frequency
user_000000_000781,14,9,0,3,0.0,211,personal_frequency
user_000000_000782,13,6,0,6,0.0,211,personal_frequency
user_000000_000783,12,6,0,4,0.0,211,personal_frequency
user_000000_000784,15,9,0,0,0.0,211,personal_frequency
user_000000_000785,12,5,0,4,0.0,211,personal_frequency
user_000000_000786,14,7,0,4,0.0,211,personal_frequency
user_000000_000787,10,3,0,6,0.0,211,personal_frequency
user_000000_000788,15,11,0,3,0.0,211,personal_frequency
user_000000_000789,11,5,0,4,0.0,211,personal_frequency
user_000000_000790,13,7,0,4,0.0,211,personal_frequency
user_000000_000791,11,3,0,3,0.0,211,personal_frequency
user_000000_000792,14,7,0,4,0.0,211,personal_frequency
user_000000_000793,11,5,0,6,0.0,211,personal_frequency
user_000000_000794,14,4,0,3,0.0,211,personal_frequency
user_000000_000795,15,8,0,5,0.0,211,personal_frequency
user_000000_000796,10,3,0,4,0.0,211,personal_frequency
user_000000_000797,15,9,0,3,0.0,211,personal_frequency
user_000000_000798,15,9,0,5,0.0,211,personal_frequency
user_000000_000799,12,6,0,3,0.0,211,personal_frequency
user_000000_000800,6,3,0,3,0.0,211,personal_frequency
user_000000_000801,11,5,0,2,0.0,211,personal_frequency
user_000000_000802,10,2,0,4,0.0,211,personal_frequency
user_000000_000803,14,10,0,3,0.0,211,personal_frequency
user_000000_000804,14,7,0,1,0.0,211,personal_frequency
user_000000_000805,15,12,0,2,0.0,211,personal_frequency
user_000000_000806,13,5,0,3,0.0,211,personal_frequency
user_000000_000807,11,3,0,2,0.0,211,personal_frequency
user_000000_000808,15,9,0,4,0.0,211,personal_frequency
user_000000_000809,13,10,0,3,0.0,211,personal_frequency
user_000000_000810,14,8,0,2,0.0,211,personal_frequency
user_000000_000811,13,6,0,1,0.0,211,personal_frequency
user_000000_000812,13,5,0,5,0.0,211,personal_frequency
user_000000_000813,12,6,0,4,0.0,211,personal_frequency
user_000000_000814,13,9,0,3,0.0,211,personal_frequency
user_000000_000815,14,10,0,3,0.0,211,personal_frequency
user_000000_000816,15,13,0,1,0.0,211,personal_frequency
user_000000_000817,13,5,0,4,0.0,211,personal_frequency
user_000000_000818,11,8,0,1,0.0,211,personal_frequency
user_000000_000819,12,3,0,6,0.0,211,personal_frequency
user_000000_000820,11,5,0,2,0.0,211,personal_frequency
user_000000_000821,7,2,0,5,0.0,211,personal_frequency
user_000000_000822,11,6,0,4,0.0,211,personal_frequency
user_000000_000823,9,4,0,5,0.0,211,personal_frequency
user_000000_000824,13,7,0,4,0.0,211,personal_frequency
user_000000_000825,12,4,0,3,0.0,211,personal_frequency
user_000000_000826,6,1,0,5,0.0,211,personal_frequency
user_000000_000827,15,10,0,1,0.0,211,personal_frequency
user_000000_000828,10,4,0,3,0.0,211,personal_frequency
user_000000_000829,11,1,0,5,0.0,211,personal_frequency
user_000000_000830,11,6,0,4,0.0,211,personal_frequency
user_000000_000831,13,8,0,2,0.0,211,personal_frequency
user_000000_000832,13,8,0,2,0.0,211,personal_frequency
user_000000_000833,12,4,0,6,0.0,211,personal_frequency
user_000000_000834,13,9,0,1,0.0,211,personal_frequency
user_000000_000835,10,4,0,5,0.0,211,personal_frequency
user_000000_000836,12,6,0,2,0.0,211,personal_frequency
user_000000_000837,9,3,0,4,0.0,211,personal_frequency
user_000000_000838,12,3,0,5,0.0,211,personal_frequency
user_000000_000839,10,2,0,6,0.0,211,personal_frequency
user_000000_000840,9,8,0,1,0.0,211,personal_frequency
user_000000_000841,14,7,0,3,0.0,211,personal_frequency
user_000000_000842,14,7,0,4,0.0,211,personal_frequency
user_000000_000843,15,12,0,1,0.0,211,personal_frequency
user_000000_000844,7,2,0,5,0.0,211,personal_frequency
user_000000_000845,13,7,0,3,0.0,211,personal_frequency
user_000000_000846,14,9,0,0,0.0,211,personal_frequency
user_000000_000847,13,7,0,4,0.0,211,personal_frequency
user_000000_000848,9,2,0,5,0.0,211,personal_frequency
user_000000_000849,14,10,0,3,0.0,211,personal_frequency
user_000000_000850,6,4,0,1,0.0,211,personal_frequency
user_000000_000851,13,4,0,6,0.0,211,personal_frequency
user_000000_000852,14,12,0,2,0.0,211,personal_frequency
user_000000_000853,15,8,0,3,0.0,211,personal_frequency
user_000000_000854,6,1,0,5,0.0,211,personal_frequency
user_000000_000855,13,8,0,3,0.0,211,personal_frequency
user_000000_000856,12,7,0,5,0.0,211,personal_frequency
user_000000_000857,8,2,0,5,0.0,211,personal_frequency
user_000000_000858,13,10,0,3,0.0,211,personal_frequency
user_000000_000859,11,8,0,1,0.0,211,personal_frequency
user_000000_000860,7,0,0,5,,211,personal_frequency
user_000000_000861,10,4,0,4,0.0,211,personal_frequency
user_000000_000862,15,10,0,1,0.0,211,personal_frequency
user_000000_000863,13,6,0,4,0.0,211,personal_frequency
user_000000_000864,14,8,0,3,0.0,211,personal_frequency
user_000000_000865,11,6,0,3,0.0,211,personal_frequency
user_000000_000866,8,0,0,5,,211,personal_frequency
user_000000_000867,13,8,0,3,0.0,211,personal_frequency
user_000000_000868,13,7,0,5,0.0,211,personal_frequency
user_000000_000869,14,7,0,3,0.0,211,personal_frequency
user_000000_000870,9,3,0,5,0.0,211,personal_frequency
user_000000_000871,14,7,0,2,0.0,211,personal_frequency
user_000000_000872,11,5,0,5,0.0,211,personal_frequency
user_000000_000873,12,4,0,5,0.0,211,personal_frequency
user_000000_000874,14,6,0,5,0.0,211,personal_frequency
user_000000_000875,12,8,0,3,0.0,211,personal_frequency
user_000000_000876,15,12,0,1,0.0,211,personal_frequency
user_000000_000877,10,6,0,2,0.0,211,personal_frequency
user_000000_000878,9,1,0,7,0.0,211,personal_frequency
user_000000_000879,12,8,0,3,0.0,211,personal_frequency
user_000000_000880,9,4,0,2,0.0,211,personal_frequency
user_000000_000881,7,1,0,6,0.0,211,personal_frequency
user_000000_000882,14,8,0,5,0.0,211,personal_frequency
user_000000_000883,12,6,0,4,0.0,211,personal_frequency
user_000000_000884,12,6,0,5,0.0,211,personal_frequency
user_000000_000885,11,5,0,6,0.0,211,personal_frequency
user_000000_000886,7,1,0,5,0.0,211,personal_frequency
user_000000_000887,13,11,0,1,0.0,211,personal_frequency
user_000000_000888,12,3,0,5,0.0,211,personal_frequency
user_000000_000889,12,8,0,2,0.0,211,personal_frequency
user_000000_000890,13,11,0,1,0.0,211,personal_frequency
user_000000_000891,6,1,0,5,0.0,211,personal_frequency
user_000000_000892,10,3,0,5,0.0,211,personal_frequency
user_000000_000893,15,11,0,2,0.0,211,personal_frequency
user_000000_000894,7,0,0,5,,211,personal_frequency
user_000000_000895,14,8,0,4,0.0,211,personal_frequency
user_000000_000896,10,6,0,3,0.0,211,personal_frequency
user_000000_000897,11,0,0,6,,211,personal_frequency
user_000000_000898,12,6,0,3,0.0,211,personal_frequency
user_000000_000899,15,9,0,5,0.0,211,personal_frequency
user_000000_000900,14,8,0,4,0.0,211,personal_frequency
user_000000_000901,11,5,0,2,0.0,211,personal_frequency
user_000000_000902,14,5,0,6,0.0,211,personal_frequency
user_000000_000903,7,0,0,5,,211,personal_frequency
user_000000_000904,11,3,0,3,0.0,211,personal_frequency
user_000000_000905,11,4,0,4,0.0,211,personal_frequency
user_000000_000906,13,7,0,2,0.0,211,personal_frequency
user_000000_000907,10,5,0,3,0.0,211,personal_frequency
user_000000_000908,14,9,0,2,0.0,211,personal_frequency
user_000000_000909,13,7,0,4,0.0,211,personal_frequency
user_000000_000910,14,7,0,2,0.0,211,personal_frequency
user_000000_000911,14,6,0,3,0.0,211,personal_frequency
user_000000_000912,13,8,0,3,0.0,211,personal_frequency
user_000000_000913,10,4,0,4,0.0,211,personal_frequency
user_000000_000914,12,4,0,4,0.0,211,personal_frequency
user_000000_000915,12,5,0,4,0.0,211,personal_frequency
user_000000_000916,15,8,0,3,0.0,211,personal_frequency
user_000000_000917,14,10,0,1,0.0,211,personal_frequency
user_000000_000918,13,8,0,2,0.0,211,personal_frequency
user_000000_000919,7,2,0,5,0.0,211,personal_frequency
user_000000_000920,9,5,0,3,0.0,211,personal_frequency
user_000000_000921,13,7,0,3,0.0,211,personal_frequency
user_000000_000922,11,5,0,3,0.0,211,personal_frequency
user_000000_000923,15,12,0,3,0.0,211,personal_frequency
user_000000_000924,12,9,0,0,0.0,211,personal_frequency
user_000000_000925,11,6,0,4,0.0,211,personal_frequency
user_000000_000926,13,7,0,3,0.0,211,personal_frequency
user_000000_000927,15,9,0,4,0.0,211,personal_frequency
user_000000_000928,13,4,0,3,0.0,211,personal_frequency
user_000000_000929,12,8,0,3,0.0,211,personal_frequency
user_000000_000930,12,3,0,4,0.0,211,personal_frequency
user_000000_000931,6,0,0,4,,211,personal_frequency
user_000000_000932,13,5,0,7,0.0,211,personal_frequency
user_000000_000933,12,5,0,4,0.0,211,personal_frequency
user_000000_000934,8,1,0,5,0.0,211,personal_frequency
user_000000_000935,6,0,0,6,,211,personal_frequency
user_000000_000936,14,6,0,4,0.0,211,personal_frequency
user_000000_000937,11,7,0,3,0.0,211,personal_frequency
user_000000_000938,12,8,0,1,0.0,211,personal_frequency
user_000000_000939,9,2,0,6,0.0,211,personal_frequency
user_000000_000940,11,5,0,4,0.0,211,personal_frequency
user_000000_000941,13,5,0,2,0.0,211,personal_frequency
user_000000_000942,13,4,0,3,0.0,211,personal_frequency
user_000000_000943,9,3,0,4,0.0,211,personal_frequency
user_000000_000944,14,9,0,5,0.0,211,personal_frequency
user_000000_000945,8,4,0,3,0.0,211,personal_frequency
user_000000_000946,12,5,0,4,0.0,211,personal_frequency
user_000000_000947,14,8,0,4,0.0,211,personal_frequency
user_000000_000948,13,5,0,3,0.0,211,personal_frequency
user_000000_000949,8,1,0,7,0.0,211,personal_frequency
user_000000_000950,14,6,0,2,0.0,211,personal_frequency
user_000000_000951,14,11,0,1,0.0,211,personal_frequency
user_000000_000952,9,7,0,2,0.0,211,personal_frequency
user_000000_000953,14,6,0,5,0.0,211,personal_frequency
user_000000_000954,13,8,0,4,0.0,211,personal_frequency
user_000000_000955,11,5,0,5,0.0,211,personal_frequency
user_000000_000956,13,4,0,5,0.0,211,personal_frequency
user_000000_000957,14,5,0,5,0.0,211,personal_frequency
user_000000_000958,10,4,0,6,0.0,211,personal_frequency
user_000000_000959,10,3,0,5,0.0,211,personal_frequency
user_000000_000960,15,10,0,0,0.0,211,personal_frequency
user_000000_000961,12,2,0,6,0.0,211,personal_frequency
user_000000_000962,9,2,0,5,0.0,211,personal_frequency
user_000000_000963,11,5,0,5,0.0,211,personal_frequency
user_000000_000964,14,6,0,4,0.0,211,personal_frequency
user_000000_000965,6,1,0,4,0.0,211,personal_frequency
user_000000_000966,10,4,0,5,0.0,211,personal_frequency
user_000000_000967,11,4,0,4,0.0,211,personal_frequency
user_000000_000968,12,4,0,5,0.0,211,personal_frequency
user_000000_000969,11,7,0,3,0.0,211,personal_frequency
user_000000_000970,12,6,0,6,0.0,211,personal_frequency
user_000000_000971,7,3,0,4,0.0,211,personal_frequency
user_000000_000972,14,9,0,1,0.0,211,personal_frequency
user_000000_000973,12,7,0,3,0.0,211,personal_frequency
user_000000_000974,12,6,0,5,0.0,211,personal_frequency
user_000000_000975,14,11,0,1,0.0,211,personal_frequency
user_000000_000976,12,3,0,6,0.0,211,personal_frequency
user_000000_000977,13,5,0,4,0.0,211,personal_frequency
user_000000_000978,14,4,0,5,0.0,211,personal_frequency
user_000000_000979,6,0,0,5,,211,personal_frequency
user_000000_000980,12,3,0,5,0.0,211,personal_frequency
user_000000_000981,14,4,0,5,0.0,211,personal_frequency
user_000000_000982,9,4,0,3,0.0,211,personal_frequency
user_000000_000983,11,4,0,3,0.0,211,personal_frequency
user_000000_000984,15,8,0,3,0.0,211,personal_frequency
user_000000_000985,3,1,0,2,0.0,211,personal_frequency
user_000000_000986,2,0,0,2,,211,personal_frequency
user_000000_000987,14,7,0,4,0.0,211,personal_frequency
user_000000_000988,14,7,0,3,0.0,211,personal_frequency
user_000000_000989,12,4,0,7,0.0,211,personal_frequency
user_000000_000990,8,2,0,4,0.0,211,personal_frequency
user_000000_000991,10,3,0,3,0.0,211,personal_frequency
user_000000_000992,6,1,0,5,0.0,211,personal_frequency
user_000000_000993,15,9,0,1,0.0,211,personal_frequency
user_000000_000994,10,3,0,7,0.0,211,personal_frequency
user_000000_000995,3,0,0,3,,211,personal_frequency
user_000000_000996,9,2,0,4,0.0,211,personal_frequency
user_000000_000997,11,3,0,3,0.0,211,personal_frequency
user_000000_000998,7,1,0,5,0.0,211,personal_frequency
user_000000_000999,13,3,0,3,0.0,211,personal_frequency
user_000000_001000,7,0,0,4,,211,personal_frequency
user_000000_001001,9,4,0,2,0.0,211,personal_frequency
user_000000_001002,15,6,0,3,0.0,211,personal_frequency
user_000000_001003,10,6,0,1,0.0,211,personal_frequency
user_000000_001004,13,7,0,3,0.0,211,personal_frequency
user_000000_001005,14,6,0,4,0.0,211,personal_frequency
user_000000_001006,14,8,0,3,0.0,211,personal_frequency
user_000000_001007,15,7,0,2,0.0,211,personal_frequency
user_000000_001008,12,5,0,4,0.0,211,personal_frequency
user_000000_001009,11,6,0,4,0.0,211,personal_frequency
user_000000_001010,12,7,0,2,0.0,211,personal_frequency
user_000000_001011,15,12,0,3,0.0,211,personal_frequency
user_000000_001012,14,6,0,5,0.0,211,personal_frequency
user_000000_001013,9,4,0,2,0.0,211,personal_frequency
user_000000_001014,14,6,0,2,0.0,211,personal_frequency
user_000000_001015,13,5,0,3,0.0,211,personal_frequency
user_000000_001016,9,6,0,3,0.0,211,personal_frequency
user_000000_001017,11,5,0,4,0.0,211,personal_frequency
user_000000_001018,10,2,0,5,0.0,211,personal_frequency
user_000000_001019,10,3,0,3,0.0,211,personal_frequency
user_000000_001020,15,9,0,3,0.0,211,personal_frequency
user_000000_001021,13,7,0,4,0.0,211,personal_frequency
user_000000_001022,13,5,0,4,0.0,211,personal_frequency
user_000000_001023,15,9,0,0,0.0,211,personal_frequency
user_000000_001024,12,8,0,2,0.0,211,personal_frequency
user_000000_001025,14,6,0,3,0.0,211,personal_frequency
user_000000_001026,9,0,0,7,,211,personal_frequency
user_000000_001027,6,1,0,5,0.0,211,personal_frequency
user_000000_001028,13,8,0,3,0.0,211,personal_frequency
user_000000_001029,12,6,0,4,0.0,211,personal_frequency
user_000000_001030,9,2,0,3,0.0,211,personal_frequency
user_000000_001031,14,7,0,3,0.0,211,personal_frequency
user_000000_001032,11,7,0,3,0.0,211,personal_frequency
user_000000_001033,12,5,0,4,0.0,211,personal_frequency
user_000000_001034,8,3,0,5,0.0,211,personal_frequency
user_000000_001035,12,5,0,4,0.0,211,personal_frequency
user_000000_001036,15,13,0,2,0.0,211,personal_frequency
user_000000_001037,11,1,0,6,0.0,211,personal_frequency
user_000000_001038,11,3,0,5,0.0,211,personal_frequency
user_000000_001039,11,5,0,4,0.0,211,personal_frequency
user_000000_001040,13,11,0,2,0.0,211,personal_frequency
user_000000_001041,9,5,0,3,0.0,211,personal_frequency
user_000000_001042,13,6,0,2,0.0,211,personal_frequency
user_000000_001043,11,4,0,4,0.0,211,personal_frequency
user_000000_001044,15,9,0,1,0.0,211,personal_frequency
user_000000_001045,13,8,0,4,0.0,211,personal_frequency
user_000000_001046,14,7,0,4,0.0,211,personal_frequency
user_000000_001047,14,5,0,3,0.0,211,personal_frequency
user_000000_001048,13,5,0,5,0.0,211,personal_frequency
user_000000_001049,12,2,0,4,0.0,211,personal_frequency
user_000000_001050,9,4,0,3,0.0,211,personal_frequency
user_000000_001051,15,12,0,3,0.0,211,personal_frequency
user_000000_001052,14,10,0,1,0.0,211,personal_frequency
user_000000_001053,15,12,0,2,0.0,211,personal_frequency
user_000000_001054,6,1,0,5,0.0,211,personal_frequency
user_000000_001055,11,3,0,5,0.0,211,personal_frequency
user_000000_001056,13,8,0,3,0.0,211,personal_frequency
user_000000_001057,14,8,0,3,0.0,211,personal_frequency
user_000000_001058,13,6,0,5,0.0,211,personal_frequency
user_000000_001059,15,12,0,1,0.0,211,personal_frequency
user_000000_001060,9,3,0,5,0.0,211,personal_frequency
user_000000_001061,6,2,0,3,0.0,211,personal_frequency
user_000000_001062,10,3,0,4,0.0,211,personal_frequency
user_000000_001063,11,6,0,3,0.0,211,personal_frequency
user_000000_001064,11,4,0,4,0.0,211,personal_frequency
user_000000_001065,6,0,0,6,,211,personal_frequency
user_000000_001066,14,9,0,4,0.0,211,personal_frequency
user_000000_001067,14,9,0,2,0.0,211,personal_frequency
user_000000_001068,15,10,0,3,0.0,211,personal_frequency
user_000000_001069,9,6,0,3,0.0,211,personal_frequency
user_000000_001070,14,12,0,0,0.0,211,personal_frequency
user_000000_001071,13,7,0,4,0.0,211,personal_frequency
user_000000_001072,14,8,0,3,0.0,211,personal_frequency
user_000000_001073,15,6,0,5,0.0,211,personal_frequency
user_000000_001074,13,8,0,2,0.0,211,personal_frequency
user_000000_001075,8,1,0,6,0.0,211,personal_frequency
user_000000_001076,14,8,0,4,0.0,211,personal_frequency
user_000000_001077,11,3,0,2,0.0,211,personal_frequency
user_000000_001078,13,5,0,4,0.0,211,personal_frequency
user_000000_001079,14,9,0,1,0.0,211,personal_frequency
user_000000_001080,13,7,0,3,0.0,211,personal_frequency
user_000000_001081,13,8,0,3,0.0,211,personal_frequency
user_000000_001082,14,5,0,5,0.0,211,personal_frequency
user_000000_001083,10,2,0,6,0.0,211,personal_frequency
user_000000_001084,14,8,0,4,0.0,211,personal_frequency
user_000000_001085,14,4,0,5,0.0,211,personal_frequency
user_000000_001086,13,10,0,2,0.0,211,personal_frequency
user_000000_001087,9,2,0,5,0.0,211,personal_frequency
user_000000_001088,14,10,0,2,0.0,211,personal_frequency
user_000000_001089,11,5,0,3,0.0,211,personal_frequency
user_000000_001090,11,4,0,3,0.0,211,personal_frequency
user_000000_001091,10,3,0,4,0.0,211,personal_frequency
user_000000_001092,12,8,0,3,0.0,211,personal_frequency
user_000000_001093,14,10,0,4,0.0,211,personal_frequency
user_000000_001094,11,4,0,6,0.0,211,personal_frequency
user_000000_001095,13,4,0,7,0.0,211,personal_frequency
user_000000_001096,9,3,0,5,0.0,211,personal_frequency
user_000000_001097,5,0,0,5,,211,personal_frequency
user_000000_001098,8,3,0,4,0.0,211,personal_frequency
user_000000_001099,8,2,0,4,0.0,211,personal_frequency
user_000000_001100,14,9,0,1,0.0,211,personal_frequency
user_000000_001101,10,5,0,2,0.0,211,personal_frequency
user_000000_001102,8,1,0,6,0.0,211,personal_frequency
user_000000_001103,11,5,0,4,0.0,211,personal_frequency
user_000000_001104,9,1,0,7,0.0,211,personal_frequency
user_000000_001105,9,3,0,6,0.0,211,personal_frequency
user_000000_001106,6,1,0,5,0.0,211,personal_frequency
user_000000_001107,14,8,0,2,0.0,211,personal_frequency
user_000000_001108,14,7,0,7,0.0,211,personal_frequency
user_000000_001109,14,9,0,3,0.0,211,personal_frequency
user_000000_001110,14,9,0,5,0.0,211,personal_frequency
user_000000_001111,12,6,0,3,0.0,211,personal_frequency
user_000000_001112,15,8,0,3,0.0,211,personal_frequency
user_000000_001113,14,7,0,3,0.0,211,personal_frequency
user_000000_001114,15,8,0,3,0.0,211,personal_frequency
user_000000_001115,14,9,0,3,0.0,211,personal_frequency
user_000000_001116,12,8,0,2,0.0,211,personal_frequency
user_000000_001117,11,2,0,7,0.0,211,personal_frequency
user_000000_001118,11,4,0,6,0.0,211,personal_frequency
user_000000_001119,6,2,0,4,0.0,211,personal_frequency
user_000000_001120,11,4,0,5,0.0,211,personal_frequency
user_000000_001121,14,8,0,3,0.0,211,personal_frequency
user_000000_001122,10,2,0,4,0.0,211,personal_frequency
user_000000_001123,12,3,0,3,0.0,211,personal_frequency
user_000000_001124,8,3,0,4,0.0,211,personal_frequency
user_000000_001125,15,10,0,2,0.0,211,personal_frequency
user_000000_001126,13,8,0,1,0.0,211,personal_frequency
user_000000_001127,12,2,0,5,0.0,211,personal_frequency
user_000000_001128,13,7,0,3,0.0,211,personal_frequency
user_000000_001129,12,6,0,4,0.0,211,personal_frequency
user_000000_001130,13,8,0,4,0.0,211,personal_frequency
user_000000_001131,15,10,0,2,0.0,211,personal_frequency
user_000000_001132,9,2,0,7,0.0,211,personal_frequency
user_000000_001133,13,4,0,3,0.0,211,personal_frequency
user_000000_001134,15,7,0,1,0.0,211,personal_frequency
user_000000_001135,13,6,0,5,0.0,211,personal_frequency
user_000000_001136,14,8,0,1,0.0,211,personal_frequency
user_000000_001137,13,2,0,3,0.0,211,personal_frequency
user_000000_001138,13,4,0,3,0.0,211,personal_frequency
user_000000_001139,13,6,0,4,0.0,211,personal_frequency
user_000000_001140,10,0,0,5,,211,personal_frequency
user_000000_001141,10,4,0,2,0.0,211,personal_frequency
user_000000_001142,14,10,0,0,0.0,211,personal_frequency
user_000000_001143,11,4,0,5,0.0,211,personal_frequency
user_000000_001144,12,8,0,2,0.0,211,personal_frequency
user_000000_001145,15,10,0,1,0.0,211,personal_frequency
user_000000_001146,10,4,0,5,0.0,211,personal_frequency
user_000000_001147,9,3,0,4,0.0,211,personal_frequency
user_000000_001148,14,10,0,2,0.0,211,personal_frequency
user_000000_001149,15,12,0,1,0.0,211,personal_frequency
user_000000_001150,15,10,0,2,0.0,211,personal_frequency
user_000000_001151,14,6,0,4,0.0,211,personal_frequency
user_000000_001152,15,10,0,4,0.0,211,personal_frequency
user_000000_001153,13,9,0,3,0.0,211,personal_frequency
user_000000_001154,12,2,0,4,0.0,211,personal_frequency
user_000000_001155,14,11,0,3,0.0,211,personal_frequency
user_000000_001156,15,9,0,2,0.0,211,personal_frequency
user_000000_001157,13,6,0,2,0.0,211,personal_frequency
user_000000_001158,11,6,0,3,0.0,211,personal_frequency
user_000000_001159,6,0,0,6,,211,personal_frequency
user_000000_001160,9,0,0,5,,211,personal_frequency
user_000000_001161,10,0,0,6,,211,personal_frequency
user_000000_001162,11,2,0,6,0.0,211,personal_frequency
user_000000_001163,13,5,0,4,0.0,211,personal_frequency
user_000000_001164,12,4,0,4,0.0,211,personal_frequency
user_000000_001165,13,9,0,1,0.0,211,personal_frequency
user_000000_001166,10,4,0,4,0.0,211,personal_frequency
user_000000_001167,10,2,0,6,0.0,211,personal_frequency
user_000000_001168,14,10,0,2,0.0,211,personal_frequency
user_000000_001169,14,4,0,1,0.0,211,personal_frequency
user_000000_001170,8,2,0,2,0.0,211,personal_frequency
user_000000_001171,15,13,0,1,0.0,211,personal_frequency
user_000000_001172,11,8,0,3,0.0,211,personal_frequency
user_000000_001173,14,6,0,3,0.0,211,personal_frequency
user_000000_001174,13,4,0,4,0.0,211,personal_frequency
user_000000_001175,14,9,0,3,0.0,211,personal_frequency
user_000000_001176,10,3,0,6,0.0,211,personal_frequency
user_000000_001177,12,2,0,6,0.0,211,personal_frequency
user_000000_001178,9,2,0,3,0.0,211,personal_frequency
user_000000_001179,12,7,0,1,0.0,211,personal_frequency
user_000000_001180,10,3,0,4,0.0,211,personal_frequency
user_000000_001181,14,6,0,3,0.0,211,personal_frequency
user_000000_001182,13,6,0,2,0.0,211,personal_frequency
user_000000_001183,11,2,0,5,0.0,211,personal_frequency
user_000000_001184,10,2,0,5,0.0,211,personal_frequency
user_000000_001185,10,2,0,3,0.0,211,personal_frequency
user_000000_001186,14,7,0,2,0.0,211,personal_frequency
user_000000_001187,9,4,0,5,0.0,211,personal_frequency
user_000000_001188,14,10,0,2,0.0,211,personal_frequency
user_000000_001189,14,10,0,1,0.0,211,personal_frequency
user_000000_001190,15,10,0,1,0.0,211,personal_frequency
user_000000_001191,13,5,0,5,0.0,211,personal_frequency
user_000000_001192,14,9,0,3,0.0,211,personal_frequency
user_000000_001193,12,6,0,3,0.0,211,personal_frequency
user_000000_001194,14,6,0,4,0.0,211,personal_frequency
user_000000_001195,12,4,0,5,0.0,211,personal_frequency
user_000000_001196,12,8,0,1,0.0,211,personal_frequency
user_000000_001197,11,3,0,4,0.0,211,personal_frequency
user_000000_001198,12,8,0,3,0.0,211,personal_frequency
user_000000_001199,6,0,0,6,,211,personal_frequency
user_000000_001200,10,3,0,6,0.0,211,personal_frequency
user_000000_001201,15,14,0,0,0.0,211,personal_frequency
user_000000_001202,14,5,0,4,0.0,211,personal_frequency
user_000000_001203,14,4,0,5,0.0,211,personal_frequency
user_000000_001204,12,8,0,3,0.0,211,personal_frequency
user_000000_001205,15,9,0,2,0.0,211,personal_frequency
user_000000_001206,12,5,0,5,0.0,211,personal_frequency
user_000000_001207,14,7,0,4,0.0,211,personal_frequency
user_000000_001208,14,7,0,1,0.0,211,personal_frequency
user_000000_001209,14,6,0,5,0.0,211,personal_frequency
user_000000_001210,13,6,0,2,0.0,211,personal_frequency
user_000000_001211,14,7,0,5,0.0,211,personal_frequency
user_000000_001212,14,10,0,1,0.0,211,personal_frequency
user_000000_001213,15,13,0,0,0.0,211,personal_frequency
user_000000_001214,9,4,0,4,0.0,211,personal_frequency
user_000000_001215,12,4,0,6,0.0,211,personal_frequency
user_000000_001216,7,0,0,7,,211,personal_frequency
user_000000_001217,11,5,0,3,0.0,211,personal_frequency
user_000000_001218,8,1,0,4,0.0,211,personal_frequency
user_000000_001219,12,5,0,3,0.0,211,personal_frequency
user_000000_001220,13,8,0,2,0.0,211,personal_frequency
user_000000_001221,9,5,0,3,0.0,211,personal_frequency
user_000000_001222,10,6,0,4,0.0,211,personal_frequency
user_000000_001223,13,6,0,3,0.0,211,personal_frequency
user_000000_001224,14,8,0,4,0.0,211,personal_frequency
user_000000_001225,14,8,0,3,0.0,211,personal_frequency
user_000000_001226,12,6,0,2,0.0,211,personal_frequency
user_000000_001227,10,6,0,2,0.0,211,personal_frequency
user_000000_001228,15,10,0,2,0.0,211,personal_frequency
user_000000_001229,12,5,0,5,0.0,211,personal_frequency
user_000000_001230,12,5,0,2,0.0,211,personal_frequency
user_000000_001231,8,3,0,3,0.0,211,personal_frequency
user_000000_001232,14,9,0,5,0.0,211,personal_frequency
user_000000_001233,11,5,0,4,0.0,211,personal_frequency
user_000000_001234,15,10,0,2,0.0,211,personal_frequency
user_000000_001235,13,9,0,0,0.0,211,personal_frequency
user_000000_001236,15,9,0,3,0.0,211,personal_frequency
user_000000_001237,6,3,0,3,0.0,211,personal_frequency
user_000000_001238,13,4,0,3,0.0,211,personal_frequency
user_000000_001239,13,5,0,7,0.0,211,personal_frequency
user_000000_001240,12,6,0,5,0.0,211,personal_frequency
user_000000_001241,6,1,0,3,0.0,211,personal_frequency
user_000000_001242,10,5,0,3,0.0,211,personal_frequency
user_000000_001243,8,2,0,4,0.0,211,personal_frequency
user_000000_001244,14,5,0,4,0.0,211,personal_frequency
user_000000_001245,9,3,0,5,0.0,211,personal_frequency
user_000000_001246,12,2,0,6,0.0,211,personal_frequency
user_000000_001247,11,3,0,7,0.0,211,personal_frequency
user_000000_001248,12,6,0,3,0.0,211,personal_frequency
user_000000_001249,13,7,0,4,0.0,211,personal_frequency
user_000000_001250,13,4,0,4,0.0,211,personal_frequency
user_000000_001251,13,4,0,5,0.0,211,personal_frequency
user_000000_001252,12,3,0,5,0.0,211,personal_frequency
user_000000_001253,10,5,0,4,0.0,211,personal_frequency
user_000000_001254,12,9,0,3,0.0,211,personal_frequency
user_000000_001255,11,3,0,1,0.0,211,personal_frequency
user_000000_001256,13,6,0,3,0.0,211,personal_frequency
user_000000_001257,13,6,0,5,0.0,211,personal_frequency
user_000000_001258,7,2,0,4,0.0,211,personal_frequency
user_000000_001259,13,4,0,6,0.0,211,personal_frequency
user_000000_001260,14,10,0,1,0.0,211,personal_frequency
user_000000_001261,13,7,0,2,0.0,211,personal_frequency
user_000000_001262,13,9,0,2,0.0,211,personal_frequency
user_000000_001263,13,8,0,3,0.0,211,personal_frequency
user_000000_001264,11,4,0,4,0.0,211,personal_frequency
user_000000_001265,15,10,0,3,0.0,211,personal_frequency
user_000000_001266,10,3,0,6,0.0,211,personal_frequency
user_000000_001267,6,3,0,2,0.0,211,personal_frequency
user_000000_001268,13,7,0,3,0.0,211,personal_frequency
user_000000_001269,11,6,0,4,0.0,211,personal_frequency
user_000000_001270,9,0,0,6,,211,personal_frequency
user_000000_001271,12,4,0,2,0.0,211,personal_frequency
user_000000_001272,10,4,0,2,0.0,211,personal_frequency
user_000000_001273,14,7,0,2,0.0,211,personal_frequency
user_000000_001274,11,4,0,5,0.0,211,personal_frequency
user_000000_001275,12,5,0,4,0.0,211,personal_frequency
user_000000_001276,9,3,0,4,0.0,211,personal_frequency
user_000000_001277,8,3,0,3,0.0,211,personal_frequency
user_000000_001278,13,8,0,4,0.0,211,personal_frequency
user_000000_001279,12,6,0,6,0.0,211,personal_frequency
user_000000_001280,11,3,0,7,0.0,211,personal_frequency
user_000000_001281,13,6,0,4,0.0,211,personal_frequency
user_000000_001282,8,2,0,5,0.0,211,personal_frequency
user_000000_001283,15,10,0,4,0.0,211,personal_frequency
user_000000_001284,9,3,0,6,0.0,211,personal_frequency
user_000000_001285,6,2,0,3,0.0,211,personal_frequency
user_000000_001286,14,6,0,6,0.0,211,personal_frequency
user_000000_001287,11,1,0,5,0.0,211,personal_frequency
user_000000_001288,11,4,0,5,0.0,211,personal_frequency
user_000000_001289,13,1,0,4,0.0,211,personal_frequency
user_000000_001290,14,9,0,1,0.0,211,personal_frequency
user_000000_001291,11,9,0,2,0.0,211,personal_frequency
user_000000_001292,13,8,0,3,0.0,211,personal_frequency
user_000000_001293,14,4,0,3,0.0,211,personal_frequency
user_000000_001294,13,9,0,3,0.0,211,personal_frequency
user_000000_001295,6,3,0,3,0.0,211,personal_frequency
user_000000_001296,13,7,0,4,0.0,211,personal_frequency
user_000000_001297,5,0,0,5,,211,personal_frequency
user_000000_001298,13,8,0,3,0.0,211,personal_frequency
user_000000_001299,9,3,0,5,0.0,211,personal_frequency
user_000000_001300,14,6,0,4,0.0,211,personal_frequency
user_000000_001301,14,11,0,0,0.0,211,personal_frequency
user_000000_001302,12,6,0,4,0.0,211,personal_frequency
user_000000_001303,13,8,0,3,0.0,211,personal_frequency
user_000000_001304,9,3,0,3,0.0,211,personal_frequency
user_000000_001305,11,5,0,5,0.0,211,personal_frequency
user_000000_001306,10,1,0,8,0.0,211,personal_frequency
user_000000_001307,13,9,0,3,0.0,211,personal_frequency
user_000000_001308,13,5,0,3,0.0,211,personal_frequency
user_000000_001309,13,7,0,1,0.0,211,personal_frequency
user_000000_001310,13,9,0,3,0.0,211,personal_frequency
user_000000_001311,12,5,0,5,0.0,211,personal_frequency
user_000000_001312,8,2,0,5,0.0,211,personal_frequency
user_000000_001313,7,1,0,6,0.0,211,personal_frequency
user_000000_001314,10,2,0,7,0.0,211,personal_frequency
user_000000_001315,12,3,0,6,0.0,211,personal_frequency
user_000000_001316,8,1,0,4,0.0,211,personal_frequency
user_000000_001317,6,2,0,4,0.0,211,personal_frequency
user_000000_001318,13,9,0,1,0.0,211,personal_frequency
user_000000_001319,10,8,0,1,0.0,211,personal_frequency
user_000000_001320,8,3,0,3,0.0,211,personal_frequency
user_000000_001321,9,6,0,3,0.0,211,personal_frequency
user_000000_001322,15,11,0,4,0.0,211,personal_frequency
user_000000_001323,14,8,0,3,0.0,211,personal_frequency
user_000000_001324,10,8,0,2,0.0,211,personal_frequency
user_000000_001325,5,1,0,4,0.0,211,personal_frequency
user_000000_001326,12,5,0,3,0.0,211,personal_frequency
user_000000_001327,10,6,0,2,0.0,211,personal_frequency
user_000000_001328,15,7,0,3,0.0,211,personal_frequency
user_000000_001329,11,4,0,5,0.0,211,personal_frequency
user_000000_001330,8,2,0,5,0.0,211,personal_frequency
user_000000_001331,15,10,0,1,0.0,211,personal_frequency
user_000000_001332,14,10,0,1,0.0,211,personal_frequency
user_000000_001333,15,12,0,0,0.0,211,personal_frequency
user_000000_001334,10,3,0,5,0.0,211,personal_frequency
user_000000_001335,15,11,0,2,0.0,211,personal_frequency
user_000000_001336,11,6,0,3,0.0,211,personal_frequency
user_000000_001337,14,9,0,3,0.0,211,personal_frequency
user_000000_001338,7,0,0,7,,211,personal_frequency
user_000000_001339,12,6,0,3,0.0,211,personal_frequency
user_000000_001340,8,3,0,5,0.0,211,personal_frequency
user_000000_001341,7,1,0,2,0.0,211,personal_frequency
user_000000_001342,15,10,0,3,0.0,211,personal_frequency
user_000000_001343,6,1,0,5,0.0,211,personal_frequency
user_000000_001344,14,8,0,2,0.0,211,personal_frequency
user_000000_001345,5,0,0,5,,211,personal_frequency
user_000000_001346,15,10,0,3,0.0,211,personal_frequency
user_000000_001347,14,7,0,3,0.0,211,personal_frequency
user_000000_001348,11,3,0,7,0.0,211,personal_frequency
user_000000_001349,9,3,0,4,0.0,211,personal_frequency
user_000000_001350,9,4,0,2,0.0,211,personal_frequency
user_000000_001351,10,3,0,5,0.0,211,personal_frequency
user_000000_001352,14,3,0,5,0.0,211,personal_frequency
user_000000_001353,12,1,0,6,0.0,211,personal_frequency
user_000000_001354,14,8,0,2,0.0,211,personal_frequency
user_000000_001355,13,3,0,8,0.0,211,personal_frequency
user_000000_001356,13,8,0,3,0.0,211,personal_frequency
user_000000_001357,8,3,0,4,0.0,211,personal_frequency
user_000000_001358,11,7,0,2,0.0,211,personal_frequency
user_000000_001359,13,7,0,3,0.0,211,personal_frequency
user_000000_001360,11,4,0,5,0.0,211,personal_frequency
user_000000_001361,11,3,0,3,0.0,211,personal_frequency
user_000000_001362,12,6,0,3,0.0,211,personal_frequency
user_000000_001363,9,6,0,2,0.0,211,personal_frequency
user_000000_001364,12,4,0,6,0.0,211,personal_frequency
user_000000_001365,15,14,0,1,0.0,211,personal_frequency
user_000000_001366,15,4,0,3,0.0,211,personal_frequency
user_000000_001367,7,2,0,5,0.0,211,personal_frequency
user_000000_001368,7,3,0,4,0.0,211,personal_frequency
user_000000_001369,7,2,0,5,0.0,211,personal_frequency
user_000000_001370,15,13,0,2,0.0,211,personal_frequency
user_000000_001371,14,9,0,4,0.0,211,personal_frequency
user_000000_001372,14,11,0,2,0.0,211,personal_frequency
user_000000_001373,12,2,0,6,0.0,211,personal_frequency
user_000000_001374,12,7,0,4,0.0,211,personal_frequency
user_000000_001375,13,3,0,6,0.0,211,personal_frequency
user_000000_001376,5,1,0,4,0.0,211,personal_frequency
user_000000_001377,14,3,0,5,0.0,211,personal_frequency
user_000000_001378,13,5,0,5,0.0,211,personal_frequency
user_000000_001379,12,5,0,5,0.0,211,personal_frequency
user_000000_001380,12,10,0,1,0.0,211,personal_frequency
user_000000_001381,11,8,0,2,0.0,211,personal_frequency
user_000000_001382,7,3,0,4,0.0,211,personal_frequency
user_000000_001383,11,3,0,6,0.0,211,personal_frequency
user_000000_001384,13,5,0,3,0.0,211,personal_frequency
user_000000_001385,12,8,0,3,0.0,211,personal_frequency
user_000000_001386,14,7,0,2,0.0,211,personal_frequency
user_000000_001387,15,8,0,1,0.0,211,personal_frequency
user_000000_001388,7,0,0,6,,211,personal_frequency
user_000000_001389,14,7,0,6,0.0,211,personal_frequency
user_000000_001390,12,9,0,3,0.0,211,personal_frequency
user_000000_001391,11,3,0,6,0.0,211,personal_frequency
user_000000_001392,14,7,0,5,0.0,211,personal_frequency
user_000000_001393,15,11,0,1,0.0,211,personal_frequency
user_000000_001394,14,8,0,3,0.0,211,personal_frequency
user_000000_001395,9,2,0,5,0.0,211,personal_frequency
user_000000_001396,10,8,0,2,0.0,211,personal_frequency
user_000000_001397,13,5,0,3,0.0,211,personal_frequency
user_000000_001398,14,7,0,3,0.0,211,personal_frequency
user_000000_001399,11,7,0,3,0.0,211,personal_frequency
user_000000_001400,9,2,0,6,0.0,211,personal_frequency
user_000000_001401,10,3,0,5,0.0,211,personal_frequency
user_000000_001402,15,9,0,2,0.0,211,personal_frequency
user_000000_001403,12,4,0,4,0.0,211,personal_frequency
user_000000_001404,8,1,0,6,0.0,211,personal_frequency
user_000000_001405,13,7,0,4,0.0,211,personal_frequency
user_000000_001406,4,0,0,4,,211,personal_frequency
user_000000_001407,12,6,0,5,0.0,211,personal_frequency
user_000000_001408,12,9,0,2,0.0,211,personal_frequency
user_000000_001409,11,4,0,5,0.0,211,personal_frequency
user_000000_001410,6,1,0,5,0.0,211,personal_frequency
user_000000_001411,4,0,0,4,,211,personal_frequency
user_000000_001412,11,1,0,8,0.0,211,personal_frequency
user_000000_001413,9,3,0,6,0.0,211,personal_frequency
user_000000_001414,10,3,0,5,0.0,211,personal_frequency
user_000000_001415,9,6,0,2,0.0,211,personal_frequency
user_000000_001416,11,2,0,6,0.0,211,personal_frequency
user_000000_001417,15,5,0,6,0.0,211,personal_frequency
user_000000_001418,10,4,0,6,0.0,211,personal_frequency
user_000000_001419,13,7,0,4,0.0,211,personal_frequency
user_000000_001420,14,8,0,3,0.0,211,personal_frequency
user_000000_001421,10,3,0,5,0.0,211,personal_frequency
user_000000_001422,13,4,0,4,0.0,211,personal_frequency
user_000000_001423,9,3,0,5,0.0,211,personal_frequency
user_000000_001424,15,6,0,6,0.0,211,personal_frequency
user_000000_001425,12,3,0,5,0.0,211,personal_frequency
user_000000_001426,14,14,0,0,0.0,211,personal_frequency
user_000000_001427,11,6,0,3,0.0,211,personal_frequency
user_000000_001428,10,5,0,4,0.0,211,personal_frequency
user_000000_001429,14,7,0,4,0.0,211,personal_frequency
user_000000_001430,12,5,0,4,0.0,211,personal_frequency
user_000000_001431,5,0,0,5,,211,personal_frequency
user_000000_001432,9,1,0,5,0.0,211,personal_frequency
user_000000_001433,14,8,0,1,0.0,211,personal_frequency
user_000000_001434,4,0,0,4,,211,personal_frequency
user_000000_001435,6,2,0,4,0.0,211,personal_frequency
user_000000_001436,13,4,0,3,0.0,211,personal_frequency
user_000000_001437,8,0,0,6,,211,personal_frequency
user_000000_001438,10,6,0,4,0.0,211,personal_frequency
user_000000_001439,15,10,0,2,0.0,211,personal_frequency
user_000000_001440,10,4,0,5,0.0,211,personal_frequency
user_000000_001441,14,7,0,5,0.0,211,personal_frequency
user_000000_001442,12,5,0,5,0.0,211,personal_frequency
user_000000_001443,1,0,0,1,,211,personal_frequency
user_000000_001444,12,7,0,2,0.0,211,personal_frequency
user_000000_001445,11,1,0,7,0.0,211,personal_frequency
user_000000_001446,6,0,0,6,,211,personal_frequency
user_000000_001447,13,4,0,6,0.0,211,personal_frequency
user_000000_001448,9,3,0,5,0.0,211,personal_frequency
user_000000_001449,9,3,0,6,0.0,211,personal_frequency
user_000000_001450,11,5,0,3,0.0,211,personal_frequency
user_000000_001451,12,2,0,5,0.0,211,personal_frequency
user_000000_001452,15,9,0,3,0.0,211,personal_frequency
user_000000_001453,9,3,0,5,0.0,211,personal_frequency
user_000000_001454,9,1,0,5,0.0,211,personal_frequency
user_000000_001455,10,1,0,7,0.0,211,personal_frequency
user_000000_001456,13,6,0,5,0.0,211,personal_frequency
user_000000_001457,15,11,0,2,0.0,211,personal_frequency
user_000000_001458,15,11,0,2,0.0,211,personal_frequency
user_000000_001459,10,5,0,4,0.0,211,personal_frequency
user_000000_001460,13,8,0,4,0.0,211,personal_frequency
user_000000_001461,8,2,0,6,0.0,211,personal_frequency
user_000000_001462,9,1,0,7,0.0,211,personal_frequency
user_000000_001463,15,12,0,0,0.0,211,personal_frequency
user_000000_001464,13,7,0,4,0.0,211,personal_frequency
user_000000_001465,12,3,0,4,0.0,211,personal_frequency
user_000000_001466,4,2,0,2,0.0,211,personal_frequency
user_000000_001467,15,11,0,3,0.0,211,personal_frequency
user_000000_001468,14,8,0,4,0.0,211,personal_frequency
user_000000_001469,15,9,0,3,0.0,211,personal_frequency
user_000000_001470,14,8,0,4,0.0,211,personal_frequency
user_000000_001471,14,7,0,3,0.0,211,personal_frequency
user_000000_001472,15,10,0,2,0.0,211,personal_frequency
user_000000_001473,10,1,0,6,0.0,211,personal_frequency
user_000000_001474,13,5,0,4,0.0,211,personal_frequency
user_000000_001475,13,5,0,3,0.0,211,personal_frequency
user_000000_001476,12,5,0,5,0.0,211,personal_frequency
user_000000_001477,11,4,0,1,0.0,211,personal_frequency
user_000000_001478,11,5,0,3,0.0,211,personal_frequency
user_000000_001479,12,6,0,3,0.0,211,personal_frequency
user_000000_001480,9,3,0,4,0.0,211,personal_frequency
user_000000_001481,14,9,0,4,0.0,211,personal_frequency
user_000000_001482,9,2,0,3,0.0,211,personal_frequency
user_000000_001483,10,4,0,5,0.0,211,personal_frequency
user_000000_001484,11,4,0,6,0.0,211,personal_frequency
user_000000_001485,9,0,0,6,,211,personal_frequency
user_000000_001486,9,4,0,3,0.0,211,personal_frequency
user_000000_001487,13,7,0,3,0.0,211,personal_frequency
user_000000_001488,10,3,0,3,0.0,211,personal_frequency
user_000000_001489,11,4,0,5,0.0,211,personal_frequency
user_000000_001490,8,2,0,4,0.0,211,personal_frequency
user_000000_001491,13,6,0,4,0.0,211,personal_frequency
user_000000_001492,10,7,0,3,0.0,211,personal_frequency
user_000000_001493,5,2,0,2,0.0,211,personal_frequency
user_000000_001494,15,12,0,2,0.0,211,personal_frequency
user_000000_001495,12,5,0,3,0.0,211,personal_frequency
user_000000_001496,9,0,0,8,,211,personal_frequency
user_000000_001497,4,0,0,4,,211,personal_frequency
user_000000_001498,12,4,0,5,0.0,211,personal_frequency
user_000000_001499,13,10,0,2,0.0,211,personal_frequency
user_000000_001500,14,9,0,3,0.0,211,personal_frequency
user_000000_001501,15,8,0,6,0.0,211,personal_frequency
user_000000_001502,14,8,0,1,0.0,211,personal_frequency
user_000000_001503,9,7,0,2,0.0,211,personal_frequency
user_000000_001504,10,2,0,5,0.0,211,personal_frequency
user_000000_001505,12,7,0,3,0.0,211,personal_frequency
user_000000_001506,11,6,0,4,0.0,211,personal_frequency
user_000000_001507,15,7,0,5,0.0,211,personal_frequency
user_000000_001508,13,6,0,6,0.0,211,personal_frequency
user_000000_001509,14,10,0,3,0.0,211,personal_frequency
user_000000_001510,14,6,0,5,0.0,211,personal_frequency
user_000000_001511,15,12,0,1,0.0,211,personal_frequency
user_000000_001512,6,1,0,4,0.0,211,personal_frequency
user_000000_001513,12,7,0,4,0.0,211,personal_frequency
user_000000_001514,5,0,0,5,,211,personal_frequency
user_000000_001515,12,2,0,5,0.0,211,personal_frequency
user_000000_001516,13,5,0,5,0.0,211,personal_frequency
user_000000_001517,10,6,0,3,0.0,211,personal_frequency
user_000000_001518,14,9,0,2,0.0,211,personal_frequency
user_000000_001519,9,3,0,6,0.0,211,personal_frequency
user_000000_001520,5,0,0,5,,211,personal_frequency
user_000000_001521,7,1,0,6,0.0,211,personal_frequency
user_000000_001522,14,6,0,4,0.0,211,personal_frequency
user_000000_001523,13,3,0,5,0.0,211,personal_frequency
user_000000_001524,6,1,0,5,0.0,211,personal_frequency
user_000000_001525,11,2,0,6,0.0,211,personal_frequency
user_000000_001526,13,7,0,3,0.0,211,personal_frequency
user_000000_001527,13,7,0,2,0.0,211,personal_frequency
user_000000_001528,12,5,0,3,0.0,211,personal_frequency
user_000000_001529,14,10,0,2,0.0,211,personal_frequency
user_000000_001530,8,3,0,5,0.0,211,personal_frequency
user_000000_001531,11,2,0,6,0.0,211,personal_frequency
user_000000_001532,11,6,0,3,0.0,211,personal_frequency
user_000000_001533,10,6,0,3,0.0,211,personal_frequency
user_000000_001534,12,4,0,4,0.0,211,personal_frequency
user_000000_001535,14,11,0,3,0.0,211,personal_frequency
user_000000_001536,13,8,0,3,0.0,211,personal_frequency
user_000000_001537,13,5,0,2,0.0,211,personal_frequency
user_000000_001538,15,10,0,3,0.0,211,personal_frequency
user_000000_001539,10,3,0,5,0.0,211,personal_frequency
user_000000_001540,14,9,0,1,0.0,211,personal_frequency
user_000000_001541,15,11,0,2,0.0,211,personal_frequency
user_000000_001542,8,2,0,6,0.0,211,personal_frequency
user_000000_001543,7,0,0,7,,211,personal_frequency
user_000000_001544,9,2,0,7,0.0,211,personal_frequency
user_000000_001545,13,7,0,3,0.0,211,personal_frequency
user_000000_001546,11,4,0,5,0.0,211,personal_frequency
user_000000_001547,14,9,0,3,0.0,211,personal_frequency
user_000000_001548,4,0,0,4,,211,personal_frequency
user_000000_001549,15,10,0,2,0.0,211,personal_frequency
user_000000_001550,15,10,0,2,0.0,211,personal_frequency
user_000000_001551,12,5,0,6,0.0,211,personal_frequency
user_000000_001552,11,3,0,5,0.0,211,personal_frequency
user_000000_001553,13,6,0,3,0.0,211,personal_frequency
user_000000_001554,9,2,0,5,0.0,211,personal_frequency
user_000000_001555,13,7,0,4,0.0,211,personal_frequency
user_000000_001556,11,3,0,5,0.0,211,personal_frequency
user_000000_001557,5,0,0,5,,211,personal_frequency
user_000000_001558,11,4,0,4,0.0,211,personal_frequency
user_000000_001559,15,6,0,4,0.0,211,personal_frequency
user_000000_001560,15,6,0,4,0.0,211,personal_frequency
user_000000_001561,10,3,0,5,0.0,211,personal_frequency
user_000000_001562,7,2,0,3,0.0,211,personal_frequency
user_000000_001563,10,2,0,6,0.0,211,personal_frequency
user_000000_001564,11,5,0,3,0.0,211,personal_frequency
user_000000_001565,8,2,0,4,0.0,211,personal_frequency
user_000000_001566,11,2,0,4,0.0,211,personal_frequency
user_000000_001567,13,4,0,5,0.0,211,personal_frequency
user_000000_001568,8,7,0,1,0.0,211,personal_frequency
user_000000_001569,8,3,0,3,0.0,211,personal_frequency
user_000000_001570,14,6,0,5,0.0,211,personal_frequency
user_000000_001571,11,5,0,3,0.0,211,personal_frequency
user_000000_001572,14,13,0,0,0.0,211,personal_frequency
user_000000_001573,13,4,0,2,0.0,211,personal_frequency
user_000000_001574,14,7,0,4,0.0,211,personal_frequency
user_000000_001575,11,3,0,5,0.0,211,personal_frequency
user_000000_001576,10,4,0,5,0.0,211,personal_frequency
user_000000_001577,11,5,0,4,0.0,211,personal_frequency
user_000000_001578,10,3,0,5,0.0,211,personal_frequency
user_000000_001579,14,8,0,1,0.0,211,personal_frequency
user_000000_001580,13,5,0,5,0.0,211,personal_frequency
user_000000_001581,12,2,0,5,0.0,211,personal_frequency
user_000000_001582,11,9,0,1,0.0,211,personal_frequency
user_000000_001583,7,1,0,4,0.0,211,personal_frequency
user_000000_001584,13,5,0,5,0.0,211,personal_frequency
user_000000_001585,15,9,0,4,0.0,211,personal_frequency
user_000000_001586,9,1,0,5,0.0,211,personal_frequency
user_000000_001587,12,7,0,4,0.0,211,personal_frequency
user_000000_001588,12,5,0,3,0.0,211,personal_frequency
user_000000_001589,12,6,0,3,0.0,211,personal_frequency
user_000000_001590,6,2,0,4,0.0,211,personal_frequency
user_000000_001591,10,2,0,8,0.0,211,personal_frequency
user_000000_001592,11,1,0,5,0.0,211,personal_frequency
user_000000_001593,15,7,0,5,0.0,211,personal_frequency
user_000000_001594,15,8,0,3,0.0,211,personal_frequency
user_000000_001595,12,5,0,5,0.0,211,personal_frequency
user_000000_001596,12,5,0,6,0.0,211,personal_frequency
user_000000_001597,15,7,0,4,0.0,211,personal_frequency
user_000000_001598,11,3,0,5,0.0,211,personal_frequency
user_000000_001599,8,5,0,1,0.0,211,personal_frequency
user_000000_001600,11,6,0,1,0.0,211,personal_frequency
user_000000_001601,12,3,0,5,0.0,211,personal_frequency
user_000000_001602,15,12,0,2,0.0,211,personal_frequency
user_000000_001603,11,5,0,6,0.0,211,personal_frequency
user_000000_001604,14,8,0,1,0.0,211,personal_frequency
user_000000_001605,14,3,0,6,0.0,211,personal_frequency
user_000000_001606,15,5,0,4,0.0,211,personal_frequency
user_000000_001607,12,4,0,4,0.0,211,personal_frequency
user_000000_001608,7,2,0,4,0.0,211,personal_frequency
user_000000_001609,12,8,0,3,0.0,211,personal_frequency
user_000000_001610,11,4,0,1,0.0,211,personal_frequency
user_000000_001611,14,8,0,4,0.0,211,personal_frequency
user_000000_001612,13,7,0,4,0.0,211,personal_frequency
user_000000_001613,14,10,0,3,0.0,211,personal_frequency
user_000000_001614,12,3,0,3,0.0,211,personal_frequency
user_000000_001615,11,5,0,4,0.0,211,personal_frequency
user_000000_001616,15,7,0,5,0.0,211,personal_frequency
user_000000_001617,7,3,0,4,0.0,211,personal_frequency
user_000000_001618,9,3,0,3,0.0,211,personal_frequency
user_000000_001619,14,8,0,3,0.0,211,personal_frequency
user_000000_001620,12,5,0,5,0.0,211,personal_frequency
user_000000_001621,15,8,0,4,0.0,211,personal_frequency
user_000000_001622,14,11,0,3,0.0,211,personal_frequency
user_000000_001623,13,10,0,3,0.0,211,personal_frequency
user_000000_001624,11,5,0,4,0.0,211,personal_frequency
user_000000_001625,12,2,0,3,0.0,211,personal_frequency
user_000000_001626,14,10,0,2,0.0,211,personal_frequency
user_000000_001627,12,4,0,3,0.0,211,personal_frequency
user_000000_001628,13,11,0,2,0.0,211,personal_frequency
user_000000_001629,15,9,0,2,0.0,211,personal_frequency
user_000000_001630,12,2,0,5,0.0,211,personal_frequency
user_000000_001631,12,5,0,3,0.0,211,personal_frequency
user_000000_001632,12,4,0,6,0.0,211,personal_frequency
user_000000_001633,15,10,0,3,0.0,211,personal_frequency
user_000000_001634,13,5,0,6,0.0,211,personal_frequency
user_000000_001635,13,9,0,3,0.0,211,personal_frequency
user_000000_001636,11,5,0,3,0.0,211,personal_frequency
user_000000_001637,12,6,0,5,0.0,211,personal_frequency
user_000000_001638,13,10,0,1,0.0,211,personal_frequency
user_000000_001639,11,2,0,4,0.0,211,personal_frequency
user_000000_001640,12,6,0,4,0.0,211,personal_frequency
user_000000_001641,9,1,0,5,0.0,211,personal_frequency
user_000000_001642,10,1,0,5,0.0,211,personal_frequency
user_000000_001643,11,2,0,7,0.0,211,personal_frequency
user_000000_001644,9,3,0,4,0.0,211,personal_frequency
user_000000_001645,14,10,0,3,0.0,211,personal_frequency
user_000000_001646,8,4,0,4,0.0,211,personal_frequency
user_000000_001647,11,4,0,5,0.0,211,personal_frequency
user_000000_001648,14,9,0,3,0.0,211,personal_frequency
user_000000_001649,10,4,0,3,0.0,211,personal_frequency
user_000000_001650,10,4,0,4,0.0,211,personal_frequency
user_000000_001651,13,11,0,2,0.0,211,personal_frequency
user_000000_001652,14,6,0,4,0.0,211,personal_frequency
user_000000_001653,6,2,0,3,0.0,211,personal_frequency
user_000000_001654,15,8,0,2,0.0,211,personal_frequency
user_000000_001655,10,4,0,4,0.0,211,personal_frequency
user_000000_001656,12,5,0,5,0.0,211,personal_frequency
user_000000_001657,12,6,0,4,0.0,211,personal_frequency
user_000000_001658,2,1,0,1,0.0,211,personal_frequency
user_000000_001659,14,8,0,4,0.0,211,personal_frequency
user_000000_001660,9,3,0,6,0.0,211,personal_frequency
user_000000_001661,14,5,0,2,0.0,211,personal_frequency
user_000000_001662,13,8,0,2,0.0,211,personal_frequency
user_000000_001663,12,4,0,5,0.0,211,personal_frequency
user_000000_001664,14,5,0,3,0.0,211,personal_frequency
user_000000_001665,6,0,0,4,,211,personal_frequency
user_000000_001666,9,4,0,2,0.0,211,personal_frequency
user_000000_001667,13,6,0,4,0.0,211,personal_frequency
user_000000_001668,13,7,0,4,0.0,211,personal_frequency
user_000000_001669,14,11,0,3,0.0,211,personal_frequency
user_000000_001670,6,2,0,3,0.0,211,personal_frequency
user_000000_001671,10,3,0,5,0.0,211,personal_frequency
user_000000_001672,14,10,0,1,0.0,211,personal_frequency
user_000000_001673,9,3,0,3,0.0,211,personal_frequency
user_000000_001674,13,4,0,5,0.0,211,personal_frequency
user_000000_001675,11,3,0,4,0.0,211,personal_frequency
user_000000_001676,12,8,0,0,0.0,211,personal_frequency
user_000000_001677,10,0,0,6,,211,personal_frequency
user_000000_001678,13,8,0,2,0.0,211,personal_frequency
user_000000_001679,5,2,0,3,0.0,211,personal_frequency
user_000000_001680,13,5,0,1,0.0,211,personal_frequency
user_000000_001681,10,4,0,6,0.0,211,personal_frequency
user_000000_001682,11,5,0,4,0.0,211,personal_frequency
user_000000_001683,9,2,0,6,0.0,211,personal_frequency
user_000000_001684,8,2,0,3,0.0,211,personal_frequency
user_000000_001685,5,0,0,5,,211,personal_frequency
user_000000_001686,11,5,0,3,0.0,211,personal_frequency
user_000000_001687,12,4,0,3,0.0,211,personal_frequency
user_000000_001688,12,4,0,5,0.0,211,personal_frequency
user_000000_001689,15,13,0,2,0.0,211,personal_frequency
user_000000_001690,10,4,0,3,0.0,211,personal_frequency
user_000000_001691,10,4,0,5,0.0,211,personal_frequency
user_000000_001692,14,9,0,2,0.0,211,personal_frequency
user_000000_001693,15,10,0,2,0.0,211,personal_frequency
user_000000_001694,8,3,0,3,0.0,211,personal_frequency
user_000000_001695,14,10,0,3,0.0,211,personal_frequency
user_000000_001696,13,3,0,5,0.0,211,personal_frequency
user_000000_001697,14,9,0,3,0.0,211,personal_frequency
user_000000_001698,12,4,0,5,0.0,211,personal_frequency
user_000000_001699,14,6,0,5,0.0,211,personal_frequency
user_000000_001700,9,3,0,3,0.0,211,personal_frequency
user_000000_001701,10,3,0,2,0.0,211,personal_frequency
user_000000_001702,12,3,0,6,0.0,211,personal_frequency
user_000000_001703,15,12,0,2,0.0,211,personal_frequency
user_000000_001704,10,6,0,2,0.0,211,personal_frequency
user_000000_001705,9,2,0,5,0.0,211,personal_frequency
user_000000_001706,15,12,0,2,0.0,211,personal_frequency
user_000000_001707,12,3,0,7,0.0,211,personal_frequency
user_000000_001708,14,9,0,3,0.0,211,personal_frequency
user_000000_001709,12,3,0,6,0.0,211,personal_frequency
user_000000_001710,13,10,0,1,0.0,211,personal_frequency
user_000000_001711,8,2,0,6,0.0,211,personal_frequency
user_000000_001712,14,5,0,6,0.0,211,personal_frequency
user_000000_001713,15,9,0,2,0.0,211,personal_frequency
user_000000_001714,15,4,0,7,0.0,211,personal_frequency
user_000000_001715,15,9,0,2,0.0,211,personal_frequency
user_000000_001716,13,1,0,7,0.0,211,personal_frequency
user_000000_001717,15,12,0,3,0.0,211,personal_frequency
user_000000_001718,4,0,0,4,,211,personal_frequency
user_000000_001719,7,3,0,3,0.0,211,personal_frequency
user_000000_001720,15,7,0,3,0.0,211,personal_frequency
user_000000_001721,9,1,0,5,0.0,211,personal_frequency
user_000000_001722,12,6,0,4,0.0,211,personal_frequency
user_000000_001723,15,12,0,1,0.0,211,personal_frequency
user_000000_001724,11,6,0,2,0.0,211,personal_frequency
user_000000_001725,15,6,0,3,0.0,211,personal_frequency
user_000000_001726,12,5,0,5,0.0,211,personal_frequency
user_000000_001727,8,2,0,5,0.0,211,personal_frequency
user_000000_001728,13,5,0,4,0.0,211,personal_frequency
user_000000_001729,13,8,0,2,0.0,211,personal_frequency
user_000000_001730,15,9,0,2,0.0,211,personal_frequency
user_000000_001731,9,6,0,3,0.0,211,personal_frequency
user_000000_001732,11,4,0,3,0.0,211,personal_frequency
user_000000_001733,14,11,0,1,0.0,211,personal_frequency
user_000000_001734,10,4,0,2,0.0,211,personal_frequency
user_000000_001735,10,3,0,3,0.0,211,personal_frequency
user_000000_001736,14,8,0,4,0.0,211,personal_frequency
user_000000_001737,14,11,0,2,0.0,211,personal_frequency
user_000000_001738,13,9,0,2,0.0,211,personal_frequency
user_000000_001739,7,2,0,4,0.0,211,personal_frequency
user_000000_001740,14,9,0,3,0.0,211,personal_frequency
user_000000_001741,13,6,0,3,0.0,211,personal_frequency
user_000000_001742,14,5,0,3,0.0,211,personal_frequency
user_000000_001743,15,13,0,0,0.0,211,personal_frequency
user_000000_001744,8,4,0,2,0.0,211,personal_frequency
user_000000_001745,15,5,0,6,0.0,211,personal_frequency
user_000000_001746,7,0,0,6,,211,personal_frequency
user_000000_001747,14,7,0,3,0.0,211,personal_frequency
user_000000_001748,8,1,0,7,0.0,211,personal_frequency
user_000000_001749,13,3,0,4,0.0,211,personal_frequency
user_000000_001750,7,2,0,4,0.0,211,personal_frequency
user_000000_001751,13,3,0,5,0.0,211,personal_frequency
user_000000_001752,12,4,0,5,0.0,211,personal_frequency
user_000000_001753,10,4,0,4,0.0,211,personal_frequency
user_000000_001754,13,3,0,4,0.0,211,personal_frequency
user_000000_001755,11,4,0,4,0.0,211,personal_frequency
user_000000_001756,9,4,0,3,0.0,211,personal_frequency
user_000000_001757,1,0,0,1,,211,personal_frequency
user_000000_001758,15,9,0,2,0.0,211,personal_frequency
user_000000_001759,13,6,0,3,0.0,211,personal_frequency
user_000000_001760,9,3,0,5,0.0,211,personal_frequency
user_000000_001761,14,9,0,2,0.0,211,personal_frequency
user_000000_001762,5,1,0,2,0.0,211,personal_frequency
user_000000_001763,11,4,0,6,0.0,211,personal_frequency
user_000000_001764,14,3,0,4,0.0,211,personal_frequency
user_000000_001765,8,2,0,6,0.0,211,personal_frequency
user_000000_001766,11,4,0,5,0.0,211,personal_frequency
user_000000_001767,14,5,0,4,0.0,211,personal_frequency
user_000000_001768,10,4,0,3,0.0,211,personal_frequency
user_000000_001769,15,6,0,3,0.0,211,personal_frequency
user_000000_001770,10,1,0,7,0.0,211,personal_frequency
user_000000_001771,9,2,0,3,0.0,211,personal_frequency
user_000000_001772,11,7,0,2,0.0,211,personal_frequency
user_000000_001773,6,2,0,3,0.0,211,personal_frequency
user_000000_001774,14,12,0,1,0.0,211,personal_frequency
user_000000_001775,11,4,0,3,0.0,211,personal_frequency
user_000000_001776,14,10,0,2,0.0,211,personal_frequency
user_000000_001777,15,9,0,2,0.0,211,personal_frequency
user_000000_001778,12,8,0,3,0.0,211,personal_frequency
user_000000_001779,12,5,0,5,0.0,211,personal_frequency
user_000000_001780,9,3,0,5,0.0,211,personal_frequency
user_000000_001781,15,9,0,2,0.0,211,personal_frequency
user_000000_001782,14,12,0,1,0.0,211,personal_frequency
user_000000_001783,14,8,0,2,0.0,211,personal_frequency
user_000000_001784,8,2,0,5,0.0,211,personal_frequency
user_000000_001785,15,10,0,4,0.0,211,personal_frequency
user_000000_001786,15,6,0,3,0.0,211,personal_frequency
user_000000_001787,12,4,0,3,0.0,211,personal_frequency
user_000000_001788,15,5,0,2,0.0,211,personal_frequency
user_000000_001789,14,8,0,3,0.0,211,personal_frequency
user_000000_001790,8,4,0,4,0.0,211,personal_frequency
user_000000_001791,12,5,0,4,0.0,211,personal_frequency
user_000000_001792,13,6,0,4,0.0,211,personal_frequency
user_000000_001793,14,8,0,4,0.0,211,personal_frequency
user_000000_001794,10,3,0,5,0.0,211,personal_frequency
user_000000_001795,8,2,0,4,0.0,211,personal_frequency
user_000000_001796,14,5,0,3,0.0,211,personal_frequency
user_000000_001797,6,3,0,3,0.0,211,personal_frequency
user_000000_001798,6,3,0,3,0.0,211,personal_frequency
user_000000_001799,14,6,0,7,0.0,211,personal_frequency
user_000000_001800,15,9,0,4,0.0,211,personal_frequency
user_000000_001801,14,7,0,4,0.0,211,personal_frequency
user_000000_001802,14,6,0,1,0.0,211,personal_frequency
user_000000_001803,13,9,0,3,0.0,211,personal_frequency
user_000000_001804,14,8,0,3,0.0,211,personal_frequency
user_000000_001805,9,1,0,6,0.0,211,personal_frequency
user_000000_001806,14,10,0,4,0.0,211,personal_frequency
user_000000_001807,14,4,0,6,0.0,211,personal_frequency
user_000000_001808,10,6,0,3,0.0,211,personal_frequency
user_000000_001809,15,5,0,4,0.0,211,personal_frequency
user_000000_001810,10,0,0,7,,211,personal_frequency
user_000000_001811,11,4,0,5,0.0,211,personal_frequency
user_000000_001812,11,0,0,8,,211,personal_frequency
user_000000_001813,13,4,0,5,0.0,211,personal_frequency
user_000000_001814,10,3,0,6,0.0,211,personal_frequency
user_000000_001815,8,3,0,5,0.0,211,personal_frequency
user_000000_001816,13,5,0,4,0.0,211,personal_frequency
user_000000_001817,12,7,0,2,0.0,211,personal_frequency
user_000000_001818,9,2,0,5,0.0,211,personal_frequency
user_000000_001819,13,8,0,5,0.0,211,personal_frequency
user_000000_001820,14,7,0,1,0.0,211,personal_frequency
user_000000_001821,9,4,0,3,0.0,211,personal_frequency
user_000000_001822,11,3,0,5,0.0,211,personal_frequency
user_000000_001823,12,6,0,4,0.0,211,personal_frequency
user_000000_001824,7,1,0,6,0.0,211,personal_frequency
user_000000_001825,13,3,0,6,0.0,211,personal_frequency
user_000000_001826,9,2,0,5,0.0,211,personal_frequency
user_000000_001827,12,5,0,4,0.0,211,personal_frequency
user_000000_001828,13,3,0,8,0.0,211,personal_frequency
user_000000_001829,13,5,0,4,0.0,211,personal_frequency
user_000000_001830,14,10,0,2,0.0,211,personal_frequency
user_000000_001831,10,5,0,3,0.0,211,personal_frequency
user_000000_001832,14,8,0,2,0.0,211,personal_frequency
user_000000_001833,10,3,0,5,0.0,211,personal_frequency
user_000000_001834,15,10,0,2,0.0,211,personal_frequency
user_000000_001835,15,10,0,2,0.0,211,personal_frequency
user_000000_001836,8,4,0,4,0.0,211,personal_frequency
user_000000_001837,15,7,0,5,0.0,211,personal_frequency
user_000000_001838,15,7,0,2,0.0,211,personal_frequency
user_000000_001839,12,8,0,3,0.0,211,personal_frequency
user_000000_001840,14,8,0,4,0.0,211,personal_frequency
user_000000_001841,11,1,0,6,0.0,211,personal_frequency
user_000000_001842,10,5,0,4,0.0,211,personal_frequency
user_000000_001843,11,3,0,5,0.0,211,personal_frequency
user_000000_001844,11,7,0,3,0.0,211,personal_frequency
user_000000_001845,12,4,0,3,0.0,211,personal_frequency
user_000000_001846,10,2,0,4,0.0,211,personal_frequency
user_000000_001847,13,7,0,3,0.0,211,personal_frequency
user_000000_001848,14,9,0,3,0.0,211,personal_frequency
user_000000_001849,12,9,0,1,0.0,211,personal_frequency
user_000000_001850,14,3,0,7,0.0,211,personal_frequency
user_000000_001851,12,6,0,3,0.0,211,personal_frequency
user_000000_001852,12,7,0,3,0.0,211,personal_frequency
user_000000_001853,13,1,0,4,0.0,211,personal_frequency
user_000000_001854,12,4,0,6,0.0,211,personal_frequency
user_000000_001855,8,2,0,3,0.0,211,personal_frequency
user_000000_001856,15,9,0,2,0.0,211,personal_frequency
user_000000_001857,13,10,0,3,0.0,211,personal_frequency
user_000000_001858,9,1,0,4,0.0,211,personal_frequency
user_000000_001859,5,1,0,4,0.0,211,personal_frequency
user_000000_001860,10,5,0,4,0.0,211,personal_frequency
user_000000_001861,7,3,0,4,0.0,211,personal_frequency
user_000000_001862,10,3,0,6,0.0,211,personal_frequency
user_000000_001863,14,4,0,4,0.0,211,personal_frequency
user_000000_001864,13,6,0,2,0.0,211,personal_frequency
user_000000_001865,13,8,0,2,0.0,211,personal_frequency
user_000000_001866,9,2,0,6,0.0,211,personal_frequency
user_000000_001867,13,6,0,5,0.0,211,personal_frequency
user_000000_001868,8,4,0,4,0.0,211,personal_frequency
user_000000_001869,10,2,0,4,0.0,211,personal_frequency
user_000000_001870,15,12,0,2,0.0,211,personal_frequency
user_000000_001871,15,7,0,2,0.0,211,personal_frequency
user_000000_001872,12,7,0,3,0.0,211,personal_frequency
user_000000_001873,12,2,0,5,0.0,211,personal_frequency
user_000000_001874,11,3,0,5,0.0,211,personal_frequency
user_000000_001875,13,4,0,4,0.0,211,personal_frequency
user_000000_001876,14,11,0,2,0.0,211,personal_frequency
user_000000_001877,12,8,0,1,0.0,211,personal_frequency
user_000000_001878,11,2,0,5,0.0,211,personal_frequency
user_000000_001879,14,7,0,4,0.0,211,personal_frequency
user_000000_001880,14,7,0,3,0.0,211,personal_frequency
user_000000_001881,10,4,0,4,0.0,211,personal_frequency
user_000000_001882,13,6,0,6,0.0,211,personal_frequency
user_000000_001883,6,3,0,3,0.0,211,personal_frequency
user_000000_001884,6,1,0,4,0.0,211,personal_frequency
user_000000_001885,11,3,0,7,0.0,211,personal_frequency
user_000000_001886,6,1,0,5,0.0,211,personal_frequency
user_000000_001887,12,3,0,6,0.0,211,personal_frequency
user_000000_001888,6,2,0,4,0.0,211,personal_frequency
user_000000_001889,10,3,0,6,0.0,211,personal_frequency
user_000000_001890,13,4,0,1,0.0,211,personal_frequency
user_000000_001891,8,4,0,3,0.0,211,personal_frequency
user_000000_001892,13,6,0,3,0.0,211,personal_frequency
user_000000_001893,15,9,0,5,0.0,211,personal_frequency
user_000000_001894,12,4,0,6,0.0,211,personal_frequency
user_000000_001895,14,10,0,3,0.0,211,personal_frequency
user_000000_001896,12,6,0,3,0.0,211,personal_frequency
user_000000_001897,12,2,0,6,0.0,211,personal_frequency
user_000000_001898,14,8,0,4,0.0,211,personal_frequency
user_000000_001899,8,2,0,6,0.0,211,personal_frequency
user_000000_001900,14,10,0,2,0.0,211,personal_frequency
user_000000_001901,12,8,0,3,0.0,211,personal_frequency
user_000000_001902,8,3,0,4,0.0,211,personal_frequency
user_000000_001903,10,6,0,3,0.0,211,personal_frequency
user_000000_001904,7,1,0,6,0.0,211,personal_frequency
user_000000_001905,10,5,0,3,0.0,211,personal_frequency
user_000000_001906,14,8,0,2,0.0,211,personal_frequency
user_000000_001907,8,1,0,5,0.0,211,personal_frequency
user_000000_001908,13,3,0,4,0.0,211,personal_frequency
user_000000_001909,11,8,0,3,0.0,211,personal_frequency
user_000000_001910,8,4,0,3,0.0,211,personal_frequency
user_000000_001911,14,8,0,3,0.0,211,personal_frequency
user_000000_001912,14,5,0,5,0.0,211,personal_frequency
user_000000_001913,13,7,0,2,0.0,211,personal_frequency
user_000000_001914,12,6,0,4,0.0,211,personal_frequency
user_000000_001915,14,4,0,3,0.0,211,personal_frequency
user_000000_001916,12,5,0,6,0.0,211,personal_frequency
user_000000_001917,8,2,0,4,0.0,211,personal_frequency
user_000000_001918,13,8,0,1,0.0,211,personal_frequency
user_000000_001919,14,8,0,5,0.0,211,personal_frequency
user_000000_001920,11,5,0,4,0.0,211,personal_frequency
user_000000_001921,8,2,0,6,0.0,211,personal_frequency
user_000000_001922,14,8,0,4,0.0,211,personal_frequency
user_000000_001923,7,1,0,6,0.0,211,personal_frequency
user_000000_001924,12,7,0,2,0.0,211,personal_frequency
user_000000_001925,15,9,0,3,0.0,211,personal_frequency
user_000000_001926,5,0,0,5,,211,personal_frequency
user_000000_001927,12,6,0,1,0.0,211,personal_frequency
user_000000_001928,5,0,0,5,,211,personal_frequency
user_000000_001929,13,5,0,4,0.0,211,personal_frequency
user_000000_001930,13,7,0,1,0.0,211,personal_frequency
user_000000_001931,15,11,0,2,0.0,211,personal_frequency
user_000000_001932,14,7,0,4,0.0,211,personal_frequency
user_000000_001933,13,9,0,3,0.0,211,personal_frequency
user_000000_001934,10,3,0,3,0.0,211,personal_frequency
user_000000_001935,15,9,0,3,0.0,211,personal_frequency
user_000000_001936,15,10,0,2,0.0,211,personal_frequency
user_000000_001937,7,2,0,4,0.0,211,personal_frequency
user_000000_001938,12,8,0,4,0.0,211,personal_frequency
user_000000_001939,12,5,0,5,0.0,211,personal_frequency
user_000000_001940,12,2,0,4,0.0,211,personal_frequency
user_000000_001941,14,6,0,7,0.0,211,personal_frequency
user_000000_001942,15,12,0,1,0.0,211,personal_frequency
user_000000_001943,5,3,0,2,0.0,211,personal_frequency
user_000000_001944,10,4,0,3,0.0,211,personal_frequency
user_000000_001945,8,2,0,6,0.0,211,personal_frequency
user_000000_001946,13,5,0,3,0.0,211,personal_frequency
user_000000_001947,15,8,0,2,0.0,211,personal_frequency
user_000000_001948,15,10,0,2,0.0,211,personal_frequency
user_000000_001949,8,1,0,7,0.0,211,personal_frequency
user_000000_001950,12,5,0,3,0.0,211,personal_frequency
user_000000_001951,12,2,0,2,0.0,211,personal_frequency
user_000000_001952,15,10,0,2,0.0,211,personal_frequency
user_000000_001953,12,5,0,4,0.0,211,personal_frequency
user_000000_001954,15,4,0,6,0.0,211,personal_frequency
user_000000_001955,12,3,0,6,0.0,211,personal_frequency
user_000000_001956,9,5,0,4,0.0,211,personal_frequency
user_000000_001957,14,5,0,5,0.0,211,personal_frequency
user_000000_001958,14,9,0,4,0.0,211,personal_frequency
user_000000_001959,11,7,0,1,0.0,211,personal_frequency
user_000000_001960,8,0,0,6,,211,personal_frequency
user_000000_001961,11,2,0,6,0.0,211,personal_frequency
user_000000_001962,13,5,0,4,0.0,211,personal_frequency
user_000000_001963,13,2,0,6,0.0,211,personal_frequency
user_000000_001964,12,6,0,4,0.0,211,personal_frequency
user_000000_001965,11,2,0,6,0.0,211,personal_frequency
user_000000_001966,10,3,0,3,0.0,211,personal_frequency
user_000000_001967,10,1,0,6,0.0,211,personal_frequency
user_000000_001968,9,4,0,2,0.0,211,personal_frequency
user_000000_001969,12,8,0,4,0.0,211,personal_frequency
user_000000_001970,14,12,0,2,0.0,211,personal_frequency
user_000000_001971,13,6,0,4,0.0,211,personal_frequency
user_000000_001972,12,4,0,6,0.0,211,personal_frequency
user_000000_001973,13,7,0,3,0.0,211,personal_frequency
user_000000_001974,13,10,0,1,0.0,211,personal_frequency
user_000000_001975,11,4,0,3,0.0,211,personal_frequency
user_000000_001976,9,6,0,3,0.0,211,personal_frequency
user_000000_001977,14,6,0,4,0.0,211,personal_frequency
user_000000_001978,11,2,0,6,0.0,211,personal_frequency
user_000000_001979,14,11,0,3,0.0,211,personal_frequency
user_000000_001980,11,7,0,2,0.0,211,personal_frequency
user_000000_001981,14,8,0,3,0.0,211,personal_frequency
user_000000_001982,6,3,0,2,0.0,211,personal_frequency
user_000000_001983,15,7,0,3,0.0,211,personal_frequency
user_000000_001984,15,8,0,2,0.0,211,personal_frequency
user_000000_001985,12,9,0,3,0.0,211,personal_frequency
user_000000_001986,6,1,0,3,0.0,211,personal_frequency
user_000000_001987,14,7,0,4,0.0,211,personal_frequency
user_000000_001988,11,4,0,3,0.0,211,personal_frequency
user_000000_001989,12,7,0,3,0.0,211,personal_frequency
user_000000_001990,11,7,0,2,0.0,211,personal_frequency
user_000000_001991,14,10,0,2,0.0,211,personal_frequency
user_000000_001992,14,12,0,2,0.0,211,personal_frequency
user_000000_001993,14,7,0,4,0.0,211,personal_frequency
user_000000_001994,11,3,0,4,0.0,211,personal_frequency
user_000000_001995,13,10,0,1,0.0,211,personal_frequency
user_000000_001996,13,6,0,4,0.0,211,personal_frequency
user_000000_001997,11,2,0,6,0.0,211,personal_frequency
user_000000_001998,11,5,0,3,0.0,211,personal_frequency
user_000000_001999,12,3,0,7,0.0,211,personal_frequency
user_000000_000000,12,5,0,5,0.0,907,svd_256
user_000000_000001,11,7,1,4,0.14285714285714285,907,svd_256
user_000000_000002,12,7,0,3,0.0,907,svd_256
user_000000_000003,8,1,0,7,0.0,907,svd_256
user_000000_000004,9,6,0,2,0.0,907,svd_256
user_000000_000005,11,6,0,3,0.0,907,svd_256
user_000000_000006,4,0,0,4,,907,svd_256
user_000000_000007,12,6,2,4,0.3333333333333333,907,svd_256
user_000000_000008,10,6,0,0,0.0,907,svd_256
user_000000_000009,10,5,1,3,0.2,907,svd_256
user_000000_000010,10,2,0,5,0.0,907,svd_256
user_000000_000011,8,1,0,6,0.0,907,svd_256
user_000000_000012,14,5,0,5,0.0,907,svd_256
user_000000_000013,10,6,0,2,0.0,907,svd_256
user_000000_000014,14,8,1,1,0.125,907,svd_256
user_000000_000015,11,6,0,3,0.0,907,svd_256
user_000000_000016,13,2,0,8,0.0,907,svd_256
user_000000_000017,5,0,0,5,,907,svd_256
user_000000_000018,15,9,0,3,0.0,907,svd_256
user_000000_000019,11,6,2,4,0.3333333333333333,907,svd_256
user_000000_000020,6,4,0,2,0.0,907,svd_256
user_000000_000021,13,7,0,4,0.0,907,svd_256
user_000000_000022,13,3,0,3,0.0,907,svd_256
user_000000_000023,12,7,0,2,0.0,907,svd_256
user_000000_000024,11,2,0,7,0.0,907,svd_256
user_000000_000025,9,4,1,4,0.25,907,svd_256
user_000000_000026,12,9,1,2,0.1111111111111111,907,svd_256
user_000000_000027,13,5,0,6,0.0,907,svd_256
user_000000_000028,15,7,1,1,0.14285714285714285,907,svd_256
user_000000_000029,9,1,0,6,0.0,907,svd_256
user_000000_000030,12,4,0,5,0.0,907,svd_256
user_000000_000031,14,6,0,4,0.0,907,svd_256
user_000000_000032,15,11,0,2,0.0,907,svd_256
user_000000_000033,6,1,0,5,0.0,907,svd_256
user_000000_000034,13,9,0,3,0.0,907,svd_256
user_000000_000035,12,4,0,5,0.0,907,svd_256
user_000000_000036,10,2,0,6,0.0,907,svd_256
user_000000_000037,9,2,0,4,0.0,907,svd_256
user_000000_000038,14,10,1,2,0.1,907,svd_256
user_000000_000039,15,9,1,2,0.1111111111111111,907,svd_256
user_000000_000040,12,7,2,3,0.2857142857142857,907,svd_256
user_000000_000041,11,5,0,5,0.0,907,svd_256
user_000000_000042,15,7,0,3,0.0,907,svd_256
user_000000_000043,14,5,1,2,0.2,907,svd_256
user_000000_000044,14,8,0,3,0.0,907,svd_256
user_000000_000045,10,0,0,5,,907,svd_256
user_000000_000046,9,4,1,3,0.25,907,svd_256
user_000000_000047,13,8,1,1,0.125,907,svd_256
user_000000_000048,12,9,0,2,0.0,907,svd_256
user_000000_000049,14,6,0,4,0.0,907,svd_256
user_000000_000050,7,1,0,5,0.0,907,svd_256
user_000000_000051,15,12,0,2,0.0,907,svd_256
user_000000_000052,13,5,0,4,0.0,907,svd_256
user_000000_000053,15,6,0,3,0.0,907,svd_256
user_000000_000054,15,15,3,0,0.2,907,svd_256
user_000000_000055,11,4,1,4,0.25,907,svd_256
user_000000_000056,14,10,0,3,0.0,907,svd_256
user_000000_000057,14,2,0,7,0.0,907,svd_256
user_000000_000058,14,7,0,4,0.0,907,svd_256
user_000000_000059,10,2,0,6,0.0,907,svd_256
user_000000_000060,9,2,1,3,0.5,907,svd_256
user_000000_000061,13,6,1,2,0.16666666666666666,907,svd_256
user_000000_000062,11,5,0,5,0.0,907,svd_256
user_000000_000063,15,11,0,2,0.0,907,svd_256
user_000000_000064,14,6,1,5,0.16666666666666666,907,svd_256
user_000000_000065,14,8,0,1,0.0,907,svd_256
user_000000_000066,9,0,0,7,,907,svd_256
user_000000_000067,14,7,0,5,0.0,907,svd_256
user_000000_000068,13,7,1,2,0.14285714285714285,907,svd_256
user_000000_000069,7,1,1,6,1.0,907,svd_256
user_000000_000070,12,8,0,3,0.0,907,svd_256
user_000000_000071,10,5,0,2,0.0,907,svd_256
user_000000_000072,7,3,0,4,0.0,907,svd_256
user_000000_000073,10,2,0,5,0.0,907,svd_256
user_000000_000074,10,6,0,4,0.0,907,svd_256
user_000000_000075,13,3,0,6,0.0,907,svd_256
user_000000_000076,14,8,0,3,0.0,907,svd_256
user_000000_000077,13,8,0,4,0.0,907,svd_256
user_000000_000078,10,3,0,5,0.0,907,svd_256
user_000000_000079,12,7,1,2,0.14285714285714285,907,svd_256
user_000000_000080,13,7,1,3,0.14285714285714285,907,svd_256
user_000000_000081,7,1,0,6,0.0,907,svd_256
user_000000_000082,15,8,0,2,0.0,907,svd_256
user_000000_000083,15,10,1,3,0.1,907,svd_256
user_000000_000084,15,12,0,2,0.0,907,svd_256
user_000000_000085,8,0,0,6,,907,svd_256
user_000000_000086,14,9,0,3,0.0,907,svd_256
user_000000_000087,11,4,0,4,0.0,907,svd_256
user_000000_000088,12,5,0,5,0.0,907,svd_256
user_000000_000089,15,7,1,2,0.14285714285714285,907,svd_256
user_000000_000090,11,3,1,5,0.3333333333333333,907,svd_256
user_000000_000091,13,7,0,3,0.0,907,svd_256
user_000000_000092,14,5,0,3,0.0,907,svd_256
user_000000_000093,15,10,1,3,0.1,907,svd_256
user_000000_000094,14,9,1,2,0.1111111111111111,907,svd_256
user_000000_000095,12,6,0,2,0.0,907,svd_256
user_000000_000096,13,9,0,2,0.0,907,svd_256
user_000000_000097,15,9,0,3,0.0,907,svd_256
user_000000_000098,10,3,1,5,0.3333333333333333,907,svd_256
user_000000_000099,15,10,0,1,0.0,907,svd_256
user_000000_000100,14,9,0,2,0.0,907,svd_256
user_000000_000101,14,6,0,4,0.0,907,svd_256
user_000000_000102,9,2,0,7,0.0,907,svd_256
user_000000_000103,8,2,0,6,0.0,907,svd_256
user_000000_000104,11,4,0,5,0.0,907,svd_256
user_000000_000105,14,9,0,3,0.0,907,svd_256
user_000000_000106,14,8,0,3,0.0,907,svd_256
user_000000_000107,11,2,0,3,0.0,907,svd_256
user_000000_000108,6,3,3,3,1.0,907,svd_256
user_000000_000109,12,4,1,2,0.25,907,svd_256
user_000000_000110,10,4,1,3,0.25,907,svd_256
user_000000_000111,13,9,1,2,0.1111111111111111,907,svd_256
user_000000_000112,14,6,0,3,0.0,907,svd_256
user_000000_000113,12,8,0,2,0.0,907,svd_256
user_000000_000114,15,9,0,1,0.0,907,svd_256
user_000000_000115,12,5,1,5,0.2,907,svd_256
user_000000_000116,13,8,0,4,0.0,907,svd_256
user_000000_000117,10,3,0,2,0.0,907,svd_256
user_000000_000118,10,6,1,4,0.16666666666666666,907,svd_256
user_000000_000119,12,9,0,1,0.0,907,svd_256
user_000000_000120,10,6,1,3,0.16666666666666666,907,svd_256
user_000000_000121,13,5,0,5,0.0,907,svd_256
user_000000_000122,10,3,0,3,0.0,907,svd_256
user_000000_000123,12,6,0,3,0.0,907,svd_256
user_000000_000124,10,2,0,5,0.0,907,svd_256
user_000000_000125,6,4,0,2,0.0,907,svd_256
user_000000_000126,10,6,1,3,0.16666666666666666,907,svd_256
user_000000_000127,14,3,0,5,0.0,907,svd_256
user_000000_000128,6,0,0,6,,907,svd_256
user_000000_000129,14,5,0,3,0.0,907,svd_256
user_000000_000130,14,9,0,2,0.0,907,svd_256
user_000000_000131,11,4,0,3,0.0,907,svd_256
user_000000_000132,13,3,0,6,0.0,907,svd_256
user_000000_000133,10,2,0,4,0.0,907,svd_256
user_000000_000134,13,7,1,4,0.14285714285714285,907,svd_256
user_000000_000135,14,9,0,3,0.0,907,svd_256
user_000000_000136,11,6,0,3,0.0,907,svd_256
user_000000_000137,11,7,0,3,0.0,907,svd_256
user_000000_000138,11,5,0,5,0.0,907,svd_256
user_000000_000139,14,7,0,3,0.0,907,svd_256
user_000000_000140,13,11,1,2,0.09090909090909091,907,svd_256
user_000000_000141,10,2,0,5,0.0,907,svd_256
user_000000_000142,15,11,1,2,0.09090909090909091,907,svd_256
user_000000_000143,13,6,0,4,0.0,907,svd_256
user_000000_000144,14,6,0,3,0.0,907,svd_256
user_000000_000145,14,10,1,3,0.1,907,svd_256
user_000000_000146,10,4,0,4,0.0,907,svd_256
user_000000_000147,14,10,0,2,0.0,907,svd_256
user_000000_000148,4,0,0,3,,907,svd_256
user_000000_000149,7,1,0,6,0.0,907,svd_256
user_000000_000150,15,8,0,3,0.0,907,svd_256
user_000000_000151,14,8,0,3,0.0,907,svd_256
user_000000_000152,11,6,0,5,0.0,907,svd_256
user_000000_000153,7,2,0,5,0.0,907,svd_256
user_000000_000154,12,7,2,3,0.2857142857142857,907,svd_256
user_000000_000155,14,10,0,2,0.0,907,svd_256
user_000000_000156,9,3,0,5,0.0,907,svd_256
user_000000_000157,15,7,0,6,0.0,907,svd_256
user_000000_000158,13,4,0,4,0.0,907,svd_256
user_000000_000159,6,1,0,4,0.0,907,svd_256
user_000000_000160,14,11,1,2,0.09090909090909091,907,svd_256
user_000000_000161,12,9,0,3,0.0,907,svd_256
user_000000_000162,13,10,1,2,0.1,907,svd_256
user_000000_000163,12,6,0,3,0.0,907,svd_256
user_000000_000164,12,4,1,5,0.25,907,svd_256
user_000000_000165,10,6,0,3,0.0,907,svd_256
user_000000_000166,7,3,1,2,0.3333333333333333,907,svd_256
user_000000_000167,15,10,0,2,0.0,907,svd_256
user_000000_000168,9,5,0,4,0.0,907,svd_256
user_000000_000169,12,3,0,5,0.0,907,svd_256
user_000000_000170,13,8,0,3,0.0,907,svd_256
user_000000_000171,10,4,0,5,0.0,907,svd_256
user_000000_000172,7,4,0,3,0.0,907,svd_256
user_000000_000173,11,5,0,3,0.0,907,svd_256
user_000000_000174,14,6,0,4,0.0,907,svd_256
user_000000_000175,15,9,2,1,0.2222222222222222,907,svd_256
user_000000_000176,7,3,0,2,0.0,907,svd_256
user_000000_000177,15,7,1,3,0.14285714285714285,907,svd_256
user_000000_000178,7,1,0,5,0.0,907,svd_256
user_000000_000179,14,6,2,3,0.3333333333333333,907,svd_256
user_000000_000180,8,5,0,2,0.0,907,svd_256
user_000000_000181,8,2,0,5,0.0,907,svd_256
user_000000_000182,14,9,0,3,0.0,907,svd_256
user_000000_000183,11,8,0,3,0.0,907,svd_256
user_000000_000184,9,0,0,8,,907,svd_256
user_000000_000185,15,9,0,2,0.0,907,svd_256
user_000000_000186,14,11,2,0,0.18181818181818182,907,svd_256
user_000000_000187,13,7,1,4,0.14285714285714285,907,svd_256
user_000000_000188,10,1,0,4,0.0,907,svd_256
user_000000_000189,12,4,0,7,0.0,907,svd_256
user_000000_000190,10,1,0,6,0.0,907,svd_256
user_000000_000191,11,2,0,4,0.0,907,svd_256
user_000000_000192,14,7,2,0,0.2857142857142857,907,svd_256
user_000000_000193,7,1,0,4,0.0,907,svd_256
user_000000_000194,15,11,1,1,0.09090909090909091,907,svd_256
user_000000_000195,15,11,0,1,0.0,907,svd_256
user_000000_000196,9,1,0,5,0.0,907,svd_256
user_000000_000197,9,1,0,5,0.0,907,svd_256
user_000000_000198,10,5,0,3,0.0,907,svd_256
user_000000_000199,14,7,1,2,0.14285714285714285,907,svd_256
user_000000_000200,11,9,1,1,0.1111111111111111,907,svd_256
user_000000_000201,5,1,0,4,0.0,907,svd_256
user_000000_000202,15,8,1,3,0.125,907,svd_256
user_000000_000203,8,2,0,6,0.0,907,svd_256
user_000000_000204,13,5,0,3,0.0,907,svd_256
user_000000_000205,10,4,0,2,0.0,907,svd_256
user_000000_000206,13,3,1,4,0.3333333333333333,907,svd_256
user_000000_000207,15,11,1,0,0.09090909090909091,907,svd_256
user_000000_000208,13,10,0,0,0.0,907,svd_256
user_000000_000209,5,1,0,4,0.0,907,svd_256
user_000000_000210,11,4,0,4,0.0,907,svd_256
user_000000_000211,11,3,0,5,0.0,907,svd_256
user_000000_000212,11,6,1,5,0.16666666666666666,907,svd_256
user_000000_000213,5,0,0,5,,907,svd_256
user_000000_000214,11,4,1,2,0.25,907,svd_256
user_000000_000215,15,12,0,1,0.0,907,svd_256
user_000000_000216,12,3,1,6,0.3333333333333333,907,svd_256
user_000000_000217,13,5,1,2,0.2,907,svd_256
user_000000_000218,8,1,0,7,0.0,907,svd_256
user_000000_000219,13,5,0,6,0.0,907,svd_256
user_000000_000220,15,12,1,0,0.08333333333333333,907,svd_256
user_000000_000221,14,9,1,0,0.1111111111111111,907,svd_256
user_000000_000222,13,8,1,3,0.125,907,svd_256
user_000000_000223,13,6,0,4,0.0,907,svd_256
user_000000_000224,14,5,0,4,0.0,907,svd_256
user_000000_000225,5,2,0,3,0.0,907,svd_256
user_000000_000226,8,3,0,4,0.0,907,svd_256
user_000000_000227,7,3,1,4,0.3333333333333333,907,svd_256
user_000000_000228,12,4,0,6,0.0,907,svd_256
user_000000_000229,14,6,0,4,0.0,907,svd_256
user_000000_000230,14,11,0,1,0.0,907,svd_256
user_000000_000231,7,1,0,6,0.0,907,svd_256
user_000000_000232,13,5,0,3,0.0,907,svd_256
user_000000_000233,9,3,0,4,0.0,907,svd_256
user_000000_000234,11,3,1,6,0.3333333333333333,907,svd_256
user_000000_000235,13,6,0,4,0.0,907,svd_256
user_000000_000236,12,5,0,3,0.0,907,svd_256
user_000000_000237,11,4,1,4,0.25,907,svd_256
user_000000_000238,12,5,0,5,0.0,907,svd_256
user_000000_000239,13,4,0,5,0.0,907,svd_256
user_000000_000240,13,5,0,6,0.0,907,svd_256
user_000000_000241,13,10,2,2,0.2,907,svd_256
user_000000_000242,14,9,0,4,0.0,907,svd_256
user_000000_000243,12,4,1,3,0.25,907,svd_256
user_000000_000244,12,6,0,5,0.0,907,svd_256
user_000000_000245,14,8,0,2,0.0,907,svd_256
user_000000_000246,15,13,1,1,0.07692307692307693,907,svd_256
user_000000_000247,15,11,0,3,0.0,907,svd_256
user_000000_000248,14,6,0,4,0.0,907,svd_256
user_000000_000249,10,4,0,4,0.0,907,svd_256
user_000000_000250,11,3,1,3,0.3333333333333333,907,svd_256
user_000000_000251,11,5,0,4,0.0,907,svd_256
user_000000_000252,10,7,0,2,0.0,907,svd_256
user_000000_000253,9,0,0,6,,907,svd_256
user_000000_000254,14,7,0,5,0.0,907,svd_256
user_000000_000255,12,8,1,2,0.125,907,svd_256
user_000000_000256,15,11,0,1,0.0,907,svd_256
user_000000_000257,14,10,0,3,0.0,907,svd_256
user_000000_000258,15,6,0,4,0.0,907,svd_256
user_000000_000259,11,6,1,4,0.16666666666666666,907,svd_256
user_000000_000260,13,8,1,3,0.125,907,svd_256
user_000000_000261,14,9,1,3,0.1111111111111111,907,svd_256
user_000000_000262,14,11,2,1,0.18181818181818182,907,svd_256
user_000000_000263,11,5,0,6,0.0,907,svd_256
user_000000_000264,9,0,0,5,,907,svd_256
user_000000_000265,13,6,2,3,0.3333333333333333,907,svd_256
user_000000_000266,15,9,1,3,0.1111111111111111,907,svd_256
user_000000_000267,13,7,1,3,0.14285714285714285,907,svd_256
user_000000_000268,7,1,0,5,0.0,907,svd_256
user_000000_000269,13,4,0,2,0.0,907,svd_256
user_000000_000270,6,0,0,6,,907,svd_256
user_000000_000271,11,7,0,2,0.0,907,svd_256
user_000000_000272,11,4,0,4,0.0,907,svd_256
user_000000_000273,15,11,1,3,0.09090909090909091,907,svd_256
user_000000_000274,9,3,0,4,0.0,907,svd_256
user_000000_000275,14,4,0,1,0.0,907,svd_256
user_000000_000276,11,6,1,2,0.16666666666666666,907,svd_256
user_000000_000277,7,2,1,5,0.5,907,svd_256
user_000000_000278,14,3,0,4,0.0,907,svd_256
user_000000_000279,12,6,0,2,0.0,907,svd_256
user_000000_000280,10,3,1,5,0.3333333333333333,907,svd_256
user_000000_000281,14,8,0,2,0.0,907,svd_256
user_000000_000282,7,2,0,4,0.0,907,svd_256
user_000000_000283,12,7,4,2,0.5714285714285714,907,svd_256
user_000000_000284,10,2,0,6,0.0,907,svd_256
user_000000_000285,5,0,0,5,,907,svd_256
user_000000_000286,13,9,0,2,0.0,907,svd_256
user_000000_000287,15,8,2,2,0.25,907,svd_256
user_000000_000288,11,1,0,2,0.0,907,svd_256
user_000000_000289,13,4,1,4,0.25,907,svd_256
user_000000_000290,13,7,1,4,0.14285714285714285,907,svd_256
user_000000_000291,11,2,0,4,0.0,907,svd_256
user_000000_000292,9,3,1,5,0.3333333333333333,907,svd_256
user_000000_000293,13,7,0,3,0.0,907,svd_256
user_000000_000294,13,4,0,4,0.0,907,svd_256
user_000000_000295,15,9,0,2,0.0,907,svd_256
user_000000_000296,11,4,0,5,0.0,907,svd_256
user_000000_000297,14,6,0,2,0.0,907,svd_256
user_000000_000298,13,6,0,3,0.0,907,svd_256
user_000000_000299,10,1,0,6,0.0,907,svd_256
user_000000_000300,14,9,0,2,0.0,907,svd_256
user_000000_000301,12,4,1,5,0.25,907,svd_256
user_000000_000302,12,5,0,4,0.0,907,svd_256
user_000000_000303,14,4,0,6,0.0,907,svd_256
user_000000_000304,6,1,0,2,0.0,907,svd_256
user_000000_000305,9,1,0,8,0.0,907,svd_256
user_000000_000306,14,7,0,4,0.0,907,svd_256
user_000000_000307,15,8,0,4,0.0,907,svd_256
user_000000_000308,11,7,0,4,0.0,907,svd_256
user_000000_000309,10,3,0,4,0.0,907,svd_256
user_000000_000310,12,7,0,3,0.0,907,svd_256
user_000000_000311,9,3,1,6,0.3333333333333333,907,svd_256
user_000000_000312,14,9,1,1,0.1111111111111111,907,svd_256
user_000000_000313,10,5,0,3,0.0,907,svd_256
user_000000_000314,13,6,0,3,0.0,907,svd_256
user_000000_000315,13,9,1,3,0.1111111111111111,907,svd_256
user_000000_000316,13,2,0,3,0.0,907,svd_256
user_000000_000317,12,3,0,7,0.0,907,svd_256
user_000000_000318,5,2,0,2,0.0,907,svd_256
user_000000_000319,14,6,0,2,0.0,907,svd_256
user_000000_000320,13,3,0,6,0.0,907,svd_256
user_000000_000321,15,12,1,2,0.08333333333333333,907,svd_256
user_000000_000322,13,5,0,4,0.0,907,svd_256
user_000000_000323,9,0,0,8,,907,svd_256
user_000000_000324,12,7,1,5,0.14285714285714285,907,svd_256
user_000000_000325,13,6,1,1,0.16666666666666666,907,svd_256
user_000000_000326,14,10,0,2,0.0,907,svd_256
user_000000_000327,14,14,0,0,0.0,907,svd_256
user_000000_000328,8,1,0,2,0.0,907,svd_256
user_000000_000329,10,1,0,6,0.0,907,svd_256
user_000000_000330,13,8,0,2,0.0,907,svd_256
user_000000_000331,12,4,1,4,0.25,907,svd_256
user_000000_000332,13,5,0,3,0.0,907,svd_256
user_000000_000333,11,4,0,4,0.0,907,svd_256
user_000000_000334,9,3,0,3,0.0,907,svd_256
user_000000_000335,15,9,0,1,0.0,907,svd_256
user_000000_000336,12,7,0,5,0.0,907,svd_256
user_000000_000337,11,1,0,3,0.0,907,svd_256
user_000000_000338,9,4,0,4,0.0,907,svd_256
user_000000_000339,13,7,0,4,0.0,907,svd_256
user_000000_000340,14,8,0,4,0.0,907,svd_256
user_000000_000341,7,2,0,5,0.0,907,svd_256
user_000000_000342,10,4,0,5,0.0,907,svd_256
user_000000_000343,10,4,0,4,0.0,907,svd_256
user_000000_000344,12,8,0,2,0.0,907,svd_256
user_000000_000345,15,6,1,3,0.16666666666666666,907,svd_256
user_000000_000346,9,2,1,3,0.5,907,svd_256
user_000000_000347,12,4,0,5,0.0,907,svd_256
user_000000_000348,8,1,0,6,0.0,907,svd_256
user_000000_000349,11,4,0,1,0.0,907,svd_256
user_000000_000350,14,8,0,2,0.0,907,svd_256
user_000000_000351,14,13,0,1,0.0,907,svd_256
user_000000_000352,15,8,0,4,0.0,907,svd_256
user_000000_000353,8,0,0,6,,907,svd_256
user_000000_000354,9,3,1,5,0.3333333333333333,907,svd_256
user_000000_000355,14,7,1,4,0.14285714285714285,907,svd_256
user_000000_000356,13,10,0,3,0.0,907,svd_256
user_000000_000357,12,6,0,4,0.0,907,svd_256
user_000000_000358,13,2,0,5,0.0,907,svd_256
user_000000_000359,9,3,0,4,0.0,907,svd_256
user_000000_000360,11,8,0,3,0.0,907,svd_256
user_000000_000361,11,3,0,5,0.0,907,svd_256
user_000000_000362,13,7,0,5,0.0,907,svd_256
user_000000_000363,12,6,1,5,0.16666666666666666,907,svd_256
user_000000_000364,7,2,1,4,0.5,907,svd_256
user_000000_000365,10,6,0,4,0.0,907,svd_256
user_000000_000366,13,5,0,4,0.0,907,svd_256
user_000000_000367,9,3,0,6,0.0,907,svd_256
user_000000_000368,13,5,0,4,0.0,907,svd_256
user_000000_000369,15,12,0,1,0.0,907,svd_256
user_000000_000370,14,10,0,1,0.0,907,svd_256
user_000000_000371,7,1,0,6,0.0,907,svd_256
user_000000_000372,13,5,0,4,0.0,907,svd_256
user_000000_000373,11,5,1,5,0.2,907,svd_256
user_000000_000374,7,3,0,3,0.0,907,svd_256
user_000000_000375,13,3,0,6,0.0,907,svd_256
user_000000_000376,14,10,0,3,0.0,907,svd_256
user_000000_000377,15,9,1,3,0.1111111111111111,907,svd_256
user_000000_000378,9,1,0,7,0.0,907,svd_256
user_000000_000379,12,5,1,3,0.2,907,svd_256
user_000000_000380,9,6,0,2,0.0,907,svd_256
user_000000_000381,14,6,0,3,0.0,907,svd_256
user_000000_000382,9,5,0,4,0.0,907,svd_256
user_000000_000383,7,0,0,4,,907,svd_256
user_000000_000384,13,3,0,5,0.0,907,svd_256
user_000000_000385,14,9,1,2,0.1111111111111111,907,svd_256
user_000000_000386,13,6,0,3,0.0,907,svd_256
user_000000_000387,15,10,0,1,0.0,907,svd_256
user_000000_000388,11,5,1,2,0.2,907,svd_256
user_000000_000389,13,4,0,6,0.0,907,svd_256
user_000000_000390,15,12,1,2,0.08333333333333333,907,svd_256
user_000000_000391,11,9,1,2,0.1111111111111111,907,svd_256
user_000000_000392,13,7,0,4,0.0,907,svd_256
user_000000_000393,15,6,1,3,0.16666666666666666,907,svd_256
user_000000_000394,14,9,1,3,0.1111111111111111,907,svd_256
user_000000_000395,14,11,0,0,0.0,907,svd_256
user_000000_000396,12,4,0,3,0.0,907,svd_256
user_000000_000397,14,3,0,4,0.0,907,svd_256
user_000000_000398,13,6,1,3,0.16666666666666666,907,svd_256
user_000000_000399,11,3,1,4,0.3333333333333333,907,svd_256
user_000000_000400,11,4,0,5,0.0,907,svd_256
user_000000_000401,13,6,0,6,0.0,907,svd_256
user_000000_000402,14,5,1,3,0.2,907,svd_256
user_000000_000403,10,5,1,3,0.2,907,svd_256
user_000000_000404,15,8,0,4,0.0,907,svd_256
user_000000_000405,11,2,0,3,0.0,907,svd_256
user_000000_000406,6,0,0,6,,907,svd_256
user_000000_000407,8,3,0,5,0.0,907,svd_256
user_000000_000408,14,8,1,2,0.125,907,svd_256
user_000000_000409,12,7,0,3,0.0,907,svd_256
user_000000_000410,11,1,1,4,1.0,907,svd_256
user_000000_000411,15,7,1,5,0.14285714285714285,907,svd_256
user_000000_000412,10,6,2,3,0.3333333333333333,907,svd_256
user_000000_000413,14,4,0,5,0.0,907,svd_256
user_000000_000414,13,4,0,3,0.0,907,svd_256
user_000000_000415,12,4,1,3,0.25,907,svd_256
user_000000_000416,15,11,1,2,0.09090909090909091,907,svd_256
user_000000_000417,11,5,0,5,0.0,907,svd_256
user_000000_000418,10,4,0,5,0.0,907,svd_256
user_000000_000419,12,4,0,4,0.0,907,svd_256
user_000000_000420,12,5,0,3,0.0,907,svd_256
user_000000_000421,15,4,0,7,0.0,907,svd_256
user_000000_000422,12,7,0,4,0.0,907,svd_256
user_000000_000423,14,5,0,2,0.0,907,svd_256
user_000000_000424,6,1,0,5,0.0,907,svd_256
user_000000_000425,12,5,1,3,0.2,907,svd_256
user_000000_000426,14,9,0,5,0.0,907,svd_256
user_000000_000427,2,0,0,2,,907,svd_256
user_000000_000428,5,0,0,4,,907,svd_256
user_000000_000429,12,2,0,4,0.0,907,svd_256
user_000000_000430,9,0,0,5,,907,svd_256
user_000000_000431,12,8,1,1,0.125,907,svd_256
user_000000_000432,10,4,0,5,0.0,907,svd_256
user_000000_000433,12,6,0,3,0.0,907,svd_256
user_000000_000434,12,4,0,7,0.0,907,svd_256
user_000000_000435,13,5,0,5,0.0,907,svd_256
user_000000_000436,7,1,0,5,0.0,907,svd_256
user_000000_000437,13,6,0,4,0.0,907,svd_256
user_000000_000438,9,5,2,2,0.4,907,svd_256
user_000000_000439,15,7,0,5,0.0,907,svd_256
user_000000_000440,13,8,1,3,0.125,907,svd_256
user_000000_000441,10,6,1,3,0.16666666666666666,907,svd_256
user_000000_000442,14,7,0,3,0.0,907,svd_256
user_000000_000443,13,7,0,2,0.0,907,svd_256
user_000000_000444,15,12,0,1,0.0,907,svd_256
user_000000_000445,13,2,0,7,0.0,907,svd_256
user_000000_000446,13,10,0,2,0.0,907,svd_256
user_000000_000447,8,0,0,4,,907,svd_256
user_000000_000448,10,1,0,6,0.0,907,svd_256
user_000000_000449,14,10,0,2,0.0,907,svd_256
user_000000_000450,9,1,0,4,0.0,907,svd_256
user_000000_000451,12,6,0,2,0.0,907,svd_256
user_000000_000452,14,11,0,0,0.0,907,svd_256
user_000000_000453,11,5,0,4,0.0,907,svd_256
user_000000_000454,12,3,0,6,0.0,907,svd_256
user_000000_000455,12,6,2,2,0.3333333333333333,907,svd_256
user_000000_000456,12,9,1,1,0.1111111111111111,907,svd_256
user_000000_000457,7,1,0,6,0.0,907,svd_256
user_000000_000458,12,6,0,3,0.0,907,svd_256
user_000000_000459,15,10,0,5,0.0,907,svd_256
user_000000_000460,15,6,0,5,0.0,907,svd_256
user_000000_000461,14,10,1,2,0.1,907,svd_256
user_000000_000462,9,1,0,7,0.0,907,svd_256
user_000000_000463,12,3,0,5,0.0,907,svd_256
user_000000_000464,14,11,1,2,0.09090909090909091,907,svd_256
user_000000_000465,14,12,0,2,0.0,907,svd_256
user_000000_000466,15,10,0,1,0.0,907,svd_256
user_000000_000467,13,6,0,6,0.0,907,svd_256
user_000000_000468,14,9,1,2,0.1111111111111111,907,svd_256
user_000000_000469,10,2,0,5,0.0,907,svd_256
user_000000_000470,12,8,0,2,0.0,907,svd_256
user_000000_000471,14,10,0,3,0.0,907,svd_256
user_000000_000472,14,10,1,2,0.1,907,svd_256
user_000000_000473,10,3,0,5,0.0,907,svd_256
user_000000_000474,13,8,0,2,0.0,907,svd_256
user_000000_000475,11,7,0,2,0.0,907,svd_256
user_000000_000476,15,10,1,4,0.1,907,svd_256
user_000000_000477,15,9,0,2,0.0,907,svd_256
user_000000_000478,13,2,0,7,0.0,907,svd_256
user_000000_000479,7,2,0,4,0.0,907,svd_256
user_000000_000480,10,6,0,3,0.0,907,svd_256
user_000000_000481,13,7,1,3,0.14285714285714285,907,svd_256
user_000000_000482,8,5,1,3,0.2,907,svd_256
user_000000_000483,14,12,0,2,0.0,907,svd_256
user_000000_000484,14,7,0,3,0.0,907,svd_256
user_000000_000485,10,2,0,6,0.0,907,svd_256
user_000000_000486,12,6,1,4,0.16666666666666666,907,svd_256
user_000000_000487,11,3,0,6,0.0,907,svd_256
user_000000_000488,10,6,0,4,0.0,907,svd_256
user_000000_000489,5,0,0,5,,907,svd_256
user_000000_000490,13,2,0,9,0.0,907,svd_256
user_000000_000491,10,3,0,6,0.0,907,svd_256
user_000000_000492,12,3,0,6,0.0,907,svd_256
user_000000_000493,10,2,0,6,0.0,907,svd_256
user_000000_000494,13,10,2,2,0.2,907,svd_256
user_000000_000495,6,1,1,4,1.0,907,svd_256
user_000000_000496,13,4,0,4,0.0,907,svd_256
user_000000_000497,8,1,0,7,0.0,907,svd_256
user_000000_000498,10,4,0,4,0.0,907,svd_256
user_000000_000499,9,0,0,8,,907,svd_256
user_000000_000500,15,11,0,2,0.0,907,svd_256
user_000000_000501,15,11,0,2,0.0,907,svd_256
user_000000_000502,15,8,0,2,0.0,907,svd_256
user_000000_000503,10,3,1,3,0.3333333333333333,907,svd_256
user_000000_000504,14,8,0,2,0.0,907,svd_256
user_000000_000505,10,3,0,4,0.0,907,svd_256
user_000000_000506,15,12,1,1,0.08333333333333333,907,svd_256
user_000000_000507,8,2,0,3,0.0,907,svd_256
user_000000_000508,13,8,0,3,0.0,907,svd_256
user_000000_000509,12,7,1,3,0.14285714285714285,907,svd_256
user_000000_000510,9,3,0,6,0.0,907,svd_256
user_000000_000511,14,8,0,2,0.0,907,svd_256
user_000000_000512,14,11,0,3,0.0,907,svd_256
user_000000_000513,12,5,1,5,0.2,907,svd_256
user_000000_000514,13,8,0,3,0.0,907,svd_256
user_000000_000515,12,4,0,3,0.0,907,svd_256
user_000000_000516,13,7,0,2,0.0,907,svd_256
user_000000_000517,15,6,0,2,0.0,907,svd_256
user_000000_000518,13,9,0,3,0.0,907,svd_256
user_000000_000519,10,2,0,5,0.0,907,svd_256
user_000000_000520,10,4,0,2,0.0,907,svd_256
user_000000_000521,9,2,0,6,0.0,907,svd_256
user_000000_000522,13,10,0,3,0.0,907,svd_256
user_000000_000523,15,9,0,3,0.0,907,svd_256
user_000000_000524,13,6,0,3,0.0,907,svd_256
user_000000_000525,8,5,0,2,0.0,907,svd_256
user_000000_000526,15,5,0,7,0.0,907,svd_256
user_000000_000527,11,1,0,6,0.0,907,svd_256
user_000000_000528,15,10,0,1,0.0,907,svd_256
user_000000_000529,8,5,1,3,0.2,907,svd_256
user_000000_000530,9,5,0,2,0.0,907,svd_256
user_000000_000531,15,7,0,2,0.0,907,svd_256
user_000000_000532,9,3,0,5,0.0,907,svd_256
user_000000_000533,11,6,0,3,0.0,907,svd_256
user_000000_000534,13,5,0,6,0.0,907,svd_256
user_000000_000535,13,5,1,5,0.2,907,svd_256
user_000000_000536,13,8,0,3,0.0,907,svd_256
user_000000_000537,14,7,0,3,0.0,907,svd_256
user_000000_000538,15,10,1,2,0.1,907,svd_256
user_000000_000539,9,3,0,3,0.0,907,svd_256
user_000000_000540,13,10,0,3,0.0,907,svd_256
user_000000_000541,12,5,0,4,0.0,907,svd_256
user_000000_000542,9,3,0,5,0.0,907,svd_256
user_000000_000543,9,3,1,4,0.3333333333333333,907,svd_256
user_000000_000544,9,3,0,4,0.0,907,svd_256
user_000000_000545,8,1,0,5,0.0,907,svd_256
user_000000_000546,11,3,0,5,0.0,907,svd_256
user_000000_000547,14,10,1,0,0.1,907,svd_256
user_000000_000548,13,7,0,4,0.0,907,svd_256
user_000000_000549,8,1,0,6,0.0,907,svd_256
user_000000_000550,13,10,1,3,0.1,907,svd_256
user_000000_000551,9,6,0,1,0.0,907,svd_256
user_000000_000552,8,0,0,6,,907,svd_256
user_000000_000553,12,4,0,3,0.0,907,svd_256
user_000000_000554,12,6,1,2,0.16666666666666666,907,svd_256
user_000000_000555,15,8,1,2,0.125,907,svd_256
user_000000_000556,11,5,1,3,0.2,907,svd_256
user_000000_000557,11,5,0,3,0.0,907,svd_256
user_000000_000558,12,3,0,6,0.0,907,svd_256
user_000000_000559,11,9,1,2,0.1111111111111111,907,svd_256
user_000000_000560,14,5,0,4,0.0,907,svd_256
user_000000_000561,10,4,1,4,0.25,907,svd_256
user_000000_000562,7,1,0,5,0.0,907,svd_256
user_000000_000563,14,6,0,4,0.0,907,svd_256
user_000000_000564,12,6,0,5,0.0,907,svd_256
user_000000_000565,15,10,0,2,0.0,907,svd_256
user_000000_000566,14,6,0,4,0.0,907,svd_256
user_000000_000567,13,7,0,2,0.0,907,svd_256
user_000000_000568,15,7,1,3,0.14285714285714285,907,svd_256
user_000000_000569,12,7,0,3,0.0,907,svd_256
user_000000_000570,11,0,0,5,,907,svd_256
user_000000_000571,13,7,0,4,0.0,907,svd_256
user_000000_000572,15,9,0,3,0.0,907,svd_256
user_000000_000573,9,3,0,5,0.0,907,svd_256
user_000000_000574,15,10,1,2,0.1,907,svd_256
user_000000_000575,12,8,0,3,0.0,907,svd_256
user_000000_000576,12,7,1,4,0.14285714285714285,907,svd_256
user_000000_000577,14,5,0,3,0.0,907,svd_256
user_000000_000578,7,3,0,4,0.0,907,svd_256
user_000000_000579,13,9,1,2,0.1111111111111111,907,svd_256
user_000000_000580,11,5,0,4,0.0,907,svd_256
user_000000_000581,7,1,0,6,0.0,907,svd_256
user_000000_000582,13,5,0,5,0.0,907,svd_256
user_000000_000583,14,6,0,3,0.0,907,svd_256
user_000000_000584,8,2,0,4,0.0,907,svd_256
user_000000_000585,13,9,1,1,0.1111111111111111,907,svd_256
user_000000_000586,13,8,0,0,0.0,907,svd_256
user_000000_000587,15,9,1,3,0.1111111111111111,907,svd_256
user_000000_000588,8,3,0,5,0.0,907,svd_256
user_000000_000589,13,9,0,0,0.0,907,svd_256
user_000000_000590,7,3,1,4,0.3333333333333333,907,svd_256
user_000000_000591,12,6,0,1,0.0,907,svd_256
user_000000_000592,12,5,0,4,0.0,907,svd_256
user_000000_000593,8,0,0,8,,907,svd_256
user_000000_000594,15,10,0,4,0.0,907,svd_256
user_000000_000595,11,1,0,3,0.0,907,svd_256
user_000000_000596,7,3,0,3,0.0,907,svd_256
user_000000_000597,11,6,1,2,0.16666666666666666,907,svd_256
user_000000_000598,6,0,0,6,,907,svd_256
user_000000_000599,12,5,1,3,0.2,907,svd_256
user_000000_000600,10,3,0,3,0.0,907,svd_256
user_000000_000601,11,7,0,4,0.0,907,svd_256
user_000000_000602,14,5,0,3,0.0,907,svd_256
user_000000_000603,15,5,0,6,0.0,907,svd_256
user_000000_000604,11,6,0,4,0.0,907,svd_256
user_000000_000605,12,6,0,5,0.0,907,svd_256
user_000000_000606,15,11,0,3,0.0,907,svd_256
user_000000_000607,12,7,0,3,0.0,907,svd_256
user_000000_000608,13,10,2,1,0.2,907,svd_256
user_000000_000609,11,3,0,7,0.0,907,svd_256
user_000000_000610,15,10,0,4,0.0,907,svd_256
user_000000_000611,15,7,0,5,0.0,907,svd_256
user_000000_000612,7,2,0,3,0.0,907,svd_256
user_000000_000613,11,7,0,4,0.0,907,svd_256
user_000000_000614,14,5,0,5,0.0,907,svd_256
user_000000_000615,14,9,1,2,0.1111111111111111,907,svd_256
user_000000_000616,11,3,0,4,0.0,907,svd_256
user_000000_000617,4,0,0,4,,907,svd_256
user_000000_000618,12,7,0,4,0.0,907,svd_256
user_000000_000619,6,2,0,4,0.0,907,svd_256
user_000000_000620,12,1,0,7,0.0,907,svd_256
user_000000_000621,14,6,1,1,0.16666666666666666,907,svd_256
user_000000_000622,11,6,1,2,0.16666666666666666,907,svd_256
user_000000_000623,11,4,0,4,0.0,907,svd_256
user_000000_000624,12,5,0,1,0.0,907,svd_256
user_000000_000625,9,2,0,7,0.0,907,svd_256
user_000000_000626,13,9,0,3,0.0,907,svd_256
user_000000_000627,12,5,0,4,0.0,907,svd_256
user_000000_000628,13,6,1,4,0.16666666666666666,907,svd_256
user_000000_000629,13,9,0,2,0.0,907,svd_256
user_000000_000630,9,5,0,4,0.0,907,svd_256
user_000000_000631,14,5,0,3,0.0,907,svd_256
user_000000_000632,14,8,1,2,0.125,907,svd_256
user_000000_000633,14,4,0,5,0.0,907,svd_256
user_000000_000634,12,7,0,3,0.0,907,svd_256
user_000000_000635,15,9,1,4,0.1111111111111111,907,svd_256
user_000000_000636,13,3,0,5,0.0,907,svd_256
user_000000_000637,13,4,0,5,0.0,907,svd_256
user_000000_000638,10,6,0,3,0.0,907,svd_256
user_000000_000639,13,8,3,4,0.375,907,svd_256
user_000000_000640,10,2,0,7,0.0,907,svd_256
user_000000_000641,9,5,0,3,0.0,907,svd_256
user_000000_000642,10,3,0,7,0.0,907,svd_256
user_000000_000643,10,4,0,4,0.0,907,svd_256
user_000000_000644,5,0,0,5,,907,svd_256
user_000000_000645,12,6,1,5,0.16666666666666666,907,svd_256
user_000000_000646,13,6,1,3,0.16666666666666666,907,svd_256
user_000000_000647,11,2,0,4,0.0,907,svd_256
user_000000_000648,10,6,0,2,0.0,907,svd_256
user_000000_000649,8,1,0,5,0.0,907,svd_256
user_000000_000650,15,10,0,3,0.0,907,svd_256
user_000000_000651,11,2,0,5,0.0,907,svd_256
user_000000_000652,12,5,0,3,0.0,907,svd_256
user_000000_000653,11,3,0,4,0.0,907,svd_256
user_000000_000654,13,6,0,5,0.0,907,svd_256
user_000000_000655,10,3,0,4,0.0,907,svd_256
user_000000_000656,11,6,0,5,0.0,907,svd_256
user_000000_000657,5,0,0,5,,907,svd_256
user_000000_000658,11,5,0,3,0.0,907,svd_256
user_000000_000659,14,3,0,8,0.0,907,svd_256
user_000000_000660,10,4,0,5,0.0,907,svd_256
user_000000_000661,10,2,1,4,0.5,907,svd_256
user_000000_000662,13,10,0,3,0.0,907,svd_256
user_000000_000663,5,0,0,4,,907,svd_256
user_000000_000664,14,9,0,2,0.0,907,svd_256
user_000000_000665,15,12,0,2,0.0,907,svd_256
user_000000_000666,11,4,0,7,0.0,907,svd_256
user_000000_000667,10,4,0,4,0.0,907,svd_256
user_000000_000668,14,6,1,3,0.16666666666666666,907,svd_256
user_000000_000669,11,3,1,5,0.3333333333333333,907,svd_256
user_000000_000670,15,8,0,5,0.0,907,svd_256
user_000000_000671,10,5,0,4,0.0,907,svd_256
user_000000_000672,12,5,0,4,0.0,907,svd_256
user_000000_000673,12,8,0,2,0.0,907,svd_256
user_000000_000674,14,8,1,2,0.125,907,svd_256
user_000000_000675,14,8,0,3,0.0,907,svd_256
user_000000_000676,10,3,1,3,0.3333333333333333,907,svd_256
user_000000_000677,12,6,2,5,0.3333333333333333,907,svd_256
user_000000_000678,15,11,1,0,0.09090909090909091,907,svd_256
user_000000_000679,7,2,0,5,0.0,907,svd_256
user_000000_000680,8,2,0,4,0.0,907,svd_256
user_000000_000681,12,7,1,3,0.14285714285714285,907,svd_256
user_000000_000682,13,3,0,7,0.0,907,svd_256
user_000000_000683,12,3,0,3,0.0,907,svd_256
user_000000_000684,14,12,1,0,0.08333333333333333,907,svd_256
user_000000_000685,12,1,0,6,0.0,907,svd_256
user_000000_000686,9,1,0,6,0.0,907,svd_256
user_000000_000687,15,7,0,6,0.0,907,svd_256
user_000000_000688,10,3,0,3,0.0,907,svd_256
user_000000_000689,11,3,0,4,0.0,907,svd_256
user_000000_000690,15,9,0,6,0.0,907,svd_256
user_000000_000691,10,5,0,3,0.0,907,svd_256
user_000000_000692,13,4,1,4,0.25,907,svd_256
user_000000_000693,14,10,0,2,0.0,907,svd_256
user_000000_000694,14,9,0,2,0.0,907,svd_256
user_000000_000695,10,2,0,3,0.0,907,svd_256
user_000000_000696,7,0,0,5,,907,svd_256
user_000000_000697,14,9,0,2,0.0,907,svd_256
user_000000_000698,12,7,0,3,0.0,907,svd_256
user_000000_000699,9,1,0,4,0.0,907,svd_256
user_000000_000700,10,4,0,5,0.0,907,svd_256
user_000000_000701,13,4,0,6,0.0,907,svd_256
user_000000_000702,10,6,0,3,0.0,907,svd_256
user_000000_000703,11,7,1,4,0.14285714285714285,907,svd_256
user_000000_000704,6,2,0,4,0.0,907,svd_256
user_000000_000705,15,11,0,3,0.0,907,svd_256
user_000000_000706,8,5,0,3,0.0,907,svd_256
user_000000_000707,10,4,2,5,0.5,907,svd_256
user_000000_000708,9,1,0,6,0.0,907,svd_256
user_000000_000709,7,3,0,1,0.0,907,svd_256
user_000000_000710,13,7,0,5,0.0,907,svd_256
user_000000_000711,15,8,0,4,0.0,907,svd_256
user_000000_000712,11,3,0,6,0.0,907,svd_256
user_000000_000713,13,9,0,3,0.0,907,svd_256
user_000000_000714,11,3,0,3,0.0,907,svd_256
user_000000_000715,14,8,0,3,0.0,907,svd_256
user_000000_000716,14,7,0,2,0.0,907,svd_256
user_000000_000717,13,3,1,2,0.3333333333333333,907,svd_256
user_000000_000718,12,6,0,3,0.0,907,svd_256
user_000000_000719,12,7,1,5,0.14285714285714285,907,svd_256
user_000000_000720,8,4,0,4,0.0,907,svd_256
user_000000_000721,6,3,1,3,0.3333333333333333,907,svd_256
user_000000_000722,15,10,0,2,0.0,907,svd_256
user_000000_000723,14,7,1,1,0.14285714285714285,907,svd_256
user_000000_000724,14,3,1,4,0.3333333333333333,907,svd_256
user_000000_000725,9,4,0,4,0.0,907,svd_256
user_000000_000726,15,10,0,1,0.0,907,svd_256
user_000000_000727,15,10,1,4,0.1,907,svd_256
user_000000_000728,9,3,0,3,0.0,907,svd_256
user_000000_000729,11,8,0,2,0.0,907,svd_256
user_000000_000730,11,6,0,3,0.0,907,svd_256
user_000000_000731,14,9,1,4,0.1111111111111111,907,svd_256
user_000000_000732,15,12,1,2,0.08333333333333333,907,svd_256
user_000000_000733,11,6,0,2,0.0,907,svd_256
user_000000_000734,9,2,0,7,0.0,907,svd_256
user_000000_000735,13,7,0,5,0.0,907,svd_256
user_000000_000736,14,5,0,4,0.0,907,svd_256
user_000000_000737,14,10,2,0,0.2,907,svd_256
user_000000_000738,11,2,0,4,0.0,907,svd_256
user_000000_000739,13,9,1,1,0.1111111111111111,907,svd_256
user_000000_000740,13,7,1,3,0.14285714285714285,907,svd_256
user_000000_000741,6,0,0,5,,907,svd_256
user_000000_000742,14,8,0,4,0.0,907,svd_256
user_000000_000743,7,0,0,6,,907,svd_256
user_000000_000744,7,1,0,6,0.0,907,svd_256
user_000000_000745,11,4,1,3,0.25,907,svd_256
user_000000_000746,14,13,1,1,0.07692307692307693,907,svd_256
user_000000_000747,12,4,0,3,0.0,907,svd_256
user_000000_000748,11,4,0,4,0.0,907,svd_256
user_000000_000749,7,5,1,2,0.2,907,svd_256
user_000000_000750,14,9,0,0,0.0,907,svd_256
user_000000_000751,11,3,0,6,0.0,907,svd_256
user_000000_000752,13,1,0,5,0.0,907,svd_256
user_000000_000753,14,6,0,3,0.0,907,svd_256
user_000000_000754,8,3,0,3,0.0,907,svd_256
user_000000_000755,10,4,0,3,0.0,907,svd_256
user_000000_000756,12,4,0,1,0.0,907,svd_256
user_000000_000757,15,13,1,2,0.07692307692307693,907,svd_256
user_000000_000758,6,1,0,5,0.0,907,svd_256
user_000000_000759,13,8,0,3,0.0,907,svd_256
user_000000_000760,11,5,0,3,0.0,907,svd_256
user_000000_000761,13,6,0,3,0.0,907,svd_256
user_000000_000762,14,7,0,2,0.0,907,svd_256
user_000000_000763,13,8,1,3,0.125,907,svd_256
user_000000_000764,13,8,1,3,0.125,907,svd_256
user_000000_000765,14,4,0,6,0.0,907,svd_256
user_000000_000766,10,3,0,4,0.0,907,svd_256
user_000000_000767,11,3,0,7,0.0,907,svd_256
user_000000_000768,11,5,1,6,0.2,907,svd_256
user_000000_000769,11,7,0,3,0.0,907,svd_256
user_000000_000770,12,4,0,8,0.0,907,svd_256
user_000000_000771,14,7,0,3,0.0,907,svd_256
user_000000_000772,12,3,1,1,0.3333333333333333,907,svd_256
user_000000_000773,9,3,0,4,0.0,907,svd_256
user_000000_000774,11,9,1,2,0.1111111111111111,907,svd_256
user_000000_000775,15,9,1,2,0.1111111111111111,907,svd_256
user_000000_000776,13,9,2,1,0.2222222222222222,907,svd_256
user_000000_000777,13,10,0,3,0.0,907,svd_256
user_000000_000778,15,7,1,5,0.14285714285714285,907,svd_256
user_000000_000779,12,8,1,2,0.125,907,svd_256
user_000000_000780,12,5,0,4,0.0,907,svd_256
user_000000_000781,5,0,0,5,,907,svd_256
user_000000_000782,13,8,0,4,0.0,907,svd_256
user_000000_000783,14,3,0,3,0.0,907,svd_256
user_000000_000784,11,7,1,4,0.14285714285714285,907,svd_256
user_000000_000785,13,5,0,5,0.0,907,svd_256
user_000000_000786,14,9,1,3,0.1111111111111111,907,svd_256
user_000000_000787,9,0,0,6,,907,svd_256
user_000000_000788,13,7,0,4,0.0,907,svd_256
user_000000_000789,9,3,1,3,0.3333333333333333,907,svd_256
user_000000_000790,15,9,0,2,0.0,907,svd_256
user_000000_000791,6,2,0,4,0.0,907,svd_256
user_000000_000792,8,2,0,4,0.0,907,svd_256
user_000000_000793,12,5,0,3,0.0,907,svd_256
user_000000_000794,12,4,1,7,0.25,907,svd_256
user_000000_000795,14,9,0,1,0.0,907,svd_256
user_000000_000796,6,1,0,5,0.0,907,svd_256
user_000000_000797,11,4,0,4,0.0,907,svd_256
user_000000_000798,12,8,0,3,0.0,907,svd_256
user_000000_000799,12,4,0,5,0.0,907,svd_256
user_000000_000800,13,9,0,4,0.0,907,svd_256
user_000000_000801,12,7,0,4,0.0,907,svd_256
user_000000_000802,7,0,0,5,,907,svd_256
user_000000_000803,15,7,0,3,0.0,907,svd_256
user_000000_000804,13,7,1,4,0.14285714285714285,907,svd_256
user_000000_000805,14,10,0,2,0.0,907,svd_256
user_000000_000806,15,9,0,3,0.0,907,svd_256
user_000000_000807,11,5,0,4,0.0,907,svd_256
user_000000_000808,14,9,0,2,0.0,907,svd_256
user_000000_000809,13,9,0,4,0.0,907,svd_256
user_000000_000810,15,7,1,2,0.14285714285714285,907,svd_256
user_000000_000811,7,0,0,6,,907,svd_256
user_000000_000812,10,3,0,6,0.0,907,svd_256
user_000000_000813,6,1,0,5,0.0,907,svd_256
user_000000_000814,10,3,0,5,0.0,907,svd_256
user_000000_000815,10,6,0,3,0.0,907,svd_256
user_000000_000816,13,8,1,3,0.125,907,svd_256
user_000000_000817,13,7,1,3,0.14285714285714285,907,svd_256
user_000000_000818,9,1,0,5,0.0,907,svd_256
user_000000_000819,10,2,0,4,0.0,907,svd_256
user_000000_000820,7,2,1,4,0.5,907,svd_256
user_000000_000821,13,11,1,2,0.09090909090909091,907,svd_256
user_000000_000822,14,11,0,1,0.0,907,svd_256
user_000000_000823,11,5,0,5,0.0,907,svd_256
user_000000_000824,14,9,0,1,0.0,907,svd_256
user_000000_000825,15,9,0,3,0.0,907,svd_256
user_000000_000826,14,7,0,2,0.0,907,svd_256
user_000000_000827,9,2,0,7,0.0,907,svd_256
user_000000_000828,11,5,1,3,0.2,907,svd_256
user_000000_000829,9,2,0,5,0.0,907,svd_256
user_000000_000830,11,2,0,4,0.0,907,svd_256
user_000000_000831,8,2,0,6,0.0,907,svd_256
user_000000_000832,4,1,0,3,0.0,907,svd_256
user_000000_000833,13,5,0,4,0.0,907,svd_256
user_000000_000834,15,10,2,1,0.2,907,svd_256
user_000000_000835,14,6,0,3,0.0,907,svd_256
user_000000_000836,14,8,0,3,0.0,907,svd_256
user_000000_000837,9,1,0,8,0.0,907,svd_256
user_000000_000838,15,4,0,4,0.0,907,svd_256
user_000000_000839,14,8,0,1,0.0,907,svd_256
user_000000_000840,12,5,0,3,0.0,907,svd_256
user_000000_000841,10,7,0,2,0.0,907,svd_256
user_000000_000842,13,9,1,3,0.1111111111111111,907,svd_256
user_000000_000843,12,2,0,4,0.0,907,svd_256
user_000000_000844,12,6,1,4,0.16666666666666666,907,svd_256
user_000000_000845,12,6,0,4,0.0,907,svd_256
user_000000_000846,14,12,0,2,0.0,907,svd_256
user_000000_000847,13,10,1,3,0.1,907,svd_256
user_000000_000848,13,6,1,4,0.16666666666666666,907,svd_256
user_000000_000849,15,10,0,1,0.0,907,svd_256
user_000000_000850,7,2,1,5,0.5,907,svd_256
user_000000_000851,13,7,0,2,0.0,907,svd_256
user_000000_000852,13,8,0,3,0.0,907,svd_256
user_000000_000853,13,7,0,3,0.0,907,svd_256
user_000000_000854,13,6,0,3,0.0,907,svd_256
user_000000_000855,12,1,0,9,0.0,907,svd_256
user_000000_000856,7,0,0,5,,907,svd_256
user_000000_000857,14,6,2,4,0.3333333333333333,907,svd_256
user_000000_000858,12,7,0,2,0.0,907,svd_256
user_000000_000859,14,6,0,5,0.0,907,svd_256
user_000000_000860,15,14,2,0,0.14285714285714285,907,svd_256
user_000000_000861,15,7,1,1,0.14285714285714285,907,svd_256
user_000000_000862,14,9,0,3,0.0,907,svd_256
user_000000_000863,14,6,0,3,0.0,907,svd_256
user_000000_000864,13,8,2,3,0.25,907,svd_256
user_000000_000865,14,5,0,4,0.0,907,svd_256
user_000000_000866,14,12,1,0,0.08333333333333333,907,svd_256
user_000000_000867,10,6,0,3,0.0,907,svd_256
user_000000_000868,12,5,0,4,0.0,907,svd_256
user_000000_000869,13,3,0,5,0.0,907,svd_256
user_000000_000870,10,4,0,6,0.0,907,svd_256
user_000000_000871,15,10,1,2,0.1,907,svd_256
user_000000_000872,13,4,0,5,0.0,907,svd_256
user_000000_000873,11,4,1,4,0.25,907,svd_256
user_000000_000874,11,8,0,3,0.0,907,svd_256
user_000000_000875,11,6,0,3,0.0,907,svd_256
user_000000_000876,15,6,1,4,0.16666666666666666,907,svd_256
user_000000_000877,13,8,0,4,0.0,907,svd_256
user_000000_000878,14,10,0,2,0.0,907,svd_256
user_000000_000879,14,9,0,1,0.0,907,svd_256
user_000000_000880,14,10,0,1,0.0,907,svd_256
user_000000_000881,10,2,0,7,0.0,907,svd_256
user_000000_000882,13,8,1,5,0.125,907,svd_256
user_000000_000883,15,12,0,1,0.0,907,svd_256
user_000000_000884,14,4,1,3,0.25,907,svd_256
user_000000_000885,10,3,0,6,0.0,907,svd_256
user_000000_000886,12,3,0,0,0.0,907,svd_256
user_000000_000887,10,4,0,6,0.0,907,svd_256
user_000000_000888,10,1,0,7,0.0,907,svd_256
user_000000_000889,10,7,0,2,0.0,907,svd_256
user_000000_000890,13,5,0,5,0.0,907,svd_256
user_000000_000891,12,2,0,7,0.0,907,svd_256
user_000000_000892,10,4,0,4,0.0,907,svd_256
user_000000_000893,14,9,1,2,0.1111111111111111,907,svd_256
user_000000_000894,7,1,0,6,0.0,907,svd_256
user_000000_000895,12,8,1,2,0.125,907,svd_256
user_000000_000896,12,6,0,2,0.0,907,svd_256
user_000000_000897,12,5,0,5,0.0,907,svd_256
user_000000_000898,6,1,0,5,0.0,907,svd_256
user_000000_000899,15,7,1,1,0.14285714285714285,907,svd_256
user_000000_000900,6,3,0,3,0.0,907,svd_256
user_000000_000901,14,9,1,2,0.1111111111111111,907,svd_256
user_000000_000902,15,13,1,0,0.07692307692307693,907,svd_256
user_000000_000903,9,0,0,7,,907,svd_256
user_000000_000904,12,8,0,4,0.0,907,svd_256
user_000000_000905,15,14,0,1,0.0,907,svd_256
user_000000_000906,12,2,0,8,0.0,907,svd_256
user_000000_000907,14,5,1,5,0.2,907,svd_256
user_000000_000908,14,8,0,3,0.0,907,svd_256
user_000000_000909,12,3,0,5,0.0,907,svd_256
user_000000_000910,14,11,0,2,0.0,907,svd_256
user_000000_000911,13,7,0,3,0.0,907,svd_256
user_000000_000912,11,7,0,2,0.0,907,svd_256
user_000000_000913,12,9,0,2,0.0,907,svd_256
user_000000_000914,13,8,1,2,0.125,907,svd_256
user_000000_000915,10,4,0,5,0.0,907,svd_256
user_000000_000916,15,10,1,3,0.1,907,svd_256
user_000000_000917,10,9,1,1,0.1111111111111111,907,svd_256
user_000000_000918,14,6,1,3,0.16666666666666666,907,svd_256
user_000000_000919,12,4,0,4,0.0,907,svd_256
user_000000_000920,10,3,1,4,0.3333333333333333,907,svd_256
user_000000_000921,6,2,0,4,0.0,907,svd_256
user_000000_000922,13,6,0,5,0.0,907,svd_256
user_000000_000923,15,9,0,2,0.0,907,svd_256
user_000000_000924,11,5,0,4,0.0,907,svd_256
user_000000_000925,14,9,1,2,0.1111111111111111,907,svd_256
user_000000_000926,12,6,0,5,0.0,907,svd_256
user_000000_000927,5,0,0,5,,907,svd_256
user_000000_000928,13,4,0,6,0.0,907,svd_256
user_000000_000929,14,7,0,4,0.0,907,svd_256
user_000000_000930,13,3,0,3,0.0,907,svd_256
user_000000_000931,13,10,0,3,0.0,907,svd_256
user_000000_000932,15,8,0,0,0.0,907,svd_256
user_000000_000933,14,8,0,3,0.0,907,svd_256
user_000000_000934,14,6,1,3,0.16666666666666666,907,svd_256
user_000000_000935,11,4,0,5,0.0,907,svd_256
user_000000_000936,14,6,0,3,0.0,907,svd_256
user_000000_000937,15,10,0,1,0.0,907,svd_256
user_000000_000938,14,4,0,5,0.0,907,svd_256
user_000000_000939,10,4,0,4,0.0,907,svd_256
user_000000_000940,14,7,0,3,0.0,907,svd_256
user_000000_000941,5,0,0,5,,907,svd_256
user_000000_000942,12,6,0,4,0.0,907,svd_256
user_000000_000943,13,4,0,5,0.0,907,svd_256
user_000000_000944,15,9,0,1,0.0,907,svd_256
user_000000_000945,11,5,0,3,0.0,907,svd_256
user_000000_000946,15,9,0,2,0.0,907,svd_256
user_000000_000947,11,7,0,3,0.0,907,svd_256
user_000000_000948,13,5,0,4,0.0,907,svd_256
user_000000_000949,11,5,1,5,0.2,907,svd_256
user_000000_000950,14,8,0,3,0.0,907,svd_256
user_000000_000951,13,8,0,2,0.0,907,svd_256
user_000000_000952,13,8,1,3,0.125,907,svd_256
user_000000_000953,9,1,0,6,0.0,907,svd_256
user_000000_000954,12,5,0,4,0.0,907,svd_256
user_000000_000955,10,4,0,4,0.0,907,svd_256
user_000000_000956,13,7,0,5,0.0,907,svd_256
user_000000_000957,13,8,0,3,0.0,907,svd_256
user_000000_000958,11,2,0,6,0.0,907,svd_256
user_000000_000959,13,5,1,4,0.2,907,svd_256
user_000000_000960,12,8,0,3,0.0,907,svd_256
user_000000_000961,10,2,0,6,0.0,907,svd_256
user_000000_000962,12,3,0,7,0.0,907,svd_256
user_000000_000963,14,9,0,2,0.0,907,svd_256
user_000000_000964,15,11,0,2,0.0,907,svd_256
user_000000_000965,10,2,0,6,0.0,907,svd_256
user_000000_000966,7,1,1,6,1.0,907,svd_256
user_000000_000967,14,11,0,1,0.0,907,svd_256
user_000000_000968,11,4,1,5,0.25,907,svd_256
user_000000_000969,8,2,0,5,0.0,907,svd_256
user_000000_000970,15,11,0,2,0.0,907,svd_256
user_000000_000971,9,2,0,6,0.0,907,svd_256
user_000000_000972,14,7,0,4,0.0,907,svd_256
user_000000_000973,10,4,0,5,0.0,907,svd_256
user_000000_000974,14,6,1,6,0.16666666666666666,907,svd_256
user_000000_000975,13,10,0,3,0.0,907,svd_256
user_000000_000976,9,2,1,4,0.5,907,svd_256
user_000000_000977,12,6,1,4,0.16666666666666666,907,svd_256
user_000000_000978,12,10,0,1,0.0,907,svd_256
user_000000_000979,12,4,0,5,0.0,907,svd_256
user_000000_000980,13,3,1,6,0.3333333333333333,907,svd_256
user_000000_000981,14,7,0,3,0.0,907,svd_256
user_000000_000982,14,10,2,3,0.2,907,svd_256
user_000000_000983,12,6,0,3,0.0,907,svd_256
user_000000_000984,6,1,0,3,0.0,907,svd_256
user_000000_000985,10,3,0,4,0.0,907,svd_256
user_000000_000986,15,11,0,1,0.0,907,svd_256
user_000000_000987,14,8,1,2,0.125,907,svd_256
user_000000_000988,15,9,0,2,0.0,907,svd_256
user_000000_000989,7,1,1,5,1.0,907,svd_256
user_000000_000990,15,7,0,6,0.0,907,svd_256
user_000000_000991,14,12,0,1,0.0,907,svd_256
user_000000_000992,11,7,2,1,0.2857142857142857,907,svd_256
user_000000_000993,13,7,0,4,0.0,907,svd_256
user_000000_000994,9,6,0,2,0.0,907,svd_256
user_000000_000995,15,11,1,3,0.09090909090909091,907,svd_256
user_000000_000996,13,4,1,2,0.25,907,svd_256
user_000000_000997,11,6,0,4,0.0,907,svd_256
user_000000_000998,14,7,0,3,0.0,907,svd_256
user_000000_000999,11,7,0,4,0.0,907,svd_256
user_000000_001000,13,8,0,0,0.0,907,svd_256
user_000000_001001,13,5,1,3,0.2,907,svd_256
user_000000_001002,11,4,0,5,0.0,907,svd_256
user_000000_001003,12,3,0,4,0.0,907,svd_256
user_000000_001004,15,12,1,1,0.08333333333333333,907,svd_256
user_000000_001005,14,8,0,5,0.0,907,svd_256
user_000000_001006,15,11,1,3,0.09090909090909091,907,svd_256
user_000000_001007,11,2,0,4,0.0,907,svd_256
user_000000_001008,9,2,0,5,0.0,907,svd_256
user_000000_001009,9,6,1,3,0.16666666666666666,907,svd_256
user_000000_001010,12,7,0,3,0.0,907,svd_256
user_000000_001011,10,4,0,4,0.0,907,svd_256
user_000000_001012,9,3,0,4,0.0,907,svd_256
user_000000_001013,10,6,0,2,0.0,907,svd_256
user_000000_001014,11,3,0,5,0.0,907,svd_256
user_000000_001015,6,1,0,4,0.0,907,svd_256
user_000000_001016,8,2,0,6,0.0,907,svd_256
user_000000_001017,15,9,0,1,0.0,907,svd_256
user_000000_001018,15,5,0,4,0.0,907,svd_256
user_000000_001019,14,6,1,2,0.16666666666666666,907,svd_256
user_000000_001020,11,5,2,5,0.4,907,svd_256
user_000000_001021,14,10,1,3,0.1,907,svd_256
user_000000_001022,13,10,2,2,0.2,907,svd_256
user_000000_001023,11,4,0,1,0.0,907,svd_256
user_000000_001024,10,6,1,4,0.16666666666666666,907,svd_256
user_000000_001025,14,5,0,3,0.0,907,svd_256
user_000000_001026,13,6,0,2,0.0,907,svd_256
user_000000_001027,11,8,1,1,0.125,907,svd_256
user_000000_001028,6,1,0,5,0.0,907,svd_256
user_000000_001029,11,6,0,4,0.0,907,svd_256
user_000000_001030,13,6,0,6,0.0,907,svd_256
user_000000_001031,14,7,0,2,0.0,907,svd_256
user_000000_001032,7,1,0,5,0.0,907,svd_256
user_000000_001033,13,7,0,4,0.0,907,svd_256
user_000000_001034,13,6,1,3,0.16666666666666666,907,svd_256
user_000000_001035,6,1,0,4,0.0,907,svd_256
user_000000_001036,11,3,1,5,0.3333333333333333,907,svd_256
user_000000_001037,13,8,0,3,0.0,907,svd_256
user_000000_001038,15,10,1,2,0.1,907,svd_256
user_000000_001039,15,13,0,0,0.0,907,svd_256
user_000000_001040,12,2,1,3,0.5,907,svd_256
user_000000_001041,13,5,0,5,0.0,907,svd_256
user_000000_001042,11,0,0,4,,907,svd_256
user_000000_001043,14,8,0,2,0.0,907,svd_256
user_000000_001044,6,1,0,4,0.0,907,svd_256
user_000000_001045,7,3,0,3,0.0,907,svd_256
user_000000_001046,8,4,0,4,0.0,907,svd_256
user_000000_001047,8,1,0,6,0.0,907,svd_256
user_000000_001048,13,7,1,4,0.14285714285714285,907,svd_256
user_000000_001049,14,4,0,5,0.0,907,svd_256
user_000000_001050,13,4,0,3,0.0,907,svd_256
user_000000_001051,11,5,0,4,0.0,907,svd_256
user_000000_001052,11,8,0,2,0.0,907,svd_256
user_000000_001053,12,9,1,3,0.1111111111111111,907,svd_256
user_000000_001054,14,9,2,3,0.2222222222222222,907,svd_256
user_000000_001055,15,7,1,2,0.14285714285714285,907,svd_256
user_000000_001056,13,5,0,1,0.0,907,svd_256
user_000000_001057,14,6,0,4,0.0,907,svd_256
user_000000_001058,14,6,0,2,0.0,907,svd_256
user_000000_001059,12,8,1,1,0.125,907,svd_256
user_000000_001060,12,5,0,4,0.0,907,svd_256
user_000000_001061,15,8,0,1,0.0,907,svd_256
user_000000_001062,11,5,0,3,0.0,907,svd_256
user_000000_001063,14,10,0,0,0.0,907,svd_256
user_000000_001064,14,5,0,4,0.0,907,svd_256
user_000000_001065,11,3,0,5,0.0,907,svd_256
user_000000_001066,13,9,3,1,0.3333333333333333,907,svd_256
user_000000_001067,11,4,0,5,0.0,907,svd_256
user_000000_001068,13,8,0,4,0.0,907,svd_256
user_000000_001069,13,8,0,2,0.0,907,svd_256
user_000000_001070,14,5,0,2,0.0,907,svd_256
user_000000_001071,15,12,0,2,0.0,907,svd_256
user_000000_001072,6,3,0,3,0.0,907,svd_256
user_000000_001073,9,4,0,5,0.0,907,svd_256
user_000000_001074,13,1,0,8,0.0,907,svd_256
user_000000_001075,15,10,1,4,0.1,907,svd_256
user_000000_001076,8,1,0,5,0.0,907,svd_256
user_000000_001077,11,3,1,6,0.3333333333333333,907,svd_256
user_000000_001078,14,10,1,3,0.1,907,svd_256
user_000000_001079,7,0,0,7,,907,svd_256
user_000000_001080,15,6,0,5,0.0,907,svd_256
user_000000_001081,12,5,0,5,0.0,907,svd_256
user_000000_001082,13,7,1,3,0.14285714285714285,907,svd_256
user_000000_001083,8,2,0,5,0.0,907,svd_256
user_000000_001084,8,1,0,4,0.0,907,svd_256
user_000000_001085,14,6,0,5,0.0,907,svd_256
user_000000_001086,12,4,1,3,0.25,907,svd_256
user_000000_001087,7,0,0,6,,907,svd_256
user_000000_001088,12,2,0,5,0.0,907,svd_256
user_000000_001089,10,1,0,4,0.0,907,svd_256
user_000000_001090,14,6,1,8,0.16666666666666666,907,svd_256
user_000000_001091,11,1,0,6,0.0,907,svd_256
user_000000_001092,10,3,0,5,0.0,907,svd_256
user_000000_001093,10,6,0,3,0.0,907,svd_256
user_000000_001094,10,6,0,3,0.0,907,svd_256
user_000000_001095,13,9,0,3,0.0,907,svd_256
user_000000_001096,13,7,1,2,0.14285714285714285,907,svd_256
user_000000_001097,14,7,1,4,0.14285714285714285,907,svd_256
user_000000_001098,15,11,0,2,0.0,907,svd_256
user_000000_001099,15,6,0,5,0.0,907,svd_256
user_000000_001100,12,7,2,2,0.2857142857142857,907,svd_256
user_000000_001101,15,11,0,3,0.0,907,svd_256
user_000000_001102,11,6,1,1,0.16666666666666666,907,svd_256
user_000000_001103,10,3,0,5,0.0,907,svd_256
user_000000_001104,9,2,0,4,0.0,907,svd_256
user_000000_001105,11,6,0,3,0.0,907,svd_256
user_000000_001106,7,1,0,4,0.0,907,svd_256
user_000000_001107,11,3,1,3,0.3333333333333333,907,svd_256
user_000000_001108,15,9,0,5,0.0,907,svd_256
user_000000_001109,9,3,1,5,0.3333333333333333,907,svd_256
user_000000_001110,7,2,0,5,0.0,907,svd_256
user_000000_001111,12,6,0,4,0.0,907,svd_256
user_000000_001112,12,3,0,6,0.0,907,svd_256
user_000000_001113,12,6,0,3,0.0,907,svd_256
user_000000_001114,11,2,1,6,0.5,907,svd_256
user_000000_001115,14,7,1,4,0.14285714285714285,907,svd_256
user_000000_001116,14,8,0,3,0.0,907,svd_256
user_000000_001117,15,7,0,5,0.0,907,svd_256
user_000000_001118,12,5,0,2,0.0,907,svd_256
user_000000_001119,14,9,2,3,0.2222222222222222,907,svd_256
user_000000_001120,14,6,0,3,0.0,907,svd_256
user_000000_001121,11,1,0,3,0.0,907,svd_256
user_000000_001122,13,7,0,1,0.0,907,svd_256
user_000000_001123,12,2,0,8,0.0,907,svd_256
user_000000_001124,12,5,0,4,0.0,907,svd_256
user_000000_001125,7,1,0,4,0.0,907,svd_256
user_000000_001126,12,6,0,3,0.0,907,svd_256
user_000000_001127,9,2,0,6,0.0,907,svd_256
user_000000_001128,12,8,0,4,0.0,907,svd_256
user_000000_001129,11,3,0,4,0.0,907,svd_256
user_000000_001130,8,3,0,3,0.0,907,svd_256
user_000000_001131,13,8,0,3,0.0,907,svd_256
user_000000_001132,14,10,1,2,0.1,907,svd_256
user_000000_001133,11,2,0,5,0.0,907,svd_256
user_000000_001134,13,5,1,1,0.2,907,svd_256
user_000000_001135,10,4,0,5,0.0,907,svd_256
user_000000_001136,9,2,0,5,0.0,907,svd_256
user_000000_001137,14,7,1,3,0.14285714285714285,907,svd_256
user_000000_001138,14,6,0,6,0.0,907,svd_256
user_000000_001139,11,2,0,5,0.0,907,svd_256
user_000000_001140,12,5,1,3,0.2,907,svd_256
user_000000_001141,14,4,0,6,0.0,907,svd_256
user_000000_001142,10,5,1,2,0.2,907,svd_256
user_000000_001143,11,2,0,7,0.0,907,svd_256
user_000000_001144,12,6,0,4,0.0,907,svd_256
user_000000_001145,9,1,0,6,0.0,907,svd_256
user_000000_001146,3,1,0,2,0.0,907,svd_256
user_000000_001147,14,11,0,2,0.0,907,svd_256
user_000000_001148,12,4,0,3,0.0,907,svd_256
user_000000_001149,13,5,0,5,0.0,907,svd_256
user_000000_001150,11,6,0,2,0.0,907,svd_256
user_000000_001151,14,11,0,2,0.0,907,svd_256
user_000000_001152,12,3,0,5,0.0,907,svd_256
user_000000_001153,13,3,0,5,0.0,907,svd_256
user_000000_001154,14,12,1,0,0.08333333333333333,907,svd_256
user_000000_001155,14,12,1,1,0.08333333333333333,907,svd_256
user_000000_001156,14,11,0,2,0.0,907,svd_256
user_000000_001157,15,8,0,2,0.0,907,svd_256
user_000000_001158,10,4,1,5,0.25,907,svd_256
user_000000_001159,10,5,1,4,0.2,907,svd_256
user_000000_001160,10,4,0,3,0.0,907,svd_256
user_000000_001161,13,8,0,4,0.0,907,svd_256
user_000000_001162,12,6,0,4,0.0,907,svd_256
user_000000_001163,14,8,2,2,0.25,907,svd_256
user_000000_001164,14,8,1,1,0.125,907,svd_256
user_000000_001165,13,5,0,2,0.0,907,svd_256
user_000000_001166,13,8,0,4,0.0,907,svd_256
user_000000_001167,14,6,0,3,0.0,907,svd_256
user_000000_001168,14,12,0,1,0.0,907,svd_256
user_000000_001169,14,11,1,1,0.09090909090909091,907,svd_256
user_000000_001170,15,7,1,2,0.14285714285714285,907,svd_256
user_000000_001171,9,5,1,3,0.2,907,svd_256
user_000000_001172,13,0,0,5,,907,svd_256
user_000000_001173,14,6,0,4,0.0,907,svd_256
user_000000_001174,13,7,1,2,0.14285714285714285,907,svd_256
user_000000_001175,15,12,1,2,0.08333333333333333,907,svd_256
user_000000_001176,14,9,0,1,0.0,907,svd_256
user_000000_001177,10,5,1,3,0.2,907,svd_256
user_000000_001178,10,1,0,4,0.0,907,svd_256
user_000000_001179,14,6,0,4,0.0,907,svd_256
user_000000_001180,15,8,0,3,0.0,907,svd_256
user_000000_001181,10,6,0,2,0.0,907,svd_256
user_000000_001182,14,10,0,1,0.0,907,svd_256
user_000000_001183,11,4,0,5,0.0,907,svd_256
user_000000_001184,12,6,0,3,0.0,907,svd_256
user_000000_001185,6,1,0,4,0.0,907,svd_256
user_000000_001186,11,6,0,2,0.0,907,svd_256
user_000000_001187,15,9,0,4,0.0,907,svd_256
user_000000_001188,9,2,1,7,0.5,907,svd_256
user_000000_001189,6,1,0,5,0.0,907,svd_256
user_000000_001190,11,5,0,3,0.0,907,svd_256
user_000000_001191,12,6,0,3,0.0,907,svd_256
user_000000_001192,14,7,0,2,0.0,907,svd_256
user_000000_001193,15,6,0,5,0.0,907,svd_256
user_000000_001194,13,5,0,4,0.0,907,svd_256
user_000000_001195,15,7,1,4,0.14285714285714285,907,svd_256
user_000000_001196,15,11,1,1,0.09090909090909091,907,svd_256
user_000000_001197,10,1,0,6,0.0,907,svd_256
user_000000_001198,8,2,0,4,0.0,907,svd_256
user_000000_001199,12,6,1,5,0.16666666666666666,907,svd_256
user_000000_001200,12,5,0,5,0.0,907,svd_256
user_000000_001201,9,5,1,2,0.2,907,svd_256
user_000000_001202,15,6,0,4,0.0,907,svd_256
user_000000_001203,14,12,0,1,0.0,907,svd_256
user_000000_001204,14,4,0,5,0.0,907,svd_256
user_000000_001205,7,1,0,4,0.0,907,svd_256
user_000000_001206,13,8,0,2,0.0,907,svd_256
user_000000_001207,10,1,0,7,0.0,907,svd_256
user_000000_001208,14,5,0,6,0.0,907,svd_256
user_000000_001209,13,8,1,3,0.125,907,svd_256
user_000000_001210,15,7,0,4,0.0,907,svd_256
user_000000_001211,14,8,0,5,0.0,907,svd_256
user_000000_001212,11,5,0,2,0.0,907,svd_256
user_000000_001213,14,9,0,2,0.0,907,svd_256
user_000000_001214,13,6,0,3,0.0,907,svd_256
user_000000_001215,10,4,0,5,0.0,907,svd_256
user_000000_001216,15,14,0,1,0.0,907,svd_256
user_000000_001217,13,6,0,4,0.0,907,svd_256
user_000000_001218,12,7,0,1,0.0,907,svd_256
user_000000_001219,15,5,2,4,0.4,907,svd_256
user_000000_001220,7,3,1,4,0.3333333333333333,907,svd_256
user_000000_001221,11,6,0,3,0.0,907,svd_256
user_000000_001222,14,8,1,3,0.125,907,svd_256
user_000000_001223,14,7,1,4,0.14285714285714285,907,svd_256
user_000000_001224,13,5,0,4,0.0,907,svd_256
user_000000_001225,10,3,0,3,0.0,907,svd_256
user_000000_001226,13,8,0,4,0.0,907,svd_256
user_000000_001227,11,5,1,4,0.2,907,svd_256
user_000000_001228,13,6,1,3,0.16666666666666666,907,svd_256
user_000000_001229,9,4,0,4,0.0,907,svd_256
user_000000_001230,15,12,1,3,0.08333333333333333,907,svd_256
user_000000_001231,11,4,0,6,0.0,907,svd_256
user_000000_001232,8,1,1,5,1.0,907,svd_256
user_000000_001233,11,5,0,4,0.0,907,svd_256
user_000000_001234,13,9,0,3,0.0,907,svd_256
user_000000_001235,13,4,0,3,0.0,907,svd_256
user_000000_001236,13,6,0,2,0.0,907,svd_256
user_000000_001237,13,5,0,3,0.0,907,svd_256
user_000000_001238,11,3,0,5,0.0,907,svd_256
user_000000_001239,13,4,0,2,0.0,907,svd_256
user_000000_001240,15,10,0,1,0.0,907,svd_256
user_000000_001241,13,3,0,6,0.0,907,svd_256
user_000000_001242,11,6,0,3,0.0,907,svd_256
user_000000_001243,14,11,2,1,0.18181818181818182,907,svd_256
user_000000_001244,8,2,0,4,0.0,907,svd_256
user_000000_001245,8,3,0,3,0.0,907,svd_256
user_000000_001246,13,8,0,2,0.0,907,svd_256
user_000000_001247,12,5,1,2,0.2,907,svd_256
user_000000_001248,14,9,0,4,0.0,907,svd_256
user_000000_001249,12,9,0,2,0.0,907,svd_256
user_000000_001250,12,4,1,4,0.25,907,svd_256
user_000000_001251,14,6,0,2,0.0,907,svd_256
user_000000_001252,15,10,0,3,0.0,907,svd_256
user_000000_001253,14,10,1,2,0.1,907,svd_256
user_000000_001254,13,8,0,1,0.0,907,svd_256
user_000000_001255,10,3,0,3,0.0,907,svd_256
user_000000_001256,13,2,0,6,0.0,907,svd_256
user_000000_001257,6,0,0,5,,907,svd_256
user_000000_001258,9,0,0,5,,907,svd_256
user_000000_001259,12,4,0,4,0.0,907,svd_256
user_000000_001260,5,1,0,3,0.0,907,svd_256
user_000000_001261,11,1,0,8,0.0,907,svd_256
user_000000_001262,14,8,0,5,0.0,907,svd_256
user_000000_001263,12,7,1,5,0.14285714285714285,907,svd_256
user_000000_001264,11,4,0,2,0.0,907,svd_256
user_000000_001265,12,7,0,4,0.0,907,svd_256
user_000000_001266,12,4,0,5,0.0,907,svd_256
user_000000_001267,10,2,0,8,0.0,907,svd_256
user_000000_001268,13,3,1,6,0.3333333333333333,907,svd_256
user_000000_001269,7,2,0,2,0.0,907,svd_256
user_000000_001270,7,2,0,5,0.0,907,svd_256
user_000000_001271,15,8,1,4,0.125,907,svd_256
user_000000_001272,12,5,0,6,0.0,907,svd_256
user_000000_001273,14,8,0,4,0.0,907,svd_256
user_000000_001274,11,3,0,6,0.0,907,svd_256
user_000000_001275,12,7,0,4,0.0,907,svd_256
user_000000_001276,15,8,0,3,0.0,907,svd_256
user_000000_001277,9,2,0,6,0.0,907,svd_256
user_000000_001278,12,8,0,2,0.0,907,svd_256
user_000000_001279,1,0,0,1,,907,svd_256
user_000000_001280,15,10,0,3,0.0,907,svd_256
user_000000_001281,12,6,0,2,0.0,907,svd_256
user_000000_001282,12,7,0,4,0.0,907,svd_256
user_000000_001283,7,0,0,4,,907,svd_256
user_000000_001284,15,9,0,2,0.0,907,svd_256
user_000000_001285,11,5,1,6,0.2,907,svd_256
user_000000_001286,13,4,1,5,0.25,907,svd_256
user_000000_001287,15,10,0,2,0.0,907,svd_256
user_000000_001288,14,9,0,1,0.0,907,svd_256
user_000000_001289,12,9,0,1,0.0,907,svd_256
user_000000_001290,13,11,0,2,0.0,907,svd_256
user_000000_001291,13,5,0,3,0.0,907,svd_256
user_000000_001292,9,6,0,2,0.0,907,svd_256
user_000000_001293,11,3,1,3,0.3333333333333333,907,svd_256
user_000000_001294,10,5,0,4,0.0,907,svd_256
user_000000_001295,12,4,0,4,0.0,907,svd_256
user_000000_001296,10,6,1,3,0.16666666666666666,907,svd_256
user_000000_001297,13,9,2,3,0.2222222222222222,907,svd_256
user_000000_001298,7,2,0,3,0.0,907,svd_256
user_000000_001299,13,8,0,1,0.0,907,svd_256
user_000000_001300,13,4,0,4,0.0,907,svd_256
user_000000_001301,12,8,0,2,0.0,907,svd_256
user_000000_001302,11,3,0,5,0.0,907,svd_256
user_000000_001303,15,13,0,2,0.0,907,svd_256
user_000000_001304,13,5,0,6,0.0,907,svd_256
user_000000_001305,4,0,0,4,,907,svd_256
user_000000_001306,8,2,0,3,0.0,907,svd_256
user_000000_001307,14,7,0,5,0.0,907,svd_256
user_000000_001308,11,6,0,4,0.0,907,svd_256
user_000000_001309,15,10,2,2,0.2,907,svd_256
user_000000_001310,12,9,1,3,0.1111111111111111,907,svd_256
user_000000_001311,8,3,0,5,0.0,907,svd_256
user_000000_001312,15,11,1,1,0.09090909090909091,907,svd_256
user_000000_001313,15,12,0,0,0.0,907,svd_256
user_000000_001314,11,5,0,5,0.0,907,svd_256
user_000000_001315,14,8,2,2,0.25,907,svd_256
user_000000_001316,5,0,0,5,,907,svd_256
user_000000_001317,14,9,2,1,0.2222222222222222,907,svd_256
user_000000_001318,13,6,0,5,0.0,907,svd_256
user_000000_001319,10,3,0,5,0.0,907,svd_256
user_000000_001320,11,5,0,1,0.0,907,svd_256
user_000000_001321,12,5,0,5,0.0,907,svd_256
user_000000_001322,13,7,1,2,0.14285714285714285,907,svd_256
user_000000_001323,10,4,0,4,0.0,907,svd_256
user_000000_001324,13,10,0,2,0.0,907,svd_256
user_000000_001325,7,2,0,5,0.0,907,svd_256
user_000000_001326,11,4,0,5,0.0,907,svd_256
user_000000_001327,14,5,0,5,0.0,907,svd_256
user_000000_001328,7,3,0,2,0.0,907,svd_256
user_000000_001329,13,8,0,1,0.0,907,svd_256
user_000000_001330,7,1,0,6,0.0,907,svd_256
user_000000_001331,9,3,1,6,0.3333333333333333,907,svd_256
user_000000_001332,10,5,1,5,0.2,907,svd_256
user_000000_001333,14,6,0,3,0.0,907,svd_256
user_000000_001334,8,3,0,5,0.0,907,svd_256
user_000000_001335,13,10,1,3,0.1,907,svd_256
user_000000_001336,11,5,1,4,0.2,907,svd_256
user_000000_001337,15,9,1,1,0.1111111111111111,907,svd_256
user_000000_001338,11,3,0,4,0.0,907,svd_256
user_000000_001339,8,3,0,5,0.0,907,svd_256
user_000000_001340,7,2,0,4,0.0,907,svd_256
user_000000_001341,4,0,0,4,,907,svd_256
user_000000_001342,14,6,1,2,0.16666666666666666,907,svd_256
user_000000_001343,10,3,1,5,0.3333333333333333,907,svd_256
user_000000_001344,10,1,0,5,0.0,907,svd_256
user_000000_001345,14,8,0,2,0.0,907,svd_256
user_000000_001346,13,7,0,4,0.0,907,svd_256
user_000000_001347,9,3,0,5,0.0,907,svd_256
user_000000_001348,11,2,0,2,0.0,907,svd_256
user_000000_001349,12,4,0,3,0.0,907,svd_256
user_000000_001350,11,6,0,4,0.0,907,svd_256
user_000000_001351,10,4,0,4,0.0,907,svd_256
user_000000_001352,12,5,0,3,0.0,907,svd_256
user_000000_001353,14,8,1,3,0.125,907,svd_256
user_000000_001354,13,6,0,4,0.0,907,svd_256
user_000000_001355,12,6,0,3,0.0,907,svd_256
user_000000_001356,14,10,2,3,0.2,907,svd_256
user_000000_001357,15,10,0,3,0.0,907,svd_256
user_000000_001358,11,4,0,4,0.0,907,svd_256
user_000000_001359,12,3,0,7,0.0,907,svd_256
user_000000_001360,10,4,0,5,0.0,907,svd_256
user_000000_001361,14,8,2,2,0.25,907,svd_256
user_000000_001362,14,7,0,2,0.0,907,svd_256
user_000000_001363,13,6,0,4,0.0,907,svd_256
user_000000_001364,13,9,2,2,0.2222222222222222,907,svd_256
user_000000_001365,15,10,0,1,0.0,907,svd_256
user_000000_001366,11,6,0,4,0.0,907,svd_256
user_000000_001367,14,7,0,4,0.0,907,svd_256
user_000000_001368,13,10,1,1,0.1,907,svd_256
user_000000_001369,14,7,0,4,0.0,907,svd_256
user_000000_001370,10,6,0,3,0.0,907,svd_256
user_000000_001371,12,10,1,1,0.1,907,svd_256
user_000000_001372,15,8,0,3,0.0,907,svd_256
user_000000_001373,13,2,0,5,0.0,907,svd_256
user_000000_001374,8,2,0,3,0.0,907,svd_256
user_000000_001375,12,5,0,3,0.0,907,svd_256
user_000000_001376,3,1,0,2,0.0,907,svd_256
user_000000_001377,7,4,0,2,0.0,907,svd_256
user_000000_001378,13,11,0,1,0.0,907,svd_256
user_000000_001379,6,1,1,4,1.0,907,svd_256
user_000000_001380,11,5,2,1,0.4,907,svd_256
user_000000_001381,14,8,1,3,0.125,907,svd_256
user_000000_001382,14,5,0,6,0.0,907,svd_256
user_000000_001383,9,3,0,5,0.0,907,svd_256
user_000000_001384,13,5,0,4,0.0,907,svd_256
user_000000_001385,11,8,1,2,0.125,907,svd_256
user_000000_001386,14,6,1,3,0.16666666666666666,907,svd_256
user_000000_001387,14,10,0,2,0.0,907,svd_256
user_000000_001388,15,10,1,2,0.1,907,svd_256
user_000000_001389,12,6,1,2,0.16666666666666666,907,svd_256
user_000000_001390,13,11,0,2,0.0,907,svd_256
user_000000_001391,12,8,1,1,0.125,907,svd_256
user_000000_001392,9,2,0,7,0.0,907,svd_256
user_000000_001393,14,11,0,2,0.0,907,svd_256
user_000000_001394,14,6,0,4,0.0,907,svd_256
user_000000_001395,11,6,0,4,0.0,907,svd_256
user_000000_001396,10,1,0,6,0.0,907,svd_256
user_000000_001397,10,5,1,2,0.2,907,svd_256
user_000000_001398,11,6,0,4,0.0,907,svd_256
user_000000_001399,12,0,0,6,,907,svd_256
user_000000_001400,10,5,1,3,0.2,907,svd_256
user_000000_001401,12,4,0,7,0.0,907,svd_256
user_000000_001402,9,1,0,5,0.0,907,svd_256
user_000000_001403,5,2,0,3,0.0,907,svd_256
user_000000_001404,14,9,0,2,0.0,907,svd_256
user_000000_001405,11,5,0,4,0.0,907,svd_256
user_000000_001406,15,7,1,3,0.14285714285714285,907,svd_256
user_000000_001407,12,8,1,2,0.125,907,svd_256
user_000000_001408,9,6,0,2,0.0,907,svd_256
user_000000_001409,11,4,1,5,0.25,907,svd_256
user_000000_001410,11,3,1,1,0.3333333333333333,907,svd_256
user_000000_001411,6,1,0,5,0.0,907,svd_256
user_000000_001412,13,8,0,2,0.0,907,svd_256
user_000000_001413,12,6,0,3,0.0,907,svd_256
user_000000_001414,12,6,0,3,0.0,907,svd_256
user_000000_001415,15,9,0,0,0.0,907,svd_256
user_000000_001416,12,7,1,3,0.14285714285714285,907,svd_256
user_000000_001417,14,5,1,3,0.2,907,svd_256
user_000000_001418,9,3,0,6,0.0,907,svd_256
user_000000_001419,14,7,0,4,0.0,907,svd_256
user_000000_001420,10,4,0,4,0.0,907,svd_256
user_000000_001421,15,12,1,3,0.08333333333333333,907,svd_256
user_000000_001422,10,5,0,5,0.0,907,svd_256
user_000000_001423,15,10,0,3,0.0,907,svd_256
user_000000_001424,10,2,1,5,0.5,907,svd_256
user_000000_001425,13,5,0,5,0.0,907,svd_256
user_000000_001426,13,5,0,3,0.0,907,svd_256
user_000000_001427,8,1,0,5,0.0,907,svd_256
user_000000_001428,14,3,0,5,0.0,907,svd_256
user_000000_001429,15,12,0,1,0.0,907,svd_256
user_000000_001430,15,8,1,3,0.125,907,svd_256
user_000000_001431,15,10,0,3,0.0,907,svd_256
user_000000_001432,10,6,1,3,0.16666666666666666,907,svd_256
user_000000_001433,15,11,0,2,0.0,907,svd_256
user_000000_001434,9,3,0,5,0.0,907,svd_256
user_000000_001435,14,5,0,3,0.0,907,svd_256
user_000000_001436,15,9,0,4,0.0,907,svd_256
user_000000_001437,12,4,0,7,0.0,907,svd_256
user_000000_001438,12,6,0,4,0.0,907,svd_256
user_000000_001439,11,8,2,1,0.25,907,svd_256
user_000000_001440,12,5,0,4,0.0,907,svd_256
user_000000_001441,11,3,0,6,0.0,907,svd_256
user_000000_001442,11,4,0,5,0.0,907,svd_256
user_000000_001443,15,10,0,2,0.0,907,svd_256
user_000000_001444,12,5,0,6,0.0,907,svd_256
user_000000_001445,13,5,0,7,0.0,907,svd_256
user_000000_001446,12,10,0,1,0.0,907,svd_256
user_000000_001447,15,7,0,2,0.0,907,svd_256
user_000000_001448,14,8,0,4,0.0,907,svd_256
user_000000_001449,13,7,0,3,0.0,907,svd_256
user_000000_001450,7,5,1,2,0.2,907,svd_256
user_000000_001451,15,8,0,2,0.0,907,svd_256
user_000000_001452,15,11,1,2,0.09090909090909091,907,svd_256
user_000000_001453,7,1,0,6,0.0,907,svd_256
user_000000_001454,15,11,0,1,0.0,907,svd_256
user_000000_001455,12,8,0,2,0.0,907,svd_256
user_000000_001456,14,6,0,1,0.0,907,svd_256
user_000000_001457,12,4,0,6,0.0,907,svd_256
user_000000_001458,7,4,0,3,0.0,907,svd_256
user_000000_001459,9,3,1,3,0.3333333333333333,907,svd_256
user_000000_001460,12,4,0,3,0.0,907,svd_256
user_000000_001461,15,10,1,3,0.1,907,svd_256
user_000000_001462,12,4,0,3,0.0,907,svd_256
user_000000_001463,12,5,0,5,0.0,907,svd_256
user_000000_001464,12,5,0,5,0.0,907,svd_256
user_000000_001465,6,2,0,4,0.0,907,svd_256
user_000000_001466,13,6,0,5,0.0,907,svd_256
user_000000_001467,15,13,2,1,0.15384615384615385,907,svd_256
user_000000_001468,14,4,0,3,0.0,907,svd_256
user_000000_001469,14,9,1,3,0.1111111111111111,907,svd_256
user_000000_001470,14,8,0,1,0.0,907,svd_256
user_000000_001471,11,3,0,7,0.0,907,svd_256
user_000000_001472,11,3,0,5,0.0,907,svd_256
user_000000_001473,10,2,0,3,0.0,907,svd_256
user_000000_001474,12,2,0,5,0.0,907,svd_256
user_000000_001475,13,3,1,6,0.3333333333333333,907,svd_256
user_000000_001476,12,6,1,3,0.16666666666666666,907,svd_256
user_000000_001477,12,5,0,2,0.0,907,svd_256
user_000000_001478,15,10,0,2,0.0,907,svd_256
user_000000_001479,9,6,0,3,0.0,907,svd_256
user_000000_001480,14,8,1,3,0.125,907,svd_256
user_000000_001481,9,2,0,4,0.0,907,svd_256
user_000000_001482,8,5,1,2,0.2,907,svd_256
user_000000_001483,10,5,0,4,0.0,907,svd_256
user_000000_001484,15,10,2,3,0.2,907,svd_256
user_000000_001485,13,5,0,7,0.0,907,svd_256
user_000000_001486,14,9,2,1,0.2222222222222222,907,svd_256
user_000000_001487,11,1,0,7,0.0,907,svd_256
user_000000_001488,13,5,0,4,0.0,907,svd_256
user_000000_001489,12,6,0,3,0.0,907,svd_256
user_000000_001490,7,5,1,2,0.2,907,svd_256
user_000000_001491,9,4,0,4,0.0,907,svd_256
user_000000_001492,10,2,0,4,0.0,907,svd_256
user_000000_001493,12,6,0,3,0.0,907,svd_256
user_000000_001494,13,7,1,1,0.14285714285714285,907,svd_256
user_000000_001495,14,6,0,5,0.0,907,svd_256
user_000000_001496,15,10,0,1,0.0,907,svd_256
user_000000_001497,13,7,0,2,0.0,907,svd_256
user_000000_001498,4,1,0,2,0.0,907,svd_256
user_000000_001499,9,4,1,5,0.25,907,svd_256
user_000000_001500,13,6,1,3,0.16666666666666666,907,svd_256
user_000000_001501,7,1,0,6,0.0,907,svd_256
user_000000_001502,13,8,1,4,0.125,907,svd_256
user_000000_001503,7,1,0,6,0.0,907,svd_256
user_000000_001504,13,8,0,3,0.0,907,svd_256
user_000000_001505,12,6,0,3,0.0,907,svd_256
user_000000_001506,10,6,1,4,0.16666666666666666,907,svd_256
user_000000_001507,12,5,1,4,0.2,907,svd_256
user_000000_001508,12,9,1,2,0.1111111111111111,907,svd_256
user_000000_001509,8,1,0,5,0.0,907,svd_256
user_000000_001510,12,7,0,5,0.0,907,svd_256
user_000000_001511,14,6,1,3,0.16666666666666666,907,svd_256
user_000000_001512,13,8,1,2,0.125,907,svd_256
user_000000_001513,14,7,0,2,0.0,907,svd_256
user_000000_001514,14,8,0,3,0.0,907,svd_256
user_000000_001515,13,7,0,2,0.0,907,svd_256
user_000000_001516,12,4,0,5,0.0,907,svd_256
user_000000_001517,14,7,1,1,0.14285714285714285,907,svd_256
user_000000_001518,13,8,0,2,0.0,907,svd_256
user_000000_001519,14,9,0,2,0.0,907,svd_256
user_000000_001520,11,4,1,6,0.25,907,svd_256
user_000000_001521,14,6,1,4,0.16666666666666666,907,svd_256
user_000000_001522,12,5,0,4,0.0,907,svd_256
user_000000_001523,4,0,0,4,,907,svd_256
user_000000_001524,6,0,0,6,,907,svd_256
user_000000_001525,5,0,0,5,,907,svd_256
user_000000_001526,14,5,0,3,0.0,907,svd_256
user_000000_001527,8,2,0,5,0.0,907,svd_256
user_000000_001528,14,7,1,0,0.14285714285714285,907,svd_256
user_000000_001529,14,8,0,5,0.0,907,svd_256
user_000000_001530,11,4,1,3,0.25,907,svd_256
user_000000_001531,15,10,0,2,0.0,907,svd_256
user_000000_001532,11,7,0,3,0.0,907,svd_256
user_000000_001533,13,11,2,1,0.18181818181818182,907,svd_256
user_000000_001534,7,1,0,4,0.0,907,svd_256
user_000000_001535,15,10,0,3,0.0,907,svd_256
user_000000_001536,9,2,0,6,0.0,907,svd_256
user_000000_001537,5,0,0,5,,907,svd_256
user_000000_001538,8,3,0,5,0.0,907,svd_256
user_000000_001539,13,4,0,4,0.0,907,svd_256
user_000000_001540,11,7,0,4,0.0,907,svd_256
user_000000_001541,12,4,0,6,0.0,907,svd_256
user_000000_001542,13,3,0,5,0.0,907,svd_256
user_000000_001543,8,1,0,6,0.0,907,svd_256
user_000000_001544,13,8,1,3,0.125,907,svd_256
user_000000_001545,8,0,0,8,,907,svd_256
user_000000_001546,14,5,0,4,0.0,907,svd_256
user_000000_001547,6,0,0,6,,907,svd_256
user_000000_001548,9,5,1,3,0.2,907,svd_256
user_000000_001549,5,0,0,5,,907,svd_256
user_000000_001550,8,3,0,4,0.0,907,svd_256
user_000000_001551,15,3,0,8,0.0,907,svd_256
user_000000_001552,14,9,0,2,0.0,907,svd_256
user_000000_001553,8,0,0,5,,907,svd_256
user_000000_001554,10,4,0,3,0.0,907,svd_256
user_000000_001555,9,4,1,5,0.25,907,svd_256
user_000000_001556,13,6,1,3,0.16666666666666666,907,svd_256
user_000000_001557,6,3,1,3,0.3333333333333333,907,svd_256
user_000000_001558,15,11,1,2,0.09090909090909091,907,svd_256
user_000000_001559,12,5,2,2,0.4,907,svd_256
user_000000_001560,10,5,1,5,0.2,907,svd_256
user_000000_001561,8,3,1,4,0.3333333333333333,907,svd_256
user_000000_001562,14,8,1,3,0.125,907,svd_256
user_000000_001563,14,9,0,2,0.0,907,svd_256
user_000000_001564,13,7,0,4,0.0,907,svd_256
user_000000_001565,11,5,0,4,0.0,907,svd_256
user_000000_001566,14,8,0,3,0.0,907,svd_256
user_000000_001567,13,6,1,4,0.16666666666666666,907,svd_256
user_000000_001568,13,8,0,2,0.0,907,svd_256
user_000000_001569,11,4,0,5,0.0,907,svd_256
user_000000_001570,14,10,0,1,0.0,907,svd_256
user_000000_001571,10,4,0,4,0.0,907,svd_256
user_000000_001572,14,6,0,5,0.0,907,svd_256
user_000000_001573,9,3,0,5,0.0,907,svd_256
user_000000_001574,13,7,0,4,0.0,907,svd_256
user_000000_001575,10,4,0,3,0.0,907,svd_256
user_000000_001576,5,1,0,4,0.0,907,svd_256
user_000000_001577,10,5,0,4,0.0,907,svd_256
user_000000_001578,13,9,0,2,0.0,907,svd_256
user_000000_001579,12,10,1,2,0.1,907,svd_256
user_000000_001580,13,6,1,5,0.16666666666666666,907,svd_256
user_000000_001581,11,3,0,7,0.0,907,svd_256
user_000000_001582,11,4,1,3,0.25,907,svd_256
user_000000_001583,10,3,0,5,0.0,907,svd_256
user_000000_001584,5,1,0,3,0.0,907,svd_256
user_000000_001585,12,8,1,4,0.125,907,svd_256
user_000000_001586,5,1,0,4,0.0,907,svd_256
user_000000_001587,13,6,1,4,0.16666666666666666,907,svd_256
user_000000_001588,15,8,0,2,0.0,907,svd_256
user_000000_001589,9,2,0,6,0.0,907,svd_256
user_000000_001590,13,2,0,5,0.0,907,svd_256
user_000000_001591,13,6,1,3,0.16666666666666666,907,svd_256
user_000000_001592,6,0,0,6,,907,svd_256
user_000000_001593,10,1,0,4,0.0,907,svd_256
user_000000_001594,10,3,0,7,0.0,907,svd_256
user_000000_001595,13,8,0,3,0.0,907,svd_256
user_000000_001596,12,4,2,5,0.5,907,svd_256
user_000000_001597,11,5,0,6,0.0,907,svd_256
user_000000_001598,14,6,0,4,0.0,907,svd_256
user_000000_001599,14,8,1,1,0.125,907,svd_256
user_000000_001600,11,4,0,6,0.0,907,svd_256
user_000000_001601,12,7,0,2,0.0,907,svd_256
user_000000_001602,12,5,0,4,0.0,907,svd_256
user_000000_001603,13,5,0,5,0.0,907,svd_256
user_000000_001604,15,7,0,3,0.0,907,svd_256
user_000000_001605,15,9,0,3,0.0,907,svd_256
user_000000_001606,13,9,0,3,0.0,907,svd_256
user_000000_001607,12,7,2,2,0.2857142857142857,907,svd_256
user_000000_001608,13,2,0,6,0.0,907,svd_256
user_000000_001609,10,4,0,3,0.0,907,svd_256
user_000000_001610,12,10,1,2,0.1,907,svd_256
user_000000_001611,13,10,0,2,0.0,907,svd_256
user_000000_001612,8,4,1,4,0.25,907,svd_256
user_000000_001613,4,0,0,4,,907,svd_256
user_000000_001614,13,7,0,5,0.0,907,svd_256
user_000000_001615,10,1,0,1,0.0,907,svd_256
user_000000_001616,10,2,0,6,0.0,907,svd_256
user_000000_001617,14,4,0,3,0.0,907,svd_256
user_000000_001618,14,4,0,4,0.0,907,svd_256
user_000000_001619,13,10,2,3,0.2,907,svd_256
user_000000_001620,11,8,1,1,0.125,907,svd_256
user_000000_001621,11,6,0,3,0.0,907,svd_256
user_000000_001622,12,5,0,4,0.0,907,svd_256
user_000000_001623,15,6,2,2,0.3333333333333333,907,svd_256
user_000000_001624,14,12,2,1,0.16666666666666666,907,svd_256
user_000000_001625,15,6,0,2,0.0,907,svd_256
user_000000_001626,10,5,0,4,0.0,907,svd_256
user_000000_001627,13,5,0,5,0.0,907,svd_256
user_000000_001628,10,3,1,4,0.3333333333333333,907,svd_256
user_000000_001629,12,4,0,5,0.0,907,svd_256
user_000000_001630,13,8,0,3,0.0,907,svd_256
user_000000_001631,13,3,0,6,0.0,907,svd_256
user_000000_001632,7,2,0,5,0.0,907,svd_256
user_000000_001633,14,4,0,6,0.0,907,svd_256
user_000000_001634,14,7,0,3,0.0,907,svd_256
user_000000_001635,10,3,1,4,0.3333333333333333,907,svd_256
user_000000_001636,11,3,0,5,0.0,907,svd_256
user_000000_001637,14,10,0,2,0.0,907,svd_256
user_000000_001638,14,6,0,3,0.0,907,svd_256
user_000000_001639,14,10,0,3,0.0,907,svd_256
user_000000_001640,7,0,0,6,,907,svd_256
user_000000_001641,12,3,0,2,0.0,907,svd_256
user_000000_001642,12,1,0,6,0.0,907,svd_256
user_000000_001643,14,10,1,3,0.1,907,svd_256
user_000000_001644,12,3,1,4,0.3333333333333333,907,svd_256
user_000000_001645,7,2,0,3,0.0,907,svd_256
user_000000_001646,10,1,0,4,0.0,907,svd_256
user_000000_001647,14,10,0,2,0.0,907,svd_256
user_000000_001648,13,5,1,4,0.2,907,svd_256
user_000000_001649,12,6,1,3,0.16666666666666666,907,svd_256
user_000000_001650,9,3,1,4,0.3333333333333333,907,svd_256
user_000000_001651,13,7,1,4,0.14285714285714285,907,svd_256
user_000000_001652,13,9,1,1,0.1111111111111111,907,svd_256
user_000000_001653,6,3,0,3,0.0,907,svd_256
user_000000_001654,14,5,0,0,0.0,907,svd_256
user_000000_001655,10,1,0,4,0.0,907,svd_256
user_000000_001656,13,6,0,3,0.0,907,svd_256
user_000000_001657,15,10,0,4,0.0,907,svd_256
user_000000_001658,10,7,0,1,0.0,907,svd_256
user_000000_001659,8,4,0,4,0.0,907,svd_256
user_000000_001660,7,1,0,6,0.0,907,svd_256
user_000000_001661,7,1,1,6,1.0,907,svd_256
user_000000_001662,12,6,0,4,0.0,907,svd_256
user_000000_001663,12,4,0,6,0.0,907,svd_256
user_000000_001664,9,4,0,4,0.0,907,svd_256
user_000000_001665,14,7,0,4,0.0,907,svd_256
user_000000_001666,12,2,0,4,0.0,907,svd_256
user_000000_001667,15,10,0,4,0.0,907,svd_256
user_000000_001668,13,5,0,5,0.0,907,svd_256
user_000000_001669,13,7,0,3,0.0,907,svd_256
user_000000_001670,8,3,1,5,0.3333333333333333,907,svd_256
user_000000_001671,13,6,0,3,0.0,907,svd_256
user_000000_001672,6,2,1,3,0.5,907,svd_256
user_000000_001673,8,3,0,5,0.0,907,svd_256
user_000000_001674,12,7,1,3,0.14285714285714285,907,svd_256
user_000000_001675,13,6,0,2,0.0,907,svd_256
user_000000_001676,12,7,0,3,0.0,907,svd_256
user_000000_001677,12,5,0,6,0.0,907,svd_256
user_000000_001678,11,6,0,4,0.0,907,svd_256
user_000000_001679,12,2,0,3,0.0,907,svd_256
user_000000_001680,14,8,0,2,0.0,907,svd_256
user_000000_001681,13,8,0,2,0.0,907,svd_256
user_000000_001682,12,4,0,4,0.0,907,svd_256
user_000000_001683,15,11,0,2,0.0,907,svd_256
user_000000_001684,14,4,0,5,0.0,907,svd_256
user_000000_001685,12,6,1,5,0.16666666666666666,907,svd_256
user_000000_001686,8,2,0,5,0.0,907,svd_256
user_000000_001687,14,10,1,2,0.1,907,svd_256
user_000000_001688,12,5,0,4,0.0,907,svd_256
user_000000_001689,13,9,0,3,0.0,907,svd_256
user_000000_001690,15,7,1,4,0.14285714285714285,907,svd_256
user_000000_001691,10,3,0,5,0.0,907,svd_256
user_000000_001692,15,11,0,3,0.0,907,svd_256
user_000000_001693,12,3,0,6,0.0,907,svd_256
user_000000_001694,12,6,0,3,0.0,907,svd_256
user_000000_001695,14,8,1,5,0.125,907,svd_256
user_000000_001696,15,9,1,5,0.1111111111111111,907,svd_256
user_000000_001697,14,8,0,5,0.0,907,svd_256
user_000000_001698,12,6,1,5,0.16666666666666666,907,svd_256
user_000000_001699,15,4,0,6,0.0,907,svd_256
user_000000_001700,11,2,0,7,0.0,907,svd_256
user_000000_001701,13,7,0,3,0.0,907,svd_256
user_000000_001702,5,1,0,4,0.0,907,svd_256
user_000000_001703,11,7,0,3,0.0,907,svd_256
user_000000_001704,10,4,1,5,0.25,907,svd_256
user_000000_001705,14,10,0,3,0.0,907,svd_256
user_000000_001706,11,3,0,3,0.0,907,svd_256
user_000000_001707,8,0,0,7,,907,svd_256
user_000000_001708,14,9,0,2,0.0,907,svd_256
user_000000_001709,6,0,0,6,,907,svd_256
user_000000_001710,13,5,0,2,0.0,907,svd_256
user_000000_001711,12,5,0,6,0.0,907,svd_256
user_000000_001712,10,3,1,5,0.3333333333333333,907,svd_256
user_000000_001713,14,7,1,3,0.14285714285714285,907,svd_256
user_000000_001714,10,3,0,5,0.0,907,svd_256
user_000000_001715,12,9,0,2,0.0,907,svd_256
user_000000_001716,11,4,0,5,0.0,907,svd_256
user_000000_001717,12,10,0,1,0.0,907,svd_256
user_000000_001718,6,1,0,5,0.0,907,svd_256
user_000000_001719,13,10,1,2,0.1,907,svd_256
user_000000_001720,9,2,0,7,0.0,907,svd_256
user_000000_001721,13,4,1,8,0.25,907,svd_256
user_000000_001722,14,6,0,5,0.0,907,svd_256
user_000000_001723,9,2,0,5,0.0,907,svd_256
user_000000_001724,11,6,0,5,0.0,907,svd_256
user_000000_001725,6,2,0,4,0.0,907,svd_256
user_000000_001726,14,8,0,3,0.0,907,svd_256
user_000000_001727,13,10,0,3,0.0,907,svd_256
user_000000_001728,12,2,1,7,0.5,907,svd_256
user_000000_001729,9,3,0,5,0.0,907,svd_256
user_000000_001730,15,9,0,2,0.0,907,svd_256
user_000000_001731,14,9,1,2,0.1111111111111111,907,svd_256
user_000000_001732,10,6,2,3,0.3333333333333333,907,svd_256
user_000000_001733,15,10,0,0,0.0,907,svd_256
user_000000_001734,10,2,0,5,0.0,907,svd_256
user_000000_001735,10,2,0,5,0.0,907,svd_256
user_000000_001736,9,5,0,3,0.0,907,svd_256
user_000000_001737,10,3,0,4,0.0,907,svd_256
user_000000_001738,12,5,0,6,0.0,907,svd_256
user_000000_001739,13,6,0,3,0.0,907,svd_256
user_000000_001740,15,10,1,3,0.1,907,svd_256
user_000000_001741,14,9,0,3,0.0,907,svd_256
user_000000_001742,14,8,1,3,0.125,907,svd_256
user_000000_001743,10,3,0,4,0.0,907,svd_256
user_000000_001744,14,10,1,1,0.1,907,svd_256
user_000000_001745,14,10,0,2,0.0,907,svd_256
user_000000_001746,10,0,0,6,,907,svd_256
user_000000_001747,8,2,0,5,0.0,907,svd_256
user_000000_001748,9,4,0,5,0.0,907,svd_256
user_000000_001749,14,9,0,4,0.0,907,svd_256
user_000000_001750,5,1,0,4,0.0,907,svd_256
user_000000_001751,13,4,0,5,0.0,907,svd_256
user_000000_001752,14,7,1,1,0.14285714285714285,907,svd_256
user_000000_001753,8,2,0,6,0.0,907,svd_256
user_000000_001754,12,2,0,5,0.0,907,svd_256
user_000000_001755,15,12,1,2,0.08333333333333333,907,svd_256
user_000000_001756,14,10,1,1,0.1,907,svd_256
user_000000_001757,15,12,1,1,0.08333333333333333,907,svd_256
user_000000_001758,10,3,0,3,0.0,907,svd_256
user_000000_001759,12,2,0,4,0.0,907,svd_256
user_000000_001760,14,9,0,2,0.0,907,svd_256
user_000000_001761,15,12,0,1,0.0,907,svd_256
user_000000_001762,14,8,0,2,0.0,907,svd_256
user_000000_001763,12,4,0,5,0.0,907,svd_256
user_000000_001764,9,2,0,6,0.0,907,svd_256
user_000000_001765,10,5,0,2,0.0,907,svd_256
user_000000_001766,12,7,1,4,0.14285714285714285,907,svd_256
user_000000_001767,8,5,0,2,0.0,907,svd_256
user_000000_001768,12,8,0,2,0.0,907,svd_256
user_000000_001769,10,5,0,4,0.0,907,svd_256
user_000000_001770,15,8,0,4,0.0,907,svd_256
user_000000_001771,9,5,0,2,0.0,907,svd_256
user_000000_001772,14,7,0,5,0.0,907,svd_256
user_000000_001773,13,5,0,5,0.0,907,svd_256
user_000000_001774,7,3,0,4,0.0,907,svd_256
user_000000_001775,8,4,0,4,0.0,907,svd_256
user_000000_001776,11,5,0,3,0.0,907,svd_256
user_000000_001777,11,5,0,5,0.0,907,svd_256
user_000000_001778,12,7,2,3,0.2857142857142857,907,svd_256
user_000000_001779,9,4,0,3,0.0,907,svd_256
user_000000_001780,13,9,1,2,0.1111111111111111,907,svd_256
user_000000_001781,12,6,1,3,0.16666666666666666,907,svd_256
user_000000_001782,10,5,0,5,0.0,907,svd_256
user_000000_001783,15,12,0,1,0.0,907,svd_256
user_000000_001784,6,1,0,5,0.0,907,svd_256
user_000000_001785,14,7,1,4,0.14285714285714285,907,svd_256
user_000000_001786,8,2,0,6,0.0,907,svd_256
user_000000_001787,15,7,0,2,0.0,907,svd_256
user_000000_001788,13,6,0,5,0.0,907,svd_256
user_000000_001789,9,1,0,4,0.0,907,svd_256
user_000000_001790,8,3,1,5,0.3333333333333333,907,svd_256
user_000000_001791,9,4,0,4,0.0,907,svd_256
user_000000_001792,14,9,0,4,0.0,907,svd_256
user_000000_001793,11,6,1,2,0.16666666666666666,907,svd_256
user_000000_001794,7,0,0,6,,907,svd_256
user_000000_001795,15,10,0,1,0.0,907,svd_256
user_000000_001796,11,7,0,3,0.0,907,svd_256
user_000000_001797,13,5,0,4,0.0,907,svd_256
user_000000_001798,12,8,0,3,0.0,907,svd_256
user_000000_001799,13,7,0,5,0.0,907,svd_256
user_000000_001800,12,1,0,7,0.0,907,svd_256
user_000000_001801,14,6,2,4,0.3333333333333333,907,svd_256
user_000000_001802,11,7,0,3,0.0,907,svd_256
user_000000_001803,6,1,0,4,0.0,907,svd_256
user_000000_001804,7,1,0,5,0.0,907,svd_256
user_000000_001805,13,4,0,4,0.0,907,svd_256
user_000000_001806,13,5,0,5,0.0,907,svd_256
user_000000_001807,14,7,0,2,0.0,907,svd_256
user_000000_001808,14,8,0,2,0.0,907,svd_256
user_000000_001809,13,8,0,2,0.0,907,svd_256
user_000000_001810,11,5,0,5,0.0,907,svd_256
user_000000_001811,14,6,1,4,0.16666666666666666,907,svd_256
user_000000_001812,8,2,0,6,0.0,907,svd_256
user_000000_001813,11,3,0,5,0.0,907,svd_256
user_000000_001814,8,7,0,1,0.0,907,svd_256
user_000000_001815,12,7,1,2,0.14285714285714285,907,svd_256
user_000000_001816,11,3,0,3,0.0,907,svd_256
user_000000_001817,13,4,0,2,0.0,907,svd_256
user_000000_001818,10,5,0,3,0.0,907,svd_256
user_000000_001819,12,7,2,2,0.2857142857142857,907,svd_256
user_000000_001820,5,0,0,5,,907,svd_256
user_000000_001821,12,8,0,1,0.0,907,svd_256
user_000000_001822,13,5,2,4,0.4,907,svd_256
user_000000_001823,12,7,1,4,0.14285714285714285,907,svd_256
user_000000_001824,15,9,0,3,0.0,907,svd_256
user_000000_001825,9,2,0,7,0.0,907,svd_256
user_000000_001826,15,7,1,1,0.14285714285714285,907,svd_256
user_000000_001827,13,6,0,6,0.0,907,svd_256
user_000000_001828,14,7,0,3,0.0,907,svd_256
user_000000_001829,13,4,0,6,0.0,907,svd_256
user_000000_001830,13,5,0,3,0.0,907,svd_256
user_000000_001831,12,3,0,5,0.0,907,svd_256
user_000000_001832,8,2,1,6,0.5,907,svd_256
user_000000_001833,12,7,2,2,0.2857142857142857,907,svd_256
user_000000_001834,13,4,0,3,0.0,907,svd_256
user_000000_001835,14,8,0,3,0.0,907,svd_256
user_000000_001836,12,8,1,2,0.125,907,svd_256
user_000000_001837,5,2,0,3,0.0,907,svd_256
user_000000_001838,11,8,0,3,0.0,907,svd_256
user_000000_001839,11,5,0,3,0.0,907,svd_256
user_000000_001840,13,8,0,2,0.0,907,svd_256
user_000000_001841,11,5,0,4,0.0,907,svd_256
user_000000_001842,11,3,0,6,0.0,907,svd_256
user_000000_001843,11,5,0,5,0.0,907,svd_256
user_000000_001844,12,3,0,6,0.0,907,svd_256
user_000000_001845,10,4,0,5,0.0,907,svd_256
user_000000_001846,13,7,0,1,0.0,907,svd_256
user_000000_001847,13,5,0,6,0.0,907,svd_256
user_000000_001848,14,9,0,4,0.0,907,svd_256
user_000000_001849,12,8,0,3,0.0,907,svd_256
user_000000_001850,7,1,0,5,0.0,907,svd_256
user_000000_001851,9,6,1,2,0.16666666666666666,907,svd_256
user_000000_001852,14,6,0,5,0.0,907,svd_256
user_000000_001853,9,3,0,5,0.0,907,svd_256
user_000000_001854,14,9,1,2,0.1111111111111111,907,svd_256
user_000000_001855,14,3,0,1,0.0,907,svd_256
user_000000_001856,14,6,1,2,0.16666666666666666,907,svd_256
user_000000_001857,10,1,0,6,0.0,907,svd_256
user_000000_001858,14,3,0,6,0.0,907,svd_256
user_000000_001859,14,10,2,1,0.2,907,svd_256
user_000000_001860,15,10,1,2,0.1,907,svd_256
user_000000_001861,8,1,0,6,0.0,907,svd_256
user_000000_001862,10,2,0,6,0.0,907,svd_256
user_000000_001863,13,6,0,3,0.0,907,svd_256
user_000000_001864,8,2,0,4,0.0,907,svd_256
user_000000_001865,12,6,0,3,0.0,907,svd_256
user_000000_001866,15,6,0,7,0.0,907,svd_256
user_000000_001867,11,2,0,5,0.0,907,svd_256
user_000000_001868,14,8,0,1,0.0,907,svd_256
user_000000_001869,7,5,0,1,0.0,907,svd_256
user_000000_001870,14,9,0,3,0.0,907,svd_256
user_000000_001871,6,0,0,6,,907,svd_256
user_000000_001872,14,9,1,3,0.1111111111111111,907,svd_256
user_000000_001873,5,1,0,4,0.0,907,svd_256
user_000000_001874,7,1,0,5,0.0,907,svd_256
user_000000_001875,14,10,1,1,0.1,907,svd_256
user_000000_001876,12,6,0,4,0.0,907,svd_256
user_000000_001877,15,10,2,3,0.2,907,svd_256
user_000000_001878,12,4,0,6,0.0,907,svd_256
user_000000_001879,12,3,0,4,0.0,907,svd_256
user_000000_001880,15,10,0,2,0.0,907,svd_256
user_000000_001881,4,0,0,4,,907,svd_256
user_000000_001882,13,5,0,3,0.0,907,svd_256
user_000000_001883,12,5,1,5,0.2,907,svd_256
user_000000_001884,10,4,0,4,0.0,907,svd_256
user_000000_001885,14,8,0,3,0.0,907,svd_256
user_000000_001886,12,6,1,3,0.16666666666666666,907,svd_256
user_000000_001887,7,1,0,4,0.0,907,svd_256
user_000000_001888,15,12,1,1,0.08333333333333333,907,svd_256
user_000000_001889,7,2,0,4,0.0,907,svd_256
user_000000_001890,12,5,1,4,0.2,907,svd_256
user_000000_001891,10,7,1,2,0.14285714285714285,907,svd_256
user_000000_001892,9,3,0,4,0.0,907,svd_256
user_000000_001893,14,8,1,2,0.125,907,svd_256
user_000000_001894,5,2,1,2,0.5,907,svd_256
user_000000_001895,11,7,0,3,0.0,907,svd_256
user_000000_001896,9,5,0,3,0.0,907,svd_256
user_000000_001897,14,7,0,6,0.0,907,svd_256
user_000000_001898,13,6,0,4,0.0,907,svd_256
user_000000_001899,10,7,0,2,0.0,907,svd_256
user_000000_001900,5,0,0,5,,907,svd_256
user_000000_001901,7,3,0,3,0.0,907,svd_256
user_000000_001902,12,1,0,3,0.0,907,svd_256
user_000000_001903,9,3,0,5,0.0,907,svd_256
user_000000_001904,14,7,0,6,0.0,907,svd_256
user_000000_001905,9,2,0,4,0.0,907,svd_256
user_000000_001906,9,5,1,3,0.2,907,svd_256
user_000000_001907,14,8,0,3,0.0,907,svd_256
user_000000_001908,12,6,0,4,0.0,907,svd_256
user_000000_001909,13,5,0,4,0.0,907,svd_256
user_000000_001910,13,8,0,1,0.0,907,svd_256
user_000000_001911,12,8,2,3,0.25,907,svd_256
user_000000_001912,6,1,0,4,0.0,907,svd_256
user_000000_001913,6,0,0,6,,907,svd_256
user_000000_001914,11,3,0,6,0.0,907,svd_256
user_000000_001915,12,8,0,1,0.0,907,svd_256
user_000000_001916,15,9,2,1,0.2222222222222222,907,svd_256
user_000000_001917,12,6,1,2,0.16666666666666666,907,svd_256
user_000000_001918,14,7,0,4,0.0,907,svd_256
user_000000_001919,13,5,0,4,0.0,907,svd_256
user_000000_001920,12,7,0,4,0.0,907,svd_256
user_000000_001921,13,6,1,3,0.16666666666666666,907,svd_256
user_000000_001922,14,4,0,5,0.0,907,svd_256
user_000000_001923,13,7,1,1,0.14285714285714285,907,svd_256
user_000000_001924,8,6,0,2,0.0,907,svd_256
user_000000_001925,15,7,2,4,0.2857142857142857,907,svd_256
user_000000_001926,14,6,0,2,0.0,907,svd_256
user_000000_001927,12,9,1,2,0.1111111111111111,907,svd_256
user_000000_001928,11,5,0,4,0.0,907,svd_256
user_000000_001929,14,6,0,4,0.0,907,svd_256
user_000000_001930,14,10,1,2,0.1,907,svd_256
user_000000_001931,11,9,0,2,0.0,907,svd_256
user_000000_001932,9,4,0,4,0.0,907,svd_256
user_000000_001933,13,8,0,4,0.0,907,svd_256
user_000000_001934,10,6,1,2,0.16666666666666666,907,svd_256
user_000000_001935,10,6,0,3,0.0,907,svd_256
user_000000_001936,11,5,2,3,0.4,907,svd_256
user_000000_001937,12,5,1,4,0.2,907,svd_256
user_000000_001938,14,9,0,1,0.0,907,svd_256
user_000000_001939,11,3,0,5,0.0,907,svd_256
user_000000_001940,10,3,0,4,0.0,907,svd_256
user_000000_001941,14,7,2,4,0.2857142857142857,907,svd_256
user_000000_001942,15,10,0,1,0.0,907,svd_256
user_000000_001943,11,5,0,5,0.0,907,svd_256
user_000000_001944,14,11,0,1,0.0,907,svd_256
user_000000_001945,13,8,1,3,0.125,907,svd_256
user_000000_001946,11,2,0,4,0.0,907,svd_256
user_000000_001947,14,9,1,2,0.1111111111111111,907,svd_256
user_000000_001948,14,2,0,8,0.0,907,svd_256
user_000000_001949,9,4,1,5,0.25,907,svd_256
user_000000_001950,13,5,1,5,0.2,907,svd_256
user_000000_001951,6,1,0,4,0.0,907,svd_256
user_000000_001952,4,0,0,4,,907,svd_256
user_000000_001953,5,0,0,5,,907,svd_256
user_000000_001954,8,3,1,5,0.3333333333333333,907,svd_256
user_000000_001955,13,5,1,2,0.2,907,svd_256
user_000000_001956,14,5,0,5,0.0,907,svd_256
user_000000_001957,14,7,0,4,0.0,907,svd_256
user_000000_001958,13,10,1,1,0.1,907,svd_256
user_000000_001959,15,9,0,2,0.0,907,svd_256
user_000000_001960,12,4,1,7,0.25,907,svd_256
user_000000_001961,11,3,0,6,0.0,907,svd_256
user_000000_001962,14,4,0,4,0.0,907,svd_256
user_000000_001963,3,0,0,3,,907,svd_256
user_000000_001964,12,6,0,3,0.0,907,svd_256
user_000000_001965,11,4,1,5,0.25,907,svd_256
user_000000_001966,10,3,1,5,0.3333333333333333,907,svd_256
user_000000_001967,10,6,1,3,0.16666666666666666,907,svd_256
user_000000_001968,8,3,1,5,0.3333333333333333,907,svd_256
user_000000_001969,7,0,0,7,,907,svd_256
user_000000_001970,7,4,0,3,0.0,907,svd_256
user_000000_001971,13,6,0,4,0.0,907,svd_256
user_000000_001972,11,8,1,3,0.125,907,svd_256
user_000000_001973,13,7,2,2,0.2857142857142857,907,svd_256
user_000000_001974,12,7,0,2,0.0,907,svd_256
user_000000_001975,15,8,0,4,0.0,907,svd_256
user_000000_001976,14,8,0,4,0.0,907,svd_256
user_000000_001977,14,9,1,2,0.1111111111111111,907,svd_256
user_000000_001978,9,4,0,2,0.0,907,svd_256
user_000000_001979,13,5,0,4,0.0,907,svd_256
user_000000_001980,13,8,1,2,0.125,907,svd_256
user_000000_001981,14,9,1,3,0.1111111111111111,907,svd_256
user_000000_001982,13,4,0,3,0.0,907,svd_256
user_000000_001983,14,7,0,3,0.0,907,svd_256
user_000000_001984,6,1,0,5,0.0,907,svd_256
user_000000_001985,14,9,0,2,0.0,907,svd_256
user_000000_001986,11,2,0,5,0.0,907,svd_256
user_000000_001987,12,3,0,6,0.0,907,svd_256
user_000000_001988,12,5,0,4,0.0,907,svd_256
user_000000_001989,14,7,1,2,0.14285714285714285,907,svd_256
user_000000_001990,13,2,0,4,0.0,907,svd_256
user_000000_001991,9,6,0,1,0.0,907,svd_256
user_000000_001992,15,11,0,2,0.0,907,svd_256
user_000000_001993,13,7,1,3,0.14285714285714285,907,svd_256
user_000000_001994,14,7,1,1,0.14285714285714285,907,svd_256
user_000000_001995,15,12,1,2,0.08333333333333333,907,svd_256
user_000000_001996,12,8,1,3,0.125,907,svd_256
user_000000_001997,14,10,2,1,0.2,907,svd_256
user_000000_001998,6,1,0,5,0.0,907,svd_256
user_000000_001999,13,9,1,2,0.1111111111111111,907,svd_256
user_000000_000000,12,5,0,4,0.0,907,personal_frequency
user_000000_000001,11,7,0,3,0.0,907,personal_frequency
user_000000_000002,12,7,0,3,0.0,907,personal_frequency
user_000000_000003,8,1,0,7,0.0,907,personal_frequency
user_000000_000004,9,6,0,2,0.0,907,personal_frequency
user_000000_000005,11,6,0,4,0.0,907,personal_frequency
user_000000_000006,4,0,0,4,,907,personal_frequency
user_000000_000007,12,6,0,4,0.0,907,personal_frequency
user_000000_000008,10,6,0,1,0.0,907,personal_frequency
user_000000_000009,10,5,0,3,0.0,907,personal_frequency
user_000000_000010,10,2,0,6,0.0,907,personal_frequency
user_000000_000011,8,1,0,7,0.0,907,personal_frequency
user_000000_000012,14,5,0,6,0.0,907,personal_frequency
user_000000_000013,10,6,0,2,0.0,907,personal_frequency
user_000000_000014,14,8,0,2,0.0,907,personal_frequency
user_000000_000015,11,6,0,1,0.0,907,personal_frequency
user_000000_000016,13,2,0,6,0.0,907,personal_frequency
user_000000_000017,5,0,0,5,,907,personal_frequency
user_000000_000018,15,9,0,2,0.0,907,personal_frequency
user_000000_000019,11,6,0,4,0.0,907,personal_frequency
user_000000_000020,6,4,0,2,0.0,907,personal_frequency
user_000000_000021,13,7,0,3,0.0,907,personal_frequency
user_000000_000022,13,3,0,3,0.0,907,personal_frequency
user_000000_000023,12,7,0,3,0.0,907,personal_frequency
user_000000_000024,11,2,0,5,0.0,907,personal_frequency
user_000000_000025,9,4,0,3,0.0,907,personal_frequency
user_000000_000026,12,9,0,2,0.0,907,personal_frequency
user_000000_000027,13,5,0,4,0.0,907,personal_frequency
user_000000_000028,15,7,0,3,0.0,907,personal_frequency
user_000000_000029,9,1,0,7,0.0,907,personal_frequency
user_000000_000030,12,4,0,4,0.0,907,personal_frequency
user_000000_000031,14,6,0,3,0.0,907,personal_frequency
user_000000_000032,15,11,0,2,0.0,907,personal_frequency
user_000000_000033,6,1,0,4,0.0,907,personal_frequency
user_000000_000034,13,9,0,3,0.0,907,personal_frequency
user_000000_000035,12,4,0,6,0.0,907,personal_frequency
user_000000_000036,10,2,0,6,0.0,907,personal_frequency
user_000000_000037,9,2,0,5,0.0,907,personal_frequency
user_000000_000038,14,10,0,2,0.0,907,personal_frequency
user_000000_000039,15,9,0,5,0.0,907,personal_frequency
user_000000_000040,12,7,0,4,0.0,907,personal_frequency
user_000000_000041,11,5,0,5,0.0,907,personal_frequency
user_000000_000042,15,7,0,3,0.0,907,personal_frequency
user_000000_000043,14,5,0,4,0.0,907,personal_frequency
user_000000_000044,14,8,0,3,0.0,907,personal_frequency
user_000000_000045,10,0,0,5,,907,personal_frequency
user_000000_000046,9,4,0,4,0.0,907,personal_frequency
user_000000_000047,13,8,0,1,0.0,907,personal_frequency
user_000000_000048,12,9,0,3,0.0,907,personal_frequency
user_000000_000049,14,6,0,3,0.0,907,personal_frequency
user_000000_000050,7,1,0,6,0.0,907,personal_frequency
user_000000_000051,15,12,0,3,0.0,907,personal_frequency
user_000000_000052,13,5,0,3,0.0,907,personal_frequency
user_000000_000053,15,6,0,3,0.0,907,personal_frequency
user_000000_000054,15,15,0,0,0.0,907,personal_frequency
user_000000_000055,11,4,0,3,0.0,907,personal_frequency
user_000000_000056,14,10,0,2,0.0,907,personal_frequency
user_000000_000057,14,2,0,6,0.0,907,personal_frequency
user_000000_000058,14,7,0,3,0.0,907,personal_frequency
user_000000_000059,10,2,0,5,0.0,907,personal_frequency
user_000000_000060,9,2,0,4,0.0,907,personal_frequency
user_000000_000061,13,6,0,2,0.0,907,personal_frequency
user_000000_000062,11,5,0,4,0.0,907,personal_frequency
user_000000_000063,15,11,0,3,0.0,907,personal_frequency
user_000000_000064,14,6,0,4,0.0,907,personal_frequency
user_000000_000065,14,8,0,1,0.0,907,personal_frequency
user_000000_000066,9,0,0,6,,907,personal_frequency
user_000000_000067,14,7,0,5,0.0,907,personal_frequency
user_000000_000068,13,7,0,2,0.0,907,personal_frequency
user_000000_000069,7,1,0,6,0.0,907,personal_frequency
user_000000_000070,12,8,0,2,0.0,907,personal_frequency
user_000000_000071,10,5,0,1,0.0,907,personal_frequency
user_000000_000072,7,3,0,4,0.0,907,personal_frequency
user_000000_000073,10,2,0,6,0.0,907,personal_frequency
user_000000_000074,10,6,0,3,0.0,907,personal_frequency
user_000000_000075,13,3,0,5,0.0,907,personal_frequency
user_000000_000076,14,8,0,1,0.0,907,personal_frequency
user_000000_000077,13,8,0,3,0.0,907,personal_frequency
user_000000_000078,10,3,0,5,0.0,907,personal_frequency
user_000000_000079,12,7,0,3,0.0,907,personal_frequency
user_000000_000080,13,7,0,3,0.0,907,personal_frequency
user_000000_000081,7,1,0,4,0.0,907,personal_frequency
user_000000_000082,15,8,0,1,0.0,907,personal_frequency
user_000000_000083,15,10,0,3,0.0,907,personal_frequency
user_000000_000084,15,12,0,2,0.0,907,personal_frequency
user_000000_000085,8,0,0,7,,907,personal_frequency
user_000000_000086,14,9,0,2,0.0,907,personal_frequency
user_000000_000087,11,4,0,5,0.0,907,personal_frequency
user_000000_000088,12,5,0,3,0.0,907,personal_frequency
user_000000_000089,15,7,0,3,0.0,907,personal_frequency
user_000000_000090,11,3,0,5,0.0,907,personal_frequency
user_000000_000091,13,7,0,3,0.0,907,personal_frequency
user_000000_000092,14,5,0,3,0.0,907,personal_frequency
user_000000_000093,15,10,0,3,0.0,907,personal_frequency
user_000000_000094,14,9,0,4,0.0,907,personal_frequency
user_000000_000095,12,6,0,3,0.0,907,personal_frequency
user_000000_000096,13,9,0,2,0.0,907,personal_frequency
user_000000_000097,15,9,0,5,0.0,907,personal_frequency
user_000000_000098,10,3,0,5,0.0,907,personal_frequency
user_000000_000099,15,10,0,3,0.0,907,personal_frequency
user_000000_000100,14,9,0,1,0.0,907,personal_frequency
user_000000_000101,14,6,0,4,0.0,907,personal_frequency
user_000000_000102,9,2,0,7,0.0,907,personal_frequency
user_000000_000103,8,2,0,6,0.0,907,personal_frequency
user_000000_000104,11,4,0,5,0.0,907,personal_frequency
user_000000_000105,14,9,0,2,0.0,907,personal_frequency
user_000000_000106,14,8,0,1,0.0,907,personal_frequency
user_000000_000107,11,2,0,4,0.0,907,personal_frequency
user_000000_000108,6,3,0,3,0.0,907,personal_frequency
user_000000_000109,12,4,0,3,0.0,907,personal_frequency
user_000000_000110,10,4,0,3,0.0,907,personal_frequency
user_000000_000111,13,9,0,2,0.0,907,personal_frequency
user_000000_000112,14,6,0,3,0.0,907,personal_frequency
user_000000_000113,12,8,0,2,0.0,907,personal_frequency
user_000000_000114,15,9,0,3,0.0,907,personal_frequency
user_000000_000115,12,5,0,5,0.0,907,personal_frequency
user_000000_000116,13,8,0,5,0.0,907,personal_frequency
user_000000_000117,10,3,0,5,0.0,907,personal_frequency
user_000000_000118,10,6,0,4,0.0,907,personal_frequency
user_000000_000119,12,9,0,0,0.0,907,personal_frequency
user_000000_000120,10,6,0,3,0.0,907,personal_frequency
user_000000_000121,13,5,0,4,0.0,907,personal_frequency
user_000000_000122,10,3,0,3,0.0,907,personal_frequency
user_000000_000123,12,6,0,3,0.0,907,personal_frequency
user_000000_000124,10,2,0,6,0.0,907,personal_frequency
user_000000_000125,6,4,0,2,0.0,907,personal_frequency
user_000000_000126,10,6,0,2,0.0,907,personal_frequency
user_000000_000127,14,3,0,6,0.0,907,personal_frequency
user_000000_000128,6,0,0,6,,907,personal_frequency
user_000000_000129,14,5,0,5,0.0,907,personal_frequency
user_000000_000130,14,9,0,2,0.0,907,personal_frequency
user_000000_000131,11,4,0,2,0.0,907,personal_frequency
user_000000_000132,13,3,0,8,0.0,907,personal_frequency
user_000000_000133,10,2,0,5,0.0,907,personal_frequency
user_000000_000134,13,7,0,4,0.0,907,personal_frequency
user_000000_000135,14,9,0,3,0.0,907,personal_frequency
user_000000_000136,11,6,0,4,0.0,907,personal_frequency
user_000000_000137,11,7,0,4,0.0,907,personal_frequency
user_000000_000138,11,5,0,3,0.0,907,personal_frequency
user_000000_000139,14,7,0,2,0.0,907,personal_frequency
user_000000_000140,13,11,0,2,0.0,907,personal_frequency
user_000000_000141,10,2,0,5,0.0,907,personal_frequency
user_000000_000142,15,11,0,2,0.0,907,personal_frequency
user_000000_000143,13,6,0,4,0.0,907,personal_frequency
user_000000_000144,14,6,0,6,0.0,907,personal_frequency
user_000000_000145,14,10,0,3,0.0,907,personal_frequency
user_000000_000146,10,4,0,3,0.0,907,personal_frequency
user_000000_000147,14,10,0,2,0.0,907,personal_frequency
user_000000_000148,4,0,0,4,,907,personal_frequency
user_000000_000149,7,1,0,6,0.0,907,personal_frequency
user_000000_000150,15,8,0,2,0.0,907,personal_frequency
user_000000_000151,14,8,0,2,0.0,907,personal_frequency
user_000000_000152,11,6,0,2,0.0,907,personal_frequency
user_000000_000153,7,2,0,5,0.0,907,personal_frequency
user_000000_000154,12,7,0,4,0.0,907,personal_frequency
user_000000_000155,14,10,0,2,0.0,907,personal_frequency
user_000000_000156,9,3,0,5,0.0,907,personal_frequency
user_000000_000157,15,7,0,4,0.0,907,personal_frequency
user_000000_000158,13,4,0,5,0.0,907,personal_frequency
user_000000_000159,6,1,0,4,0.0,907,personal_frequency
user_000000_000160,14,11,0,2,0.0,907,personal_frequency
user_000000_000161,12,9,0,3,0.0,907,personal_frequency
user_000000_000162,13,10,0,2,0.0,907,personal_frequency
user_000000_000163,12,6,0,2,0.0,907,personal_frequency
user_000000_000164,12,4,0,4,0.0,907,personal_frequency
user_000000_000165,10,6,0,3,0.0,907,personal_frequency
user_000000_000166,7,3,0,3,0.0,907,personal_frequency
user_000000_000167,15,10,0,3,0.0,907,personal_frequency
user_000000_000168,9,5,0,4,0.0,907,personal_frequency
user_000000_000169,12,3,0,5,0.0,907,personal_frequency
user_000000_000170,13,8,0,2,0.0,907,personal_frequency
user_000000_000171,10,4,0,5,0.0,907,personal_frequency
user_000000_000172,7,4,0,2,0.0,907,personal_frequency
user_000000_000173,11,5,0,4,0.0,907,personal_frequency
user_000000_000174,14,6,0,4,0.0,907,personal_frequency
user_000000_000175,15,9,0,2,0.0,907,personal_frequency
user_000000_000176,7,3,0,2,0.0,907,personal_frequency
user_000000_000177,15,7,0,4,0.0,907,personal_frequency
user_000000_000178,7,1,0,5,0.0,907,personal_frequency
user_000000_000179,14,6,0,3,0.0,907,personal_frequency
user_000000_000180,8,5,0,3,0.0,907,personal_frequency
user_000000_000181,8,2,0,5,0.0,907,personal_frequency
user_000000_000182,14,9,0,3,0.0,907,personal_frequency
user_000000_000183,11,8,0,3,0.0,907,personal_frequency
user_000000_000184,9,0,0,8,,907,personal_frequency
user_000000_000185,15,9,0,4,0.0,907,personal_frequency
user_000000_000186,14,11,0,0,0.0,907,personal_frequency
user_000000_000187,13,7,0,4,0.0,907,personal_frequency
user_000000_000188,10,1,0,4,0.0,907,personal_frequency
user_000000_000189,12,4,0,7,0.0,907,personal_frequency
user_000000_000190,10,1,0,7,0.0,907,personal_frequency
user_000000_000191,11,2,0,5,0.0,907,personal_frequency
user_000000_000192,14,7,0,3,0.0,907,personal_frequency
user_000000_000193,7,1,0,4,0.0,907,personal_frequency
user_000000_000194,15,11,0,2,0.0,907,personal_frequency
user_000000_000195,15,11,0,0,0.0,907,personal_frequency
user_000000_000196,9,1,0,5,0.0,907,personal_frequency
user_000000_000197,9,1,0,7,0.0,907,personal_frequency
user_000000_000198,10,5,0,3,0.0,907,personal_frequency
user_000000_000199,14,7,0,2,0.0,907,personal_frequency
user_000000_000200,11,9,0,1,0.0,907,personal_frequency
user_000000_000201,5,1,0,4,0.0,907,personal_frequency
user_000000_000202,15,8,0,5,0.0,907,personal_frequency
user_000000_000203,8,2,0,5,0.0,907,personal_frequency
user_000000_000204,13,5,0,4,0.0,907,personal_frequency
user_000000_000205,10,4,0,3,0.0,907,personal_frequency
user_000000_000206,13,3,0,5,0.0,907,personal_frequency
user_000000_000207,15,11,0,1,0.0,907,personal_frequency
user_000000_000208,13,10,0,1,0.0,907,personal_frequency
user_000000_000209,5,1,0,4,0.0,907,personal_frequency
user_000000_000210,11,4,0,4,0.0,907,personal_frequency
user_000000_000211,11,3,0,6,0.0,907,personal_frequency
user_000000_000212,11,6,0,3,0.0,907,personal_frequency
user_000000_000213,5,0,0,5,,907,personal_frequency
user_000000_000214,11,4,0,2,0.0,907,personal_frequency
user_000000_000215,15,12,0,1,0.0,907,personal_frequency
user_000000_000216,12,3,0,6,0.0,907,personal_frequency
user_000000_000217,13,5,0,1,0.0,907,personal_frequency
user_000000_000218,8,1,0,7,0.0,907,personal_frequency
user_000000_000219,13,5,0,6,0.0,907,personal_frequency
user_000000_000220,15,12,0,1,0.0,907,personal_frequency
user_000000_000221,14,9,0,1,0.0,907,personal_frequency
user_000000_000222,13,8,0,3,0.0,907,personal_frequency
user_000000_000223,13,6,0,3,0.0,907,personal_frequency
user_000000_000224,14,5,0,4,0.0,907,personal_frequency
user_000000_000225,5,2,0,3,0.0,907,personal_frequency
user_000000_000226,8,3,0,4,0.0,907,personal_frequency
user_000000_000227,7,3,0,4,0.0,907,personal_frequency
user_000000_000228,12,4,0,6,0.0,907,personal_frequency
user_000000_000229,14,6,0,2,0.0,907,personal_frequency
user_000000_000230,14,11,0,2,0.0,907,personal_frequency
user_000000_000231,7,1,0,6,0.0,907,personal_frequency
user_000000_000232,13,5,0,2,0.0,907,personal_frequency
user_000000_000233,9,3,0,4,0.0,907,personal_frequency
user_000000_000234,11,3,0,5,0.0,907,personal_frequency
user_000000_000235,13,6,0,3,0.0,907,personal_frequency
user_000000_000236,12,5,0,2,0.0,907,personal_frequency
user_000000_000237,11,4,0,4,0.0,907,personal_frequency
user_000000_000238,12,5,0,3,0.0,907,personal_frequency
user_000000_000239,13,4,0,6,0.0,907,personal_frequency
user_000000_000240,13,5,0,7,0.0,907,personal_frequency
user_000000_000241,13,10,0,2,0.0,907,personal_frequency
user_000000_000242,14,9,0,4,0.0,907,personal_frequency
user_000000_000243,12,4,0,4,0.0,907,personal_frequency
user_000000_000244,12,6,0,5,0.0,907,personal_frequency
user_000000_000245,14,8,0,3,0.0,907,personal_frequency
user_000000_000246,15,13,0,1,0.0,907,personal_frequency
user_000000_000247,15,11,0,3,0.0,907,personal_frequency
user_000000_000248,14,6,0,3,0.0,907,personal_frequency
user_000000_000249,10,4,0,4,0.0,907,personal_frequency
user_000000_000250,11,3,0,4,0.0,907,personal_frequency
user_000000_000251,11,5,0,5,0.0,907,personal_frequency
user_000000_000252,10,7,0,3,0.0,907,personal_frequency
user_000000_000253,9,0,0,5,,907,personal_frequency
user_000000_000254,14,7,0,5,0.0,907,personal_frequency
user_000000_000255,12,8,0,3,0.0,907,personal_frequency
user_000000_000256,15,11,0,2,0.0,907,personal_frequency
user_000000_000257,14,10,0,2,0.0,907,personal_frequency
user_000000_000258,15,6,0,4,0.0,907,personal_frequency
user_000000_000259,11,6,0,5,0.0,907,personal_frequency
user_000000_000260,13,8,0,5,0.0,907,personal_frequency
user_000000_000261,14,9,0,3,0.0,907,personal_frequency
user_000000_000262,14,11,0,1,0.0,907,personal_frequency
user_000000_000263,11,5,0,4,0.0,907,personal_frequency
user_000000_000264,9,0,0,5,,907,personal_frequency
user_000000_000265,13,6,0,2,0.0,907,personal_frequency
user_000000_000266,15,9,0,3,0.0,907,personal_frequency
user_000000_000267,13,7,0,2,0.0,907,personal_frequency
user_000000_000268,7,1,0,5,0.0,907,personal_frequency
user_000000_000269,13,4,0,2,0.0,907,personal_frequency
user_000000_000270,6,0,0,6,,907,personal_frequency
user_000000_000271,11,7,0,1,0.0,907,personal_frequency
user_000000_000272,11,4,0,2,0.0,907,personal_frequency
user_000000_000273,15,11,0,3,0.0,907,personal_frequency
user_000000_000274,9,3,0,5,0.0,907,personal_frequency
user_000000_000275,14,4,0,3,0.0,907,personal_frequency
user_000000_000276,11,6,0,2,0.0,907,personal_frequency
user_000000_000277,7,2,0,5,0.0,907,personal_frequency
user_000000_000278,14,3,0,4,0.0,907,personal_frequency
user_000000_000279,12,6,0,3,0.0,907,personal_frequency
user_000000_000280,10,3,0,5,0.0,907,personal_frequency
user_000000_000281,14,8,0,2,0.0,907,personal_frequency
user_000000_000282,7,2,0,4,0.0,907,personal_frequency
user_000000_000283,12,7,0,2,0.0,907,personal_frequency
user_000000_000284,10,2,0,5,0.0,907,personal_frequency
user_000000_000285,5,0,0,5,,907,personal_frequency
user_000000_000286,13,9,0,1,0.0,907,personal_frequency
user_000000_000287,15,8,0,2,0.0,907,personal_frequency
user_000000_000288,11,1,0,4,0.0,907,personal_frequency
user_000000_000289,13,4,0,3,0.0,907,personal_frequency
user_000000_000290,13,7,0,3,0.0,907,personal_frequency
user_000000_000291,11,2,0,7,0.0,907,personal_frequency
user_000000_000292,9,3,0,5,0.0,907,personal_frequency
user_000000_000293,13,7,0,4,0.0,907,personal_frequency
user_000000_000294,13,4,0,4,0.0,907,personal_frequency
user_000000_000295,15,9,0,1,0.0,907,personal_frequency
user_000000_000296,11,4,0,6,0.0,907,personal_frequency
user_000000_000297,14,6,0,3,0.0,907,personal_frequency
user_000000_000298,13,6,0,3,0.0,907,personal_frequency
user_000000_000299,10,1,0,6,0.0,907,personal_frequency
user_000000_000300,14,9,0,3,0.0,907,personal_frequency
user_000000_000301,12,4,0,5,0.0,907,personal_frequency
user_000000_000302,12,5,0,4,0.0,907,personal_frequency
user_000000_000303,14,4,0,6,0.0,907,personal_frequency
user_000000_000304,6,1,0,3,0.0,907,personal_frequency
user_000000_000305,9,1,0,8,0.0,907,personal_frequency
user_000000_000306,14,7,0,4,0.0,907,personal_frequency
user_000000_000307,15,8,0,4,0.0,907,personal_frequency
user_000000_000308,11,7,0,2,0.0,907,personal_frequency
user_000000_000309,10,3,0,2,0.0,907,personal_frequency
user_000000_000310,12,7,0,3,0.0,907,personal_frequency
user_000000_000311,9,3,0,6,0.0,907,personal_frequency
user_000000_000312,14,9,0,3,0.0,907,personal_frequency
user_000000_000313,10,5,0,3,0.0,907,personal_frequency
user_000000_000314,13,6,0,2,0.0,907,personal_frequency
user_000000_000315,13,9,0,4,0.0,907,personal_frequency
user_000000_000316,13,2,0,4,0.0,907,personal_frequency
user_000000_000317,12,3,0,6,0.0,907,personal_frequency
user_000000_000318,5,2,0,2,0.0,907,personal_frequency
user_000000_000319,14,6,0,2,0.0,907,personal_frequency
user_000000_000320,13,3,0,5,0.0,907,personal_frequency
user_000000_000321,15,12,0,2,0.0,907,personal_frequency
user_000000_000322,13,5,0,5,0.0,907,personal_frequency
user_000000_000323,9,0,0,7,,907,personal_frequency
user_000000_000324,12,7,0,3,0.0,907,personal_frequency
user_000000_000325,13,6,0,1,0.0,907,personal_frequency
user_000000_000326,14,10,0,1,0.0,907,personal_frequency
user_000000_000327,14,14,0,0,0.0,907,personal_frequency
user_000000_000328,8,1,0,4,0.0,907,personal_frequency
user_000000_000329,10,1,0,9,0.0,907,personal_frequency
user_000000_000330,13,8,0,3,0.0,907,personal_frequency
user_000000_000331,12,4,0,4,0.0,907,personal_frequency
user_000000_000332,13,5,0,4,0.0,907,personal_frequency
user_000000_000333,11,4,0,3,0.0,907,personal_frequency
user_000000_000334,9,3,0,4,0.0,907,personal_frequency
user_000000_000335,15,9,0,2,0.0,907,personal_frequency
user_000000_000336,12,7,0,5,0.0,907,personal_frequency
user_000000_000337,11,1,0,5,0.0,907,personal_frequency
user_000000_000338,9,4,0,5,0.0,907,personal_frequency
user_000000_000339,13,7,0,2,0.0,907,personal_frequency
user_000000_000340,14,8,0,3,0.0,907,personal_frequency
user_000000_000341,7,2,0,5,0.0,907,personal_frequency
user_000000_000342,10,4,0,4,0.0,907,personal_frequency
user_000000_000343,10,4,0,4,0.0,907,personal_frequency
user_000000_000344,12,8,0,2,0.0,907,personal_frequency
user_000000_000345,15,6,0,3,0.0,907,personal_frequency
user_000000_000346,9,2,0,3,0.0,907,personal_frequency
user_000000_000347,12,4,0,5,0.0,907,personal_frequency
user_000000_000348,8,1,0,7,0.0,907,personal_frequency
user_000000_000349,11,4,0,2,0.0,907,personal_frequency
user_000000_000350,14,8,0,1,0.0,907,personal_frequency
user_000000_000351,14,13,0,0,0.0,907,personal_frequency
user_000000_000352,15,8,0,4,0.0,907,personal_frequency
user_000000_000353,8,0,0,4,,907,personal_frequency
user_000000_000354,9,3,0,5,0.0,907,personal_frequency
user_000000_000355,14,7,0,4,0.0,907,personal_frequency
user_000000_000356,13,10,0,2,0.0,907,personal_frequency
user_000000_000357,12,6,0,3,0.0,907,personal_frequency
user_000000_000358,13,2,0,4,0.0,907,personal_frequency
user_000000_000359,9,3,0,5,0.0,907,personal_frequency
user_000000_000360,11,8,0,3,0.0,907,personal_frequency
user_000000_000361,11,3,0,5,0.0,907,personal_frequency
user_000000_000362,13,7,0,4,0.0,907,personal_frequency
user_000000_000363,12,6,0,5,0.0,907,personal_frequency
user_000000_000364,7,2,0,5,0.0,907,personal_frequency
user_000000_000365,10,6,0,4,0.0,907,personal_frequency
user_000000_000366,13,5,0,3,0.0,907,personal_frequency
user_000000_000367,9,3,0,5,0.0,907,personal_frequency
user_000000_000368,13,5,0,3,0.0,907,personal_frequency
user_000000_000369,15,12,0,2,0.0,907,personal_frequency
user_000000_000370,14,10,0,2,0.0,907,personal_frequency
user_000000_000371,7,1,0,6,0.0,907,personal_frequency
user_000000_000372,13,5,0,4,0.0,907,personal_frequency
user_000000_000373,11,5,0,5,0.0,907,personal_frequency
user_000000_000374,7,3,0,3,0.0,907,personal_frequency
user_000000_000375,13,3,0,7,0.0,907,personal_frequency
user_000000_000376,14,10,0,3,0.0,907,personal_frequency
user_000000_000377,15,9,0,3,0.0,907,personal_frequency
user_000000_000378,9,1,0,7,0.0,907,personal_frequency
user_000000_000379,12,5,0,2,0.0,907,personal_frequency
user_000000_000380,9,6,0,2,0.0,907,personal_frequency
user_000000_000381,14,6,0,3,0.0,907,personal_frequency
user_000000_000382,9,5,0,4,0.0,907,personal_frequency
user_000000_000383,7,0,0,5,,907,personal_frequency
user_000000_000384,13,3,0,6,0.0,907,personal_frequency
user_000000_000385,14,9,0,1,0.0,907,personal_frequency
user_000000_000386,13,6,0,3,0.0,907,personal_frequency
user_000000_000387,15,10,0,3,0.0,907,personal_frequency
user_000000_000388,11,5,0,3,0.0,907,personal_frequency
user_000000_000389,13,4,0,4,0.0,907,personal_frequency
user_000000_000390,15,12,0,3,0.0,907,personal_frequency
user_000000_000391,11,9,0,2,0.0,907,personal_frequency
user_000000_000392,13,7,0,4,0.0,907,personal_frequency
user_000000_000393,15,6,0,3,0.0,907,personal_frequency
user_000000_000394,14,9,0,3,0.0,907,personal_frequency
user_000000_000395,14,11,0,3,0.0,907,personal_frequency
user_000000_000396,12,4,0,4,0.0,907,personal_frequency
user_000000_000397,14,3,0,3,0.0,907,personal_frequency
user_000000_000398,13,6,0,3,0.0,907,personal_frequency
user_000000_000399,11,3,0,2,0.0,907,personal_frequency
user_000000_000400,11,4,0,4,0.0,907,personal_frequency
user_000000_000401,13,6,0,5,0.0,907,personal_frequency
user_000000_000402,14,5,0,4,0.0,907,personal_frequency
user_000000_000403,10,5,0,4,0.0,907,personal_frequency
user_000000_000404,15,8,0,5,0.0,907,personal_frequency
user_000000_000405,11,2,0,5,0.0,907,personal_frequency
user_000000_000406,6,0,0,6,,907,personal_frequency
user_000000_000407,8,3,0,5,0.0,907,personal_frequency
user_000000_000408,14,8,0,3,0.0,907,personal_frequency
user_000000_000409,12,7,0,3,0.0,907,personal_frequency
user_000000_000410,11,1,0,6,0.0,907,personal_frequency
user_000000_000411,15,7,0,6,0.0,907,personal_frequency
user_000000_000412,10,6,0,3,0.0,907,personal_frequency
user_000000_000413,14,4,0,5,0.0,907,personal_frequency
user_000000_000414,13,4,0,4,0.0,907,personal_frequency
user_000000_000415,12,4,0,5,0.0,907,personal_frequency
user_000000_000416,15,11,0,2,0.0,907,personal_frequency
user_000000_000417,11,5,0,5,0.0,907,personal_frequency
user_000000_000418,10,4,0,6,0.0,907,personal_frequency
user_000000_000419,12,4,0,4,0.0,907,personal_frequency
user_000000_000420,12,5,0,4,0.0,907,personal_frequency
user_000000_000421,15,4,0,8,0.0,907,personal_frequency
user_000000_000422,12,7,0,2,0.0,907,personal_frequency
user_000000_000423,14,5,0,5,0.0,907,personal_frequency
user_000000_000424,6,1,0,5,0.0,907,personal_frequency
user_000000_000425,12,5,0,4,0.0,907,personal_frequency
user_000000_000426,14,9,0,4,0.0,907,personal_frequency
user_000000_000427,2,0,0,2,,907,personal_frequency
user_000000_000428,5,0,0,4,,907,personal_frequency
user_000000_000429,12,2,0,3,0.0,907,personal_frequency
user_000000_000430,9,0,0,3,,907,personal_frequency
user_000000_000431,12,8,0,3,0.0,907,personal_frequency
user_000000_000432,10,4,0,6,0.0,907,personal_frequency
user_000000_000433,12,6,0,2,0.0,907,personal_frequency
user_000000_000434,12,4,0,7,0.0,907,personal_frequency
user_000000_000435,13,5,0,4,0.0,907,personal_frequency
user_000000_000436,7,1,0,6,0.0,907,personal_frequency
user_000000_000437,13,6,0,3,0.0,907,personal_frequency
user_000000_000438,9,5,0,3,0.0,907,personal_frequency
user_000000_000439,15,7,0,7,0.0,907,personal_frequency
user_000000_000440,13,8,0,3,0.0,907,personal_frequency
user_000000_000441,10,6,0,3,0.0,907,personal_frequency
user_000000_000442,14,7,0,4,0.0,907,personal_frequency
user_000000_000443,13,7,0,2,0.0,907,personal_frequency
user_000000_000444,15,12,0,2,0.0,907,personal_frequency
user_000000_000445,13,2,0,5,0.0,907,personal_frequency
user_000000_000446,13,10,0,2,0.0,907,personal_frequency
user_000000_000447,8,0,0,6,,907,personal_frequency
user_000000_000448,10,1,0,5,0.0,907,personal_frequency
user_000000_000449,14,10,0,2,0.0,907,personal_frequency
user_000000_000450,9,1,0,5,0.0,907,personal_frequency
user_000000_000451,12,6,0,2,0.0,907,personal_frequency
user_000000_000452,14,11,0,0,0.0,907,personal_frequency
user_000000_000453,11,5,0,6,0.0,907,personal_frequency
user_000000_000454,12,3,0,5,0.0,907,personal_frequency
user_000000_000455,12,6,0,2,0.0,907,personal_frequency
user_000000_000456,12,9,0,1,0.0,907,personal_frequency
user_000000_000457,7,1,0,6,0.0,907,personal_frequency
user_000000_000458,12,6,0,4,0.0,907,personal_frequency
user_000000_000459,15,10,0,5,0.0,907,personal_frequency
user_000000_000460,15,6,0,4,0.0,907,personal_frequency
user_000000_000461,14,10,0,3,0.0,907,personal_frequency
user_000000_000462,9,1,0,7,0.0,907,personal_frequency
user_000000_000463,12,3,0,5,0.0,907,personal_frequency
user_000000_000464,14,11,0,1,0.0,907,personal_frequency
user_000000_000465,14,12,0,1,0.0,907,personal_frequency
user_000000_000466,15,10,0,2,0.0,907,personal_frequency
user_000000_000467,13,6,0,5,0.0,907,personal_frequency
user_000000_000468,14,9,0,3,0.0,907,personal_frequency
user_000000_000469,10,2,0,6,0.0,907,personal_frequency
user_000000_000470,12,8,0,2,0.0,907,personal_frequency
user_000000_000471,14,10,0,4,0.0,907,personal_frequency
user_000000_000472,14,10,0,3,0.0,907,personal_frequency
user_000000_000473,10,3,0,6,0.0,907,personal_frequency
user_000000_000474,13,8,0,2,0.0,907,personal_frequency
user_000000_000475,11,7,0,3,0.0,907,personal_frequency
user_000000_000476,15,10,0,4,0.0,907,personal_frequency
user_000000_000477,15,9,0,3,0.0,907,personal_frequency
user_000000_000478,13,2,0,6,0.0,907,personal_frequency
user_000000_000479,7,2,0,4,0.0,907,personal_frequency
user_000000_000480,10,6,0,3,0.0,907,personal_frequency
user_000000_000481,13,7,0,4,0.0,907,personal_frequency
user_000000_000482,8,5,0,2,0.0,907,personal_frequency
user_000000_000483,14,12,0,2,0.0,907,personal_frequency
user_000000_000484,14,7,0,3,0.0,907,personal_frequency
user_000000_000485,10,2,0,4,0.0,907,personal_frequency
user_000000_000486,12,6,0,5,0.0,907,personal_frequency
user_000000_000487,11,3,0,6,0.0,907,personal_frequency
user_000000_000488,10,6,0,3,0.0,907,personal_frequency
user_000000_000489,5,0,0,5,,907,personal_frequency
user_000000_000490,13,2,0,9,0.0,907,personal_frequency
user_000000_000491,10,3,0,6,0.0,907,personal_frequency
user_000000_000492,12,3,0,6,0.0,907,personal_frequency
user_000000_000493,10,2,0,5,0.0,907,personal_frequency
user_000000_000494,13,10,0,2,0.0,907,personal_frequency
user_000000_000495,6,1,0,5,0.0,907,personal_frequency
user_000000_000496,13,4,0,5,0.0,907,personal_frequency
user_000000_000497,8,1,0,7,0.0,907,personal_frequency
user_000000_000498,10,4,0,5,0.0,907,personal_frequency
user_000000_000499,9,0,0,8,,907,personal_frequency
user_000000_000500,15,11,0,2,0.0,907,personal_frequency
user_000000_000501,15,11,0,3,0.0,907,personal_frequency
user_000000_000502,15,8,0,3,0.0,907,personal_frequency
user_000000_000503,10,3,0,4,0.0,907,personal_frequency
user_000000_000504,14,8,0,2,0.0,907,personal_frequency
user_000000_000505,10,3,0,4,0.0,907,personal_frequency
user_000000_000506,15,12,0,1,0.0,907,personal_frequency
user_000000_000507,8,2,0,3,0.0,907,personal_frequency
user_000000_000508,13,8,0,4,0.0,907,personal_frequency
user_000000_000509,12,7,0,4,0.0,907,personal_frequency
user_000000_000510,9,3,0,6,0.0,907,personal_frequency
user_000000_000511,14,8,0,3,0.0,907,personal_frequency
user_000000_000512,14,11,0,2,0.0,907,personal_frequency
user_000000_000513,12,5,0,3,0.0,907,personal_frequency
user_000000_000514,13,8,0,4,0.0,907,personal_frequency
user_000000_000515,12,4,0,5,0.0,907,personal_frequency
user_000000_000516,13,7,0,3,0.0,907,personal_frequency
user_000000_000517,15,6,0,3,0.0,907,personal_frequency
user_000000_000518,13,9,0,3,0.0,907,personal_frequency
user_000000_000519,10,2,0,4,0.0,907,personal_frequency
user_000000_000520,10,4,0,2,0.0,907,personal_frequency
user_000000_000521,9,2,0,6,0.0,907,personal_frequency
user_000000_000522,13,10,0,3,0.0,907,personal_frequency
user_000000_000523,15,9,0,2,0.0,907,personal_frequency
user_000000_000524,13,6,0,4,0.0,907,personal_frequency
user_000000_000525,8,5,0,2,0.0,907,personal_frequency
user_000000_000526,15,5,0,4,0.0,907,personal_frequency
user_000000_000527,11,1,0,5,0.0,907,personal_frequency
user_000000_000528,15,10,0,3,0.0,907,personal_frequency
user_000000_000529,8,5,0,3,0.0,907,personal_frequency
user_000000_000530,9,5,0,2,0.0,907,personal_frequency
user_000000_000531,15,7,0,3,0.0,907,personal_frequency
user_000000_000532,9,3,0,4,0.0,907,personal_frequency
user_000000_000533,11,6,0,4,0.0,907,personal_frequency
user_000000_000534,13,5,0,3,0.0,907,personal_frequency
user_000000_000535,13,5,0,6,0.0,907,personal_frequency
user_000000_000536,13,8,0,3,0.0,907,personal_frequency
user_000000_000537,14,7,0,5,0.0,907,personal_frequency
user_000000_000538,15,10,0,2,0.0,907,personal_frequency
user_000000_000539,9,3,0,3,0.0,907,personal_frequency
user_000000_000540,13,10,0,2,0.0,907,personal_frequency
user_000000_000541,12,5,0,4,0.0,907,personal_frequency
user_000000_000542,9,3,0,4,0.0,907,personal_frequency
user_000000_000543,9,3,0,5,0.0,907,personal_frequency
user_000000_000544,9,3,0,3,0.0,907,personal_frequency
user_000000_000545,8,1,0,4,0.0,907,personal_frequency
user_000000_000546,11,3,0,6,0.0,907,personal_frequency
user_000000_000547,14,10,0,0,0.0,907,personal_frequency
user_000000_000548,13,7,0,5,0.0,907,personal_frequency
user_000000_000549,8,1,0,5,0.0,907,personal_frequency
user_000000_000550,13,10,0,3,0.0,907,personal_frequency
user_000000_000551,9,6,0,3,0.0,907,personal_frequency
user_000000_000552,8,0,0,6,,907,personal_frequency
user_000000_000553,12,4,0,3,0.0,907,personal_frequency
user_000000_000554,12,6,0,4,0.0,907,personal_frequency
user_000000_000555,15,8,0,2,0.0,907,personal_frequency
user_000000_000556,11,5,0,4,0.0,907,personal_frequency
user_000000_000557,11,5,0,3,0.0,907,personal_frequency
user_000000_000558,12,3,0,5,0.0,907,personal_frequency
user_000000_000559,11,9,0,2,0.0,907,personal_frequency
user_000000_000560,14,5,0,4,0.0,907,personal_frequency
user_000000_000561,10,4,0,4,0.0,907,personal_frequency
user_000000_000562,7,1,0,5,0.0,907,personal_frequency
user_000000_000563,14,6,0,4,0.0,907,personal_frequency
user_000000_000564,12,6,0,4,0.0,907,personal_frequency
user_000000_000565,15,10,0,2,0.0,907,personal_frequency
user_000000_000566,14,6,0,3,0.0,907,personal_frequency
user_000000_000567,13,7,0,3,0.0,907,personal_frequency
user_000000_000568,15,7,0,3,0.0,907,personal_frequency
user_000000_000569,12,7,0,3,0.0,907,personal_frequency
user_000000_000570,11,0,0,7,,907,personal_frequency
user_000000_000571,13,7,0,5,0.0,907,personal_frequency
user_000000_000572,15,9,0,3,0.0,907,personal_frequency
user_000000_000573,9,3,0,4,0.0,907,personal_frequency
user_000000_000574,15,10,0,2,0.0,907,personal_frequency
user_000000_000575,12,8,0,3,0.0,907,personal_frequency
user_000000_000576,12,7,0,4,0.0,907,personal_frequency
user_000000_000577,14,5,0,3,0.0,907,personal_frequency
user_000000_000578,7,3,0,4,0.0,907,personal_frequency
user_000000_000579,13,9,0,2,0.0,907,personal_frequency
user_000000_000580,11,5,0,3,0.0,907,personal_frequency
user_000000_000581,7,1,0,6,0.0,907,personal_frequency
user_000000_000582,13,5,0,5,0.0,907,personal_frequency
user_000000_000583,14,6,0,4,0.0,907,personal_frequency
user_000000_000584,8,2,0,4,0.0,907,personal_frequency
user_000000_000585,13,9,0,1,0.0,907,personal_frequency
user_000000_000586,13,8,0,1,0.0,907,personal_frequency
user_000000_000587,15,9,0,3,0.0,907,personal_frequency
user_000000_000588,8,3,0,4,0.0,907,personal_frequency
user_000000_000589,13,9,0,0,0.0,907,personal_frequency
user_000000_000590,7,3,0,4,0.0,907,personal_frequency
user_000000_000591,12,6,0,1,0.0,907,personal_frequency
user_000000_000592,12,5,0,4,0.0,907,personal_frequency
user_000000_000593,8,0,0,8,,907,personal_frequency
user_000000_000594,15,10,0,2,0.0,907,personal_frequency
user_000000_000595,11,1,0,4,0.0,907,personal_frequency
user_000000_000596,7,3,0,3,0.0,907,personal_frequency
user_000000_000597,11,6,0,2,0.0,907,personal_frequency
user_000000_000598,6,0,0,6,,907,personal_frequency
user_000000_000599,12,5,0,3,0.0,907,personal_frequency
user_000000_000600,10,3,0,2,0.0,907,personal_frequency
user_000000_000601,11,7,0,4,0.0,907,personal_frequency
user_000000_000602,14,5,0,5,0.0,907,personal_frequency
user_000000_000603,15,5,0,5,0.0,907,personal_frequency
user_000000_000604,11,6,0,4,0.0,907,personal_frequency
user_000000_000605,12,6,0,4,0.0,907,personal_frequency
user_000000_000606,15,11,0,3,0.0,907,personal_frequency
user_000000_000607,12,7,0,3,0.0,907,personal_frequency
user_000000_000608,13,10,0,1,0.0,907,personal_frequency
user_000000_000609,11,3,0,6,0.0,907,personal_frequency
user_000000_000610,15,10,0,2,0.0,907,personal_frequency
user_000000_000611,15,7,0,4,0.0,907,personal_frequency
user_000000_000612,7,2,0,2,0.0,907,personal_frequency
user_000000_000613,11,7,0,4,0.0,907,personal_frequency
user_000000_000614,14,5,0,5,0.0,907,personal_frequency
user_000000_000615,14,9,0,2,0.0,907,personal_frequency
user_000000_000616,11,3,0,5,0.0,907,personal_frequency
user_000000_000617,4,0,0,4,,907,personal_frequency
user_000000_000618,12,7,0,4,0.0,907,personal_frequency
user_000000_000619,6,2,0,4,0.0,907,personal_frequency
user_000000_000620,12,1,0,7,0.0,907,personal_frequency
user_000000_000621,14,6,0,1,0.0,907,personal_frequency
user_000000_000622,11,6,0,3,0.0,907,personal_frequency
user_000000_000623,11,4,0,4,0.0,907,personal_frequency
user_000000_000624,12,5,0,2,0.0,907,personal_frequency
user_000000_000625,9,2,0,5,0.0,907,personal_frequency
user_000000_000626,13,9,0,2,0.0,907,personal_frequency
user_000000_000627,12,5,0,5,0.0,907,personal_frequency
user_000000_000628,13,6,0,2,0.0,907,personal_frequency
user_000000_000629,13,9,0,2,0.0,907,personal_frequency
user_000000_000630,9,5,0,4,0.0,907,personal_frequency
user_000000_000631,14,5,0,4,0.0,907,personal_frequency
user_000000_000632,14,8,0,4,0.0,907,personal_frequency
user_000000_000633,14,4,0,6,0.0,907,personal_frequency
user_000000_000634,12,7,0,3,0.0,907,personal_frequency
user_000000_000635,15,9,0,4,0.0,907,personal_frequency
user_000000_000636,13,3,0,3,0.0,907,personal_frequency
user_000000_000637,13,4,0,5,0.0,907,personal_frequency
user_000000_000638,10,6,0,1,0.0,907,personal_frequency
user_000000_000639,13,8,0,5,0.0,907,personal_frequency
user_000000_000640,10,2,0,7,0.0,907,personal_frequency
user_000000_000641,9,5,0,2,0.0,907,personal_frequency
user_000000_000642,10,3,0,7,0.0,907,personal_frequency
user_000000_000643,10,4,0,4,0.0,907,personal_frequency
user_000000_000644,5,0,0,5,,907,personal_frequency
user_000000_000645,12,6,0,5,0.0,907,personal_frequency
user_000000_000646,13,6,0,4,0.0,907,personal_frequency
user_000000_000647,11,2,0,6,0.0,907,personal_frequency
user_000000_000648,10,6,0,3,0.0,907,personal_frequency
user_000000_000649,8,1,0,6,0.0,907,personal_frequency
user_000000_000650,15,10,0,4,0.0,907,personal_frequency
user_000000_000651,11,2,0,5,0.0,907,personal_frequency
user_000000_000652,12,5,0,4,0.0,907,personal_frequency
user_000000_000653,11,3,0,5,0.0,907,personal_frequency
user_000000_000654,13,6,0,5,0.0,907,personal_frequency
user_000000_000655,10,3,0,4,0.0,907,personal_frequency
user_000000_000656,11,6,0,5,0.0,907,personal_frequency
user_000000_000657,5,0,0,5,,907,personal_frequency
user_000000_000658,11,5,0,4,0.0,907,personal_frequency
user_000000_000659,14,3,0,7,0.0,907,personal_frequency
user_000000_000660,10,4,0,5,0.0,907,personal_frequency
user_000000_000661,10,2,0,5,0.0,907,personal_frequency
user_000000_000662,13,10,0,2,0.0,907,personal_frequency
user_000000_000663,5,0,0,4,,907,personal_frequency
user_000000_000664,14,9,0,2,0.0,907,personal_frequency
user_000000_000665,15,12,0,2,0.0,907,personal_frequency
user_000000_000666,11,4,0,5,0.0,907,personal_frequency
user_000000_000667,10,4,0,4,0.0,907,personal_frequency
user_000000_000668,14,6,0,4,0.0,907,personal_frequency
user_000000_000669,11,3,0,6,0.0,907,personal_frequency
user_000000_000670,15,8,0,4,0.0,907,personal_frequency
user_000000_000671,10,5,0,4,0.0,907,personal_frequency
user_000000_000672,12,5,0,3,0.0,907,personal_frequency
user_000000_000673,12,8,0,2,0.0,907,personal_frequency
user_000000_000674,14,8,0,3,0.0,907,personal_frequency
user_000000_000675,14,8,0,5,0.0,907,personal_frequency
user_000000_000676,10,3,0,4,0.0,907,personal_frequency
user_000000_000677,12,6,0,6,0.0,907,personal_frequency
user_000000_000678,15,11,0,0,0.0,907,personal_frequency
user_000000_000679,7,2,0,5,0.0,907,personal_frequency
user_000000_000680,8,2,0,4,0.0,907,personal_frequency
user_000000_000681,12,7,0,2,0.0,907,personal_frequency
user_000000_000682,13,3,0,7,0.0,907,personal_frequency
user_000000_000683,12,3,0,5,0.0,907,personal_frequency
user_000000_000684,14,12,0,1,0.0,907,personal_frequency
user_000000_000685,12,1,0,6,0.0,907,personal_frequency
user_000000_000686,9,1,0,7,0.0,907,personal_frequency
user_000000_000687,15,7,0,4,0.0,907,personal_frequency
user_000000_000688,10,3,0,5,0.0,907,personal_frequency
user_000000_000689,11,3,0,6,0.0,907,personal_frequency
user_000000_000690,15,9,0,5,0.0,907,personal_frequency
user_000000_000691,10,5,0,2,0.0,907,personal_frequency
user_000000_000692,13,4,0,5,0.0,907,personal_frequency
user_000000_000693,14,10,0,3,0.0,907,personal_frequency
user_000000_000694,14,9,0,3,0.0,907,personal_frequency
user_000000_000695,10,2,0,5,0.0,907,personal_frequency
user_000000_000696,7,0,0,5,,907,personal_frequency
user_000000_000697,14,9,0,3,0.0,907,personal_frequency
user_000000_000698,12,7,0,3,0.0,907,personal_frequency
user_000000_000699,9,1,0,4,0.0,907,personal_frequency
user_000000_000700,10,4,0,4,0.0,907,personal_frequency
user_000000_000701,13,4,0,6,0.0,907,personal_frequency
user_000000_000702,10,6,0,2,0.0,907,personal_frequency
user_000000_000703,11,7,0,4,0.0,907,personal_frequency
user_000000_000704,6,2,0,4,0.0,907,personal_frequency
user_000000_000705,15,11,0,2,0.0,907,personal_frequency
user_000000_000706,8,5,0,3,0.0,907,personal_frequency
user_000000_000707,10,4,0,5,0.0,907,personal_frequency
user_000000_000708,9,1,0,5,0.0,907,personal_frequency
user_000000_000709,7,3,0,3,0.0,907,personal_frequency
user_000000_000710,13,7,0,5,0.0,907,personal_frequency
user_000000_000711,15,8,0,4,0.0,907,personal_frequency
user_000000_000712,11,3,0,5,0.0,907,personal_frequency
user_000000_000713,13,9,0,3,0.0,907,personal_frequency
user_000000_000714,11,3,0,1,0.0,907,personal_frequency
user_000000_000715,14,8,0,3,0.0,907,personal_frequency
user_000000_000716,14,7,0,4,0.0,907,personal_frequency
user_000000_000717,13,3,0,4,0.0,907,personal_frequency
user_000000_000718,12,6,0,1,0.0,907,personal_frequency
user_000000_000719,12,7,0,4,0.0,907,personal_frequency
user_000000_000720,8,4,0,4,0.0,907,personal_frequency
user_000000_000721,6,3,0,3,0.0,907,personal_frequency
user_000000_000722,15,10,0,2,0.0,907,personal_frequency
user_000000_000723,14,7,0,1,0.0,907,personal_frequency
user_000000_000724,14,3,0,5,0.0,907,personal_frequency
user_000000_000725,9,4,0,4,0.0,907,personal_frequency
user_000000_000726,15,10,0,0,0.0,907,personal_frequency
user_000000_000727,15,10,0,4,0.0,907,personal_frequency
user_000000_000728,9,3,0,4,0.0,907,personal_frequency
user_000000_000729,11,8,0,2,0.0,907,personal_frequency
user_000000_000730,11,6,0,2,0.0,907,personal_frequency
user_000000_000731,14,9,0,4,0.0,907,personal_frequency
user_000000_000732,15,12,0,3,0.0,907,personal_frequency
user_000000_000733,11,6,0,4,0.0,907,personal_frequency
user_000000_000734,9,2,0,7,0.0,907,personal_frequency
user_000000_000735,13,7,0,5,0.0,907,personal_frequency
user_000000_000736,14,5,0,4,0.0,907,personal_frequency
user_000000_000737,14,10,0,0,0.0,907,personal_frequency
user_000000_000738,11,2,0,4,0.0,907,personal_frequency
user_000000_000739,13,9,0,2,0.0,907,personal_frequency
user_000000_000740,13,7,0,4,0.0,907,personal_frequency
user_000000_000741,6,0,0,5,,907,personal_frequency
user_000000_000742,14,8,0,6,0.0,907,personal_frequency
user_000000_000743,7,0,0,6,,907,personal_frequency
user_000000_000744,7,1,0,5,0.0,907,personal_frequency
user_000000_000745,11,4,0,3,0.0,907,personal_frequency
user_000000_000746,14,13,0,0,0.0,907,personal_frequency
user_000000_000747,12,4,0,4,0.0,907,personal_frequency
user_000000_000748,11,4,0,2,0.0,907,personal_frequency
user_000000_000749,7,5,0,2,0.0,907,personal_frequency
user_000000_000750,14,9,0,1,0.0,907,personal_frequency
user_000000_000751,11,3,0,4,0.0,907,personal_frequency
user_000000_000752,13,1,0,4,0.0,907,personal_frequency
user_000000_000753,14,6,0,3,0.0,907,personal_frequency
user_000000_000754,8,3,0,3,0.0,907,personal_frequency
user_000000_000755,10,4,0,3,0.0,907,personal_frequency
user_000000_000756,12,4,0,3,0.0,907,personal_frequency
user_000000_000757,15,13,0,2,0.0,907,personal_frequency
user_000000_000758,6,1,0,5,0.0,907,personal_frequency
user_000000_000759,13,8,0,3,0.0,907,personal_frequency
user_000000_000760,11,5,0,3,0.0,907,personal_frequency
user_000000_000761,13,6,0,3,0.0,907,personal_frequency
user_000000_000762,14,7,0,3,0.0,907,personal_frequency
user_000000_000763,13,8,0,1,0.0,907,personal_frequency
user_000000_000764,13,8,0,3,0.0,907,personal_frequency
user_000000_000765,14,4,0,6,0.0,907,personal_frequency
user_000000_000766,10,3,0,5,0.0,907,personal_frequency
user_000000_000767,11,3,0,5,0.0,907,personal_frequency
user_000000_000768,11,5,0,6,0.0,907,personal_frequency
user_000000_000769,11,7,0,3,0.0,907,personal_frequency
user_000000_000770,12,4,0,8,0.0,907,personal_frequency
user_000000_000771,14,7,0,3,0.0,907,personal_frequency
user_000000_000772,12,3,0,3,0.0,907,personal_frequency
user_000000_000773,9,3,0,2,0.0,907,personal_frequency
user_000000_000774,11,9,0,2,0.0,907,personal_frequency
user_000000_000775,15,9,0,3,0.0,907,personal_frequency
user_000000_000776,13,9,0,1,0.0,907,personal_frequency
user_000000_000777,13,10,0,1,0.0,907,personal_frequency
user_000000_000778,15,7,0,4,0.0,907,personal_frequency
user_000000_000779,12,8,0,2,0.0,907,personal_frequency
user_000000_000780,12,5,0,4,0.0,907,personal_frequency
user_000000_000781,5,0,0,5,,907,personal_frequency
user_000000_000782,13,8,0,4,0.0,907,personal_frequency
user_000000_000783,14,3,0,3,0.0,907,personal_frequency
user_000000_000784,11,7,0,4,0.0,907,personal_frequency
user_000000_000785,13,5,0,4,0.0,907,personal_frequency
user_000000_000786,14,9,0,3,0.0,907,personal_frequency
user_000000_000787,9,0,0,7,,907,personal_frequency
user_000000_000788,13,7,0,4,0.0,907,personal_frequency
user_000000_000789,9,3,0,2,0.0,907,personal_frequency
user_000000_000790,15,9,0,2,0.0,907,personal_frequency
user_000000_000791,6,2,0,3,0.0,907,personal_frequency
user_000000_000792,8,2,0,5,0.0,907,personal_frequency
user_000000_000793,12,5,0,4,0.0,907,personal_frequency
user_000000_000794,12,4,0,6,0.0,907,personal_frequency
user_000000_000795,14,9,0,1,0.0,907,personal_frequency
user_000000_000796,6,1,0,5,0.0,907,personal_frequency
user_000000_000797,11,4,0,4,0.0,907,personal_frequency
user_000000_000798,12,8,0,4,0.0,907,personal_frequency
user_000000_000799,12,4,0,6,0.0,907,personal_frequency
user_000000_000800,13,9,0,4,0.0,907,personal_frequency
user_000000_000801,12,7,0,4,0.0,907,personal_frequency
user_000000_000802,7,0,0,6,,907,personal_frequency
user_000000_000803,15,7,0,3,0.0,907,personal_frequency
user_000000_000804,13,7,0,4,0.0,907,personal_frequency
user_000000_000805,14,10,0,2,0.0,907,personal_frequency
user_000000_000806,15,9,0,4,0.0,907,personal_frequency
user_000000_000807,11,5,0,4,0.0,907,personal_frequency
user_000000_000808,14,9,0,3,0.0,907,personal_frequency
user_000000_000809,13,9,0,4,0.0,907,personal_frequency
user_000000_000810,15,7,0,2,0.0,907,personal_frequency
user_000000_000811,7,0,0,6,,907,personal_frequency
user_000000_000812,10,3,0,6,0.0,907,personal_frequency
user_000000_000813,6,1,0,5,0.0,907,personal_frequency
user_000000_000814,10,3,0,5,0.0,907,personal_frequency
user_000000_000815,10,6,0,2,0.0,907,personal_frequency
user_000000_000816,13,8,0,3,0.0,907,personal_frequency
user_000000_000817,13,7,0,3,0.0,907,personal_frequency
user_000000_000818,9,1,0,6,0.0,907,personal_frequency
user_000000_000819,10,2,0,5,0.0,907,personal_frequency
user_000000_000820,7,2,0,5,0.0,907,personal_frequency
user_000000_000821,13,11,0,1,0.0,907,personal_frequency
user_000000_000822,14,11,0,1,0.0,907,personal_frequency
user_000000_000823,11,5,0,5,0.0,907,personal_frequency
user_000000_000824,14,9,0,0,0.0,907,personal_frequency
user_000000_000825,15,9,0,1,0.0,907,personal_frequency
user_000000_000826,14,7,0,2,0.0,907,personal_frequency
user_000000_000827,9,2,0,7,0.0,907,personal_frequency
user_000000_000828,11,5,0,3,0.0,907,personal_frequency
user_000000_000829,9,2,0,5,0.0,907,personal_frequency
user_000000_000830,11,2,0,4,0.0,907,personal_frequency
user_000000_000831,8,2,0,6,0.0,907,personal_frequency
user_000000_000832,4,1,0,3,0.0,907,personal_frequency
user_000000_000833,13,5,0,5,0.0,907,personal_frequency
user_000000_000834,15,10,0,2,0.0,907,personal_frequency
user_000000_000835,14,6,0,3,0.0,907,personal_frequency
user_000000_000836,14,8,0,2,0.0,907,personal_frequency
user_000000_000837,9,1,0,8,0.0,907,personal_frequency
user_000000_000838,15,4,0,5,0.0,907,personal_frequency
user_000000_000839,14,8,0,2,0.0,907,personal_frequency
user_000000_000840,12,5,0,4,0.0,907,personal_frequency
user_000000_000841,10,7,0,3,0.0,907,personal_frequency
user_000000_000842,13,9,0,3,0.0,907,personal_frequency
user_000000_000843,12,2,0,5,0.0,907,personal_frequency
user_000000_000844,12,6,0,3,0.0,907,personal_frequency
user_000000_000845,12,6,0,5,0.0,907,personal_frequency
user_000000_000846,14,12,0,1,0.0,907,personal_frequency
user_000000_000847,13,10,0,3,0.0,907,personal_frequency
user_000000_000848,13,6,0,5,0.0,907,personal_frequency
user_000000_000849,15,10,0,0,0.0,907,personal_frequency
user_000000_000850,7,2,0,5,0.0,907,personal_frequency
user_000000_000851,13,7,0,2,0.0,907,personal_frequency
user_000000_000852,13,8,0,4,0.0,907,personal_frequency
user_000000_000853,13,7,0,3,0.0,907,personal_frequency
user_000000_000854,13,6,0,2,0.0,907,personal_frequency
user_000000_000855,12,1,0,7,0.0,907,personal_frequency
user_000000_000856,7,0,0,5,,907,personal_frequency
user_000000_000857,14,6,0,4,0.0,907,personal_frequency
user_000000_000858,12,7,0,1,0.0,907,personal_frequency
user_000000_000859,14,6,0,5,0.0,907,personal_frequency
user_000000_000860,15,14,0,1,0.0,907,personal_frequency
user_000000_000861,15,7,0,2,0.0,907,personal_frequency
user_000000_000862,14,9,0,3,0.0,907,personal_frequency
user_000000_000863,14,6,0,4,0.0,907,personal_frequency
user_000000_000864,13,8,0,3,0.0,907,personal_frequency
user_000000_000865,14,5,0,4,0.0,907,personal_frequency
user_000000_000866,14,12,0,1,0.0,907,personal_frequency
user_000000_000867,10,6,0,3,0.0,907,personal_frequency
user_000000_000868,12,5,0,3,0.0,907,personal_frequency
user_000000_000869,13,3,0,6,0.0,907,personal_frequency
user_000000_000870,10,4,0,6,0.0,907,personal_frequency
user_000000_000871,15,10,0,2,0.0,907,personal_frequency
user_000000_000872,13,4,0,6,0.0,907,personal_frequency
user_000000_000873,11,4,0,3,0.0,907,personal_frequency
user_000000_000874,11,8,0,3,0.0,907,personal_frequency
user_000000_000875,11,6,0,2,0.0,907,personal_frequency
user_000000_000876,15,6,0,6,0.0,907,personal_frequency
user_000000_000877,13,8,0,3,0.0,907,personal_frequency
user_000000_000878,14,10,0,1,0.0,907,personal_frequency
user_000000_000879,14,9,0,0,0.0,907,personal_frequency
user_000000_000880,14,10,0,1,0.0,907,personal_frequency
user_000000_000881,10,2,0,5,0.0,907,personal_frequency
user_000000_000882,13,8,0,4,0.0,907,personal_frequency
user_000000_000883,15,12,0,1,0.0,907,personal_frequency
user_000000_000884,14,4,0,3,0.0,907,personal_frequency
user_000000_000885,10,3,0,6,0.0,907,personal_frequency
user_000000_000886,12,3,0,2,0.0,907,personal_frequency
user_000000_000887,10,4,0,5,0.0,907,personal_frequency
user_000000_000888,10,1,0,8,0.0,907,personal_frequency
user_000000_000889,10,7,0,2,0.0,907,personal_frequency
user_000000_000890,13,5,0,4,0.0,907,personal_frequency
user_000000_000891,12,2,0,5,0.0,907,personal_frequency
user_000000_000892,10,4,0,3,0.0,907,personal_frequency
user_000000_000893,14,9,0,2,0.0,907,personal_frequency
user_000000_000894,7,1,0,6,0.0,907,personal_frequency
user_000000_000895,12,8,0,2,0.0,907,personal_frequency
user_000000_000896,12,6,0,3,0.0,907,personal_frequency
user_000000_000897,12,5,0,3,0.0,907,personal_frequency
user_000000_000898,6,1,0,5,0.0,907,personal_frequency
user_000000_000899,15,7,0,4,0.0,907,personal_frequency
user_000000_000900,6,3,0,3,0.0,907,personal_frequency
user_000000_000901,14,9,0,2,0.0,907,personal_frequency
user_000000_000902,15,13,0,0,0.0,907,personal_frequency
user_000000_000903,9,0,0,7,,907,personal_frequency
user_000000_000904,12,8,0,3,0.0,907,personal_frequency
user_000000_000905,15,14,0,1,0.0,907,personal_frequency
user_000000_000906,12,2,0,8,0.0,907,personal_frequency
user_000000_000907,14,5,0,3,0.0,907,personal_frequency
user_000000_000908,14,8,0,1,0.0,907,personal_frequency
user_000000_000909,12,3,0,5,0.0,907,personal_frequency
user_000000_000910,14,11,0,2,0.0,907,personal_frequency
user_000000_000911,13,7,0,3,0.0,907,personal_frequency
user_000000_000912,11,7,0,3,0.0,907,personal_frequency
user_000000_000913,12,9,0,3,0.0,907,personal_frequency
user_000000_000914,13,8,0,2,0.0,907,personal_frequency
user_000000_000915,10,4,0,5,0.0,907,personal_frequency
user_000000_000916,15,10,0,4,0.0,907,personal_frequency
user_000000_000917,10,9,0,1,0.0,907,personal_frequency
user_000000_000918,14,6,0,4,0.0,907,personal_frequency
user_000000_000919,12,4,0,3,0.0,907,personal_frequency
user_000000_000920,10,3,0,3,0.0,907,personal_frequency
user_000000_000921,6,2,0,4,0.0,907,personal_frequency
user_000000_000922,13,6,0,6,0.0,907,personal_frequency
user_000000_000923,15,9,0,3,0.0,907,personal_frequency
user_000000_000924,11,5,0,3,0.0,907,personal_frequency
user_000000_000925,14,9,0,3,0.0,907,personal_frequency
user_000000_000926,12,6,0,6,0.0,907,personal_frequency
user_000000_000927,5,0,0,5,,907,personal_frequency
user_000000_000928,13,4,0,5,0.0,907,personal_frequency
user_000000_000929,14,7,0,6,0.0,907,personal_frequency
user_000000_000930,13,3,0,4,0.0,907,personal_frequency
user_000000_000931,13,10,0,3,0.0,907,personal_frequency
user_000000_000932,15,8,0,3,0.0,907,personal_frequency
user_000000_000933,14,8,0,2,0.0,907,personal_frequency
user_000000_000934,14,6,0,2,0.0,907,personal_frequency
user_000000_000935,11,4,0,4,0.0,907,personal_frequency
user_000000_000936,14,6,0,4,0.0,907,personal_frequency
user_000000_000937,15,10,0,0,0.0,907,personal_frequency
user_000000_000938,14,4,0,4,0.0,907,personal_frequency
user_000000_000939,10,4,0,4,0.0,907,personal_frequency
user_000000_000940,14,7,0,3,0.0,907,personal_frequency
user_000000_000941,5,0,0,4,,907,personal_frequency
user_000000_000942,12,6,0,3,0.0,907,personal_frequency
user_000000_000943,13,4,0,4,0.0,907,personal_frequency
user_000000_000944,15,9,0,2,0.0,907,personal_frequency
user_000000_000945,11,5,0,4,0.0,907,personal_frequency
user_000000_000946,15,9,0,3,0.0,907,personal_frequency
user_000000_000947,11,7,0,2,0.0,907,personal_frequency
user_000000_000948,13,5,0,5,0.0,907,personal_frequency
user_000000_000949,11,5,0,5,0.0,907,personal_frequency
user_000000_000950,14,8,0,3,0.0,907,personal_frequency
user_000000_000951,13,8,0,3,0.0,907,personal_frequency
user_000000_000952,13,8,0,3,0.0,907,personal_frequency
user_000000_000953,9,1,0,6,0.0,907,personal_frequency
user_000000_000954,12,5,0,4,0.0,907,personal_frequency
user_000000_000955,10,4,0,2,0.0,907,personal_frequency
user_000000_000956,13,7,0,3,0.0,907,personal_frequency
user_000000_000957,13,8,0,2,0.0,907,personal_frequency
user_000000_000958,11,2,0,5,0.0,907,personal_frequency
user_000000_000959,13,5,0,4,0.0,907,personal_frequency
user_000000_000960,12,8,0,2,0.0,907,personal_frequency
user_000000_000961,10,2,0,6,0.0,907,personal_frequency
user_000000_000962,12,3,0,7,0.0,907,personal_frequency
user_000000_000963,14,9,0,1,0.0,907,personal_frequency
user_000000_000964,15,11,0,2,0.0,907,personal_frequency
user_000000_000965,10,2,0,6,0.0,907,personal_frequency
user_000000_000966,7,1,0,6,0.0,907,personal_frequency
user_000000_000967,14,11,0,2,0.0,907,personal_frequency
user_000000_000968,11,4,0,5,0.0,907,personal_frequency
user_000000_000969,8,2,0,5,0.0,907,personal_frequency
user_000000_000970,15,11,0,0,0.0,907,personal_frequency
user_000000_000971,9,2,0,7,0.0,907,personal_frequency
user_000000_000972,14,7,0,4,0.0,907,personal_frequency
user_000000_000973,10,4,0,6,0.0,907,personal_frequency
user_000000_000974,14,6,0,6,0.0,907,personal_frequency
user_000000_000975,13,10,0,2,0.0,907,personal_frequency
user_000000_000976,9,2,0,5,0.0,907,personal_frequency
user_000000_000977,12,6,0,4,0.0,907,personal_frequency
user_000000_000978,12,10,0,1,0.0,907,personal_frequency
user_000000_000979,12,4,0,3,0.0,907,personal_frequency
user_000000_000980,13,3,0,7,0.0,907,personal_frequency
user_000000_000981,14,7,0,3,0.0,907,personal_frequency
user_000000_000982,14,10,0,2,0.0,907,personal_frequency
user_000000_000983,12,6,0,3,0.0,907,personal_frequency
user_000000_000984,6,1,0,4,0.0,907,personal_frequency
user_000000_000985,10,3,0,5,0.0,907,personal_frequency
user_000000_000986,15,11,0,1,0.0,907,personal_frequency
user_000000_000987,14,8,0,3,0.0,907,personal_frequency
user_000000_000988,15,9,0,1,0.0,907,personal_frequency
user_000000_000989,7,1,0,6,0.0,907,personal_frequency
user_000000_000990,15,7,0,5,0.0,907,personal_frequency
user_000000_000991,14,12,0,2,0.0,907,personal_frequency
user_000000_000992,11,7,0,2,0.0,907,personal_frequency
user_000000_000993,13,7,0,4,0.0,907,personal_frequency
user_000000_000994,9,6,0,3,0.0,907,personal_frequency
user_000000_000995,15,11,0,2,0.0,907,personal_frequency
user_000000_000996,13,4,0,3,0.0,907,personal_frequency
user_000000_000997,11,6,0,4,0.0,907,personal_frequency
user_000000_000998,14,7,0,3,0.0,907,personal_frequency
user_000000_000999,11,7,0,4,0.0,907,personal_frequency
user_000000_001000,13,8,0,1,0.0,907,personal_frequency
user_000000_001001,13,5,0,5,0.0,907,personal_frequency
user_000000_001002,11,4,0,6,0.0,907,personal_frequency
user_000000_001003,12,3,0,4,0.0,907,personal_frequency
user_000000_001004,15,12,0,1,0.0,907,personal_frequency
user_000000_001005,14,8,0,4,0.0,907,personal_frequency
user_000000_001006,15,11,0,3,0.0,907,personal_frequency
user_000000_001007,11,2,0,5,0.0,907,personal_frequency
user_000000_001008,9,2,0,5,0.0,907,personal_frequency
user_000000_001009,9,6,0,3,0.0,907,personal_frequency
user_000000_001010,12,7,0,4,0.0,907,personal_frequency
user_000000_001011,10,4,0,3,0.0,907,personal_frequency
user_000000_001012,9,3,0,4,0.0,907,personal_frequency
user_000000_001013,10,6,0,1,0.0,907,personal_frequency
user_000000_001014,11,3,0,5,0.0,907,personal_frequency
user_000000_001015,6,1,0,3,0.0,907,personal_frequency
user_000000_001016,8,2,0,5,0.0,907,personal_frequency
user_000000_001017,15,9,0,1,0.0,907,personal_frequency
user_000000_001018,15,5,0,4,0.0,907,personal_frequency
user_000000_001019,14,6,0,3,0.0,907,personal_frequency
user_000000_001020,11,5,0,5,0.0,907,personal_frequency
user_000000_001021,14,10,0,2,0.0,907,personal_frequency
user_000000_001022,13,10,0,3,0.0,907,personal_frequency
user_000000_001023,11,4,0,3,0.0,907,personal_frequency
user_000000_001024,10,6,0,4,0.0,907,personal_frequency
user_000000_001025,14,5,0,3,0.0,907,personal_frequency
user_000000_001026,13,6,0,2,0.0,907,personal_frequency
user_000000_001027,11,8,0,2,0.0,907,personal_frequency
user_000000_001028,6,1,0,5,0.0,907,personal_frequency
user_000000_001029,11,6,0,2,0.0,907,personal_frequency
user_000000_001030,13,6,0,4,0.0,907,personal_frequency
user_000000_001031,14,7,0,3,0.0,907,personal_frequency
user_000000_001032,7,1,0,5,0.0,907,personal_frequency
user_000000_001033,13,7,0,5,0.0,907,personal_frequency
user_000000_001034,13,6,0,3,0.0,907,personal_frequency
user_000000_001035,6,1,0,4,0.0,907,personal_frequency
user_000000_001036,11,3,0,6,0.0,907,personal_frequency
user_000000_001037,13,8,0,2,0.0,907,personal_frequency
user_000000_001038,15,10,0,1,0.0,907,personal_frequency
user_000000_001039,15,13,0,1,0.0,907,personal_frequency
user_000000_001040,12,2,0,3,0.0,907,personal_frequency
user_000000_001041,13,5,0,7,0.0,907,personal_frequency
user_000000_001042,11,0,0,5,,907,personal_frequency
user_000000_001043,14,8,0,2,0.0,907,personal_frequency
user_000000_001044,6,1,0,5,0.0,907,personal_frequency
user_000000_001045,7,3,0,4,0.0,907,personal_frequency
user_000000_001046,8,4,0,3,0.0,907,personal_frequency
user_000000_001047,8,1,0,5,0.0,907,personal_frequency
user_000000_001048,13,7,0,5,0.0,907,personal_frequency
user_000000_001049,14,4,0,3,0.0,907,personal_frequency
user_000000_001050,13,4,0,4,0.0,907,personal_frequency
user_000000_001051,11,5,0,4,0.0,907,personal_frequency
user_000000_001052,11,8,0,2,0.0,907,personal_frequency
user_000000_001053,12,9,0,3,0.0,907,personal_frequency
user_000000_001054,14,9,0,3,0.0,907,personal_frequency
user_000000_001055,15,7,0,3,0.0,907,personal_frequency
user_000000_001056,13,5,0,3,0.0,907,personal_frequency
user_000000_001057,14,6,0,4,0.0,907,personal_frequency
user_000000_001058,14,6,0,2,0.0,907,personal_frequency
user_000000_001059,12,8,0,2,0.0,907,personal_frequency
user_000000_001060,12,5,0,4,0.0,907,personal_frequency
user_000000_001061,15,8,0,3,0.0,907,personal_frequency
user_000000_001062,11,5,0,3,0.0,907,personal_frequency
user_000000_001063,14,10,0,0,0.0,907,personal_frequency
user_000000_001064,14,5,0,4,0.0,907,personal_frequency
user_000000_001065,11,3,0,5,0.0,907,personal_frequency
user_000000_001066,13,9,0,2,0.0,907,personal_frequency
user_000000_001067,11,4,0,6,0.0,907,personal_frequency
user_000000_001068,13,8,0,2,0.0,907,personal_frequency
user_000000_001069,13,8,0,1,0.0,907,personal_frequency
user_000000_001070,14,5,0,3,0.0,907,personal_frequency
user_000000_001071,15,12,0,2,0.0,907,personal_frequency
user_000000_001072,6,3,0,3,0.0,907,personal_frequency
user_000000_001073,9,4,0,5,0.0,907,personal_frequency
user_000000_001074,13,1,0,6,0.0,907,personal_frequency
user_000000_001075,15,10,0,4,0.0,907,personal_frequency
user_000000_001076,8,1,0,5,0.0,907,personal_frequency
user_000000_001077,11,3,0,5,0.0,907,personal_frequency
user_000000_001078,14,10,0,2,0.0,907,personal_frequency
user_000000_001079,7,0,0,7,,907,personal_frequency
user_000000_001080,15,6,0,4,0.0,907,personal_frequency
user_000000_001081,12,5,0,4,0.0,907,personal_frequency
user_000000_001082,13,7,0,3,0.0,907,personal_frequency
user_000000_001083,8,2,0,5,0.0,907,personal_frequency
user_000000_001084,8,1,0,5,0.0,907,personal_frequency
user_000000_001085,14,6,0,5,0.0,907,personal_frequency
user_000000_001086,12,4,0,4,0.0,907,personal_frequency
user_000000_001087,7,0,0,5,,907,personal_frequency
user_000000_001088,12,2,0,6,0.0,907,personal_frequency
user_000000_001089,10,1,0,5,0.0,907,personal_frequency
user_000000_001090,14,6,0,8,0.0,907,personal_frequency
user_000000_001091,11,1,0,6,0.0,907,personal_frequency
user_000000_001092,10,3,0,7,0.0,907,personal_frequency
user_000000_001093,10,6,0,2,0.0,907,personal_frequency
user_000000_001094,10,6,0,2,0.0,907,personal_frequency
user_000000_001095,13,9,0,2,0.0,907,personal_frequency
user_000000_001096,13,7,0,3,0.0,907,personal_frequency
user_000000_001097,14,7,0,3,0.0,907,personal_frequency
user_000000_001098,15,11,0,2,0.0,907,personal_frequency
user_000000_001099,15,6,0,5,0.0,907,personal_frequency
user_000000_001100,12,7,0,3,0.0,907,personal_frequency
user_000000_001101,15,11,0,2,0.0,907,personal_frequency
user_000000_001102,11,6,0,2,0.0,907,personal_frequency
user_000000_001103,10,3,0,4,0.0,907,personal_frequency
user_000000_001104,9,2,0,6,0.0,907,personal_frequency
user_000000_001105,11,6,0,3,0.0,907,personal_frequency
user_000000_001106,7,1,0,5,0.0,907,personal_frequency
user_000000_001107,11,3,0,4,0.0,907,personal_frequency
user_000000_001108,15,9,0,5,0.0,907,personal_frequency
user_000000_001109,9,3,0,5,0.0,907,personal_frequency
user_000000_001110,7,2,0,5,0.0,907,personal_frequency
user_000000_001111,12,6,0,4,0.0,907,personal_frequency
user_000000_001112,12,3,0,6,0.0,907,personal_frequency
user_000000_001113,12,6,0,5,0.0,907,personal_frequency
user_000000_001114,11,2,0,5,0.0,907,personal_frequency
user_000000_001115,14,7,0,5,0.0,907,personal_frequency
user_000000_001116,14,8,0,4,0.0,907,personal_frequency
user_000000_001117,15,7,0,3,0.0,907,personal_frequency
user_000000_001118,12,5,0,2,0.0,907,personal_frequency
user_000000_001119,14,9,0,3,0.0,907,personal_frequency
user_000000_001120,14,6,0,4,0.0,907,personal_frequency
user_000000_001121,11,1,0,3,0.0,907,personal_frequency
user_000000_001122,13,7,0,2,0.0,907,personal_frequency
user_000000_001123,12,2,0,7,0.0,907,personal_frequency
user_000000_001124,12,5,0,3,0.0,907,personal_frequency
user_000000_001125,7,1,0,4,0.0,907,personal_frequency
user_000000_001126,12,6,0,3,0.0,907,personal_frequency
user_000000_001127,9,2,0,6,0.0,907,personal_frequency
user_000000_001128,12,8,0,4,0.0,907,personal_frequency
user_000000_001129,11,3,0,4,0.0,907,personal_frequency
user_000000_001130,8,3,0,4,0.0,907,personal_frequency
user_000000_001131,13,8,0,3,0.0,907,personal_frequency
user_000000_001132,14,10,0,1,0.0,907,personal_frequency
user_000000_001133,11,2,0,6,0.0,907,personal_frequency
user_000000_001134,13,5,0,4,0.0,907,personal_frequency
user_000000_001135,10,4,0,4,0.0,907,personal_frequency
user_000000_001136,9,2,0,5,0.0,907,personal_frequency
user_000000_001137,14,7,0,3,0.0,907,personal_frequency
user_000000_001138,14,6,0,4,0.0,907,personal_frequency
user_000000_001139,11,2,0,4,0.0,907,personal_frequency
user_000000_001140,12,5,0,3,0.0,907,personal_frequency
user_000000_001141,14,4,0,5,0.0,907,personal_frequency
user_000000_001142,10,5,0,2,0.0,907,personal_frequency
user_000000_001143,11,2,0,5,0.0,907,personal_frequency
user_000000_001144,12,6,0,3,0.0,907,personal_frequency
user_000000_001145,9,1,0,6,0.0,907,personal_frequency
user_000000_001146,3,1,0,2,0.0,907,personal_frequency
user_000000_001147,14,11,0,2,0.0,907,personal_frequency
user_000000_001148,12,4,0,4,0.0,907,personal_frequency
user_000000_001149,13,5,0,6,0.0,907,personal_frequency
user_000000_001150,11,6,0,3,0.0,907,personal_frequency
user_000000_001151,14,11,0,2,0.0,907,personal_frequency
user_000000_001152,12,3,0,6,0.0,907,personal_frequency
user_000000_001153,13,3,0,3,0.0,907,personal_frequency
user_000000_001154,14,12,0,1,0.0,907,personal_frequency
user_000000_001155,14,12,0,2,0.0,907,personal_frequency
user_000000_001156,14,11,0,0,0.0,907,personal_frequency
user_000000_001157,15,8,0,3,0.0,907,personal_frequency
user_000000_001158,10,4,0,5,0.0,907,personal_frequency
user_000000_001159,10,5,0,4,0.0,907,personal_frequency
user_000000_001160,10,4,0,3,0.0,907,personal_frequency
user_000000_001161,13,8,0,3,0.0,907,personal_frequency
user_000000_001162,12,6,0,4,0.0,907,personal_frequency
user_000000_001163,14,8,0,1,0.0,907,personal_frequency
user_000000_001164,14,8,0,1,0.0,907,personal_frequency
user_000000_001165,13,5,0,4,0.0,907,personal_frequency
user_000000_001166,13,8,0,3,0.0,907,personal_frequency
user_000000_001167,14,6,0,3,0.0,907,personal_frequency
user_000000_001168,14,12,0,1,0.0,907,personal_frequency
user_000000_001169,14,11,0,1,0.0,907,personal_frequency
user_000000_001170,15,7,0,3,0.0,907,personal_frequency
user_000000_001171,9,5,0,3,0.0,907,personal_frequency
user_000000_001172,13,0,0,5,,907,personal_frequency
user_000000_001173,14,6,0,2,0.0,907,personal_frequency
user_000000_001174,13,7,0,2,0.0,907,personal_frequency
user_000000_001175,15,12,0,2,0.0,907,personal_frequency
user_000000_001176,14,9,0,1,0.0,907,personal_frequency
user_000000_001177,10,5,0,3,0.0,907,personal_frequency
user_000000_001178,10,1,0,5,0.0,907,personal_frequency
user_000000_001179,14,6,0,3,0.0,907,personal_frequency
user_000000_001180,15,8,0,4,0.0,907,personal_frequency
user_000000_001181,10,6,0,3,0.0,907,personal_frequency
user_000000_001182,14,10,0,1,0.0,907,personal_frequency
user_000000_001183,11,4,0,5,0.0,907,personal_frequency
user_000000_001184,12,6,0,4,0.0,907,personal_frequency
user_000000_001185,6,1,0,4,0.0,907,personal_frequency
user_000000_001186,11,6,0,4,0.0,907,personal_frequency
user_000000_001187,15,9,0,4,0.0,907,personal_frequency
user_000000_001188,9,2,0,7,0.0,907,personal_frequency
user_000000_001189,6,1,0,5,0.0,907,personal_frequency
user_000000_001190,11,5,0,3,0.0,907,personal_frequency
user_000000_001191,12,6,0,3,0.0,907,personal_frequency
user_000000_001192,14,7,0,1,0.0,907,personal_frequency
user_000000_001193,15,6,0,4,0.0,907,personal_frequency
user_000000_001194,13,5,0,5,0.0,907,personal_frequency
user_000000_001195,15,7,0,4,0.0,907,personal_frequency
user_000000_001196,15,11,0,2,0.0,907,personal_frequency
user_000000_001197,10,1,0,7,0.0,907,personal_frequency
user_000000_001198,8,2,0,4,0.0,907,personal_frequency
user_000000_001199,12,6,0,5,0.0,907,personal_frequency
user_000000_001200,12,5,0,4,0.0,907,personal_frequency
user_000000_001201,9,5,0,3,0.0,907,personal_frequency
user_000000_001202,15,6,0,4,0.0,907,personal_frequency
user_000000_001203,14,12,0,1,0.0,907,personal_frequency
user_000000_001204,14,4,0,5,0.0,907,personal_frequency
user_000000_001205,7,1,0,4,0.0,907,personal_frequency
user_000000_001206,13,8,0,2,0.0,907,personal_frequency
user_000000_001207,10,1,0,6,0.0,907,personal_frequency
user_000000_001208,14,5,0,4,0.0,907,personal_frequency
user_000000_001209,13,8,0,5,0.0,907,personal_frequency
user_000000_001210,15,7,0,6,0.0,907,personal_frequency
user_000000_001211,14,8,0,4,0.0,907,personal_frequency
user_000000_001212,11,5,0,2,0.0,907,personal_frequency
user_000000_001213,14,9,0,3,0.0,907,personal_frequency
user_000000_001214,13,6,0,2,0.0,907,personal_frequency
user_000000_001215,10,4,0,3,0.0,907,personal_frequency
user_000000_001216,15,14,0,0,0.0,907,personal_frequency
user_000000_001217,13,6,0,4,0.0,907,personal_frequency
user_000000_001218,12,7,0,1,0.0,907,personal_frequency
user_000000_001219,15,5,0,6,0.0,907,personal_frequency
user_000000_001220,7,3,0,4,0.0,907,personal_frequency
user_000000_001221,11,6,0,3,0.0,907,personal_frequency
user_000000_001222,14,8,0,4,0.0,907,personal_frequency
user_000000_001223,14,7,0,4,0.0,907,personal_frequency
user_000000_001224,13,5,0,4,0.0,907,personal_frequency
user_000000_001225,10,3,0,3,0.0,907,personal_frequency
user_000000_001226,13,8,0,2,0.0,907,personal_frequency
user_000000_001227,11,5,0,4,0.0,907,personal_frequency
user_000000_001228,13,6,0,4,0.0,907,personal_frequency
user_000000_001229,9,4,0,4,0.0,907,personal_frequency
user_000000_001230,15,12,0,2,0.0,907,personal_frequency
user_000000_001231,11,4,0,5,0.0,907,personal_frequency
user_000000_001232,8,1,0,6,0.0,907,personal_frequency
user_000000_001233,11,5,0,4,0.0,907,personal_frequency
user_000000_001234,13,9,0,3,0.0,907,personal_frequency
user_000000_001235,13,4,0,3,0.0,907,personal_frequency
user_000000_001236,13,6,0,1,0.0,907,personal_frequency
user_000000_001237,13,5,0,3,0.0,907,personal_frequency
user_000000_001238,11,3,0,5,0.0,907,personal_frequency
user_000000_001239,13,4,0,4,0.0,907,personal_frequency
user_000000_001240,15,10,0,1,0.0,907,personal_frequency
user_000000_001241,13,3,0,6,0.0,907,personal_frequency
user_000000_001242,11,6,0,3,0.0,907,personal_frequency
user_000000_001243,14,11,0,1,0.0,907,personal_frequency
user_000000_001244,8,2,0,3,0.0,907,personal_frequency
user_000000_001245,8,3,0,3,0.0,907,personal_frequency
user_000000_001246,13,8,0,3,0.0,907,personal_frequency
user_000000_001247,12,5,0,3,0.0,907,personal_frequency
user_000000_001248,14,9,0,4,0.0,907,personal_frequency
user_000000_001249,12,9,0,2,0.0,907,personal_frequency
user_000000_001250,12,4,0,6,0.0,907,personal_frequency
user_000000_001251,14,6,0,4,0.0,907,personal_frequency
user_000000_001252,15,10,0,2,0.0,907,personal_frequency
user_000000_001253,14,10,0,0,0.0,907,personal_frequency
user_000000_001254,13,8,0,2,0.0,907,personal_frequency
user_000000_001255,10,3,0,2,0.0,907,personal_frequency
user_000000_001256,13,2,0,4,0.0,907,personal_frequency
user_000000_001257,6,0,0,5,,907,personal_frequency
user_000000_001258,9,0,0,6,,907,personal_frequency
user_000000_001259,12,4,0,4,0.0,907,personal_frequency
user_000000_001260,5,1,0,4,0.0,907,personal_frequency
user_000000_001261,11,1,0,7,0.0,907,personal_frequency
user_000000_001262,14,8,0,3,0.0,907,personal_frequency
user_000000_001263,12,7,0,5,0.0,907,personal_frequency
user_000000_001264,11,4,0,2,0.0,907,personal_frequency
user_000000_001265,12,7,0,2,0.0,907,personal_frequency
user_000000_001266,12,4,0,3,0.0,907,personal_frequency
user_000000_001267,10,2,0,6,0.0,907,personal_frequency
user_000000_001268,13,3,0,7,0.0,907,personal_frequency
user_000000_001269,7,2,0,2,0.0,907,personal_frequency
user_000000_001270,7,2,0,5,0.0,907,personal_frequency
user_000000_001271,15,8,0,3,0.0,907,personal_frequency
user_000000_001272,12,5,0,6,0.0,907,personal_frequency
user_000000_001273,14,8,0,5,0.0,907,personal_frequency
user_000000_001274,11,3,0,6,0.0,907,personal_frequency
user_000000_001275,12,7,0,4,0.0,907,personal_frequency
user_000000_001276,15,8,0,6,0.0,907,personal_frequency
user_000000_001277,9,2,0,6,0.0,907,personal_frequency
user_000000_001278,12,8,0,2,0.0,907,personal_frequency
user_000000_001279,1,0,0,1,,907,personal_frequency
user_000000_001280,15,10,0,3,0.0,907,personal_frequency
user_000000_001281,12,6,0,3,0.0,907,personal_frequency
user_000000_001282,12,7,0,4,0.0,907,personal_frequency
user_000000_001283,7,0,0,5,,907,personal_frequency
user_000000_001284,15,9,0,2,0.0,907,personal_frequency
user_000000_001285,11,5,0,6,0.0,907,personal_frequency
user_000000_001286,13,4,0,5,0.0,907,personal_frequency
user_000000_001287,15,10,0,1,0.0,907,personal_frequency
user_000000_001288,14,9,0,3,0.0,907,personal_frequency
user_000000_001289,12,9,0,1,0.0,907,personal_frequency
user_000000_001290,13,11,0,2,0.0,907,personal_frequency
user_000000_001291,13,5,0,4,0.0,907,personal_frequency
user_000000_001292,9,6,0,2,0.0,907,personal_frequency
user_000000_001293,11,3,0,2,0.0,907,personal_frequency
user_000000_001294,10,5,0,4,0.0,907,personal_frequency
user_000000_001295,12,4,0,4,0.0,907,personal_frequency
user_000000_001296,10,6,0,3,0.0,907,personal_frequency
user_000000_001297,13,9,0,3,0.0,907,personal_frequency
user_000000_001298,7,2,0,4,0.0,907,personal_frequency
user_000000_001299,13,8,0,1,0.0,907,personal_frequency
user_000000_001300,13,4,0,6,0.0,907,personal_frequency
user_000000_001301,12,8,0,2,0.0,907,personal_frequency
user_000000_001302,11,3,0,4,0.0,907,personal_frequency
user_000000_001303,15,13,0,1,0.0,907,personal_frequency
user_000000_001304,13,5,0,7,0.0,907,personal_frequency
user_000000_001305,4,0,0,4,,907,personal_frequency
user_000000_001306,8,2,0,4,0.0,907,personal_frequency
user_000000_001307,14,7,0,3,0.0,907,personal_frequency
user_000000_001308,11,6,0,5,0.0,907,personal_frequency
user_000000_001309,15,10,0,1,0.0,907,personal_frequency
user_000000_001310,12,9,0,2,0.0,907,personal_frequency
user_000000_001311,8,3,0,5,0.0,907,personal_frequency
user_000000_001312,15,11,0,2,0.0,907,personal_frequency
user_000000_001313,15,12,0,0,0.0,907,personal_frequency
user_000000_001314,11,5,0,4,0.0,907,personal_frequency
user_000000_001315,14,8,0,3,0.0,907,personal_frequency
user_000000_001316,5,0,0,5,,907,personal_frequency
user_000000_001317,14,9,0,2,0.0,907,personal_frequency
user_000000_001318,13,6,0,6,0.0,907,personal_frequency
user_000000_001319,10,3,0,5,0.0,907,personal_frequency
user_000000_001320,11,5,0,2,0.0,907,personal_frequency
user_000000_001321,12,5,0,6,0.0,907,personal_frequency
user_000000_001322,13,7,0,2,0.0,907,personal_frequency
user_000000_001323,10,4,0,4,0.0,907,personal_frequency
user_000000_001324,13,10,0,2,0.0,907,personal_frequency
user_000000_001325,7,2,0,5,0.0,907,personal_frequency
user_000000_001326,11,4,0,3,0.0,907,personal_frequency
user_000000_001327,14,5,0,4,0.0,907,personal_frequency
user_000000_001328,7,3,0,3,0.0,907,personal_frequency
user_000000_001329,13,8,0,1,0.0,907,personal_frequency
user_000000_001330,7,1,0,6,0.0,907,personal_frequency
user_000000_001331,9,3,0,6,0.0,907,personal_frequency
user_000000_001332,10,5,0,4,0.0,907,personal_frequency
user_000000_001333,14,6,0,4,0.0,907,personal_frequency
user_000000_001334,8,3,0,5,0.0,907,personal_frequency
user_000000_001335,13,10,0,2,0.0,907,personal_frequency
user_000000_001336,11,5,0,4,0.0,907,personal_frequency
user_000000_001337,15,9,0,1,0.0,907,personal_frequency
user_000000_001338,11,3,0,5,0.0,907,personal_frequency
user_000000_001339,8,3,0,5,0.0,907,personal_frequency
user_000000_001340,7,2,0,3,0.0,907,personal_frequency
user_000000_001341,4,0,0,4,,907,personal_frequency
user_000000_001342,14,6,0,4,0.0,907,personal_frequency
user_000000_001343,10,3,0,5,0.0,907,personal_frequency
user_000000_001344,10,1,0,7,0.0,907,personal_frequency
user_000000_001345,14,8,0,1,0.0,907,personal_frequency
user_000000_001346,13,7,0,4,0.0,907,personal_frequency
user_000000_001347,9,3,0,4,0.0,907,personal_frequency
user_000000_001348,11,2,0,3,0.0,907,personal_frequency
user_000000_001349,12,4,0,3,0.0,907,personal_frequency
user_000000_001350,11,6,0,4,0.0,907,personal_frequency
user_000000_001351,10,4,0,4,0.0,907,personal_frequency
user_000000_001352,12,5,0,3,0.0,907,personal_frequency
user_000000_001353,14,8,0,3,0.0,907,personal_frequency
user_000000_001354,13,6,0,4,0.0,907,personal_frequency
user_000000_001355,12,6,0,3,0.0,907,personal_frequency
user_000000_001356,14,10,0,4,0.0,907,personal_frequency
user_000000_001357,15,10,0,2,0.0,907,personal_frequency
user_000000_001358,11,4,0,4,0.0,907,personal_frequency
user_000000_001359,12,3,0,4,0.0,907,personal_frequency
user_000000_001360,10,4,0,3,0.0,907,personal_frequency
user_000000_001361,14,8,0,4,0.0,907,personal_frequency
user_000000_001362,14,7,0,2,0.0,907,personal_frequency
user_000000_001363,13,6,0,4,0.0,907,personal_frequency
user_000000_001364,13,9,0,2,0.0,907,personal_frequency
user_000000_001365,15,10,0,2,0.0,907,personal_frequency
user_000000_001366,11,6,0,4,0.0,907,personal_frequency
user_000000_001367,14,7,0,3,0.0,907,personal_frequency
user_000000_001368,13,10,0,1,0.0,907,personal_frequency
user_000000_001369,14,7,0,5,0.0,907,personal_frequency
user_000000_001370,10,6,0,3,0.0,907,personal_frequency
user_000000_001371,12,10,0,2,0.0,907,personal_frequency
user_000000_001372,15,8,0,1,0.0,907,personal_frequency
user_000000_001373,13,2,0,5,0.0,907,personal_frequency
user_000000_001374,8,2,0,3,0.0,907,personal_frequency
user_000000_001375,12,5,0,3,0.0,907,personal_frequency
user_000000_001376,3,1,0,2,0.0,907,personal_frequency
user_000000_001377,7,4,0,2,0.0,907,personal_frequency
user_000000_001378,13,11,0,1,0.0,907,personal_frequency
user_000000_001379,6,1,0,5,0.0,907,personal_frequency
user_000000_001380,11,5,0,2,0.0,907,personal_frequency
user_000000_001381,14,8,0,5,0.0,907,personal_frequency
user_000000_001382,14,5,0,5,0.0,907,personal_frequency
user_000000_001383,9,3,0,4,0.0,907,personal_frequency
user_000000_001384,13,5,0,4,0.0,907,personal_frequency
user_000000_001385,11,8,0,2,0.0,907,personal_frequency
user_000000_001386,14,6,0,5,0.0,907,personal_frequency
user_000000_001387,14,10,0,2,0.0,907,personal_frequency
user_000000_001388,15,10,0,3,0.0,907,personal_frequency
user_000000_001389,12,6,0,3,0.0,907,personal_frequency
user_000000_001390,13,11,0,0,0.0,907,personal_frequency
user_000000_001391,12,8,0,1,0.0,907,personal_frequency
user_000000_001392,9,2,0,6,0.0,907,personal_frequency
user_000000_001393,14,11,0,2,0.0,907,personal_frequency
user_000000_001394,14,6,0,3,0.0,907,personal_frequency
user_000000_001395,11,6,0,5,0.0,907,personal_frequency
user_000000_001396,10,1,0,6,0.0,907,personal_frequency
user_000000_001397,10,5,0,3,0.0,907,personal_frequency
user_000000_001398,11,6,0,4,0.0,907,personal_frequency
user_000000_001399,12,0,0,6,,907,personal_frequency
user_000000_001400,10,5,0,3,0.0,907,personal_frequency
user_000000_001401,12,4,0,8,0.0,907,personal_frequency
user_000000_001402,9,1,0,5,0.0,907,personal_frequency
user_000000_001403,5,2,0,3,0.0,907,personal_frequency
user_000000_001404,14,9,0,1,0.0,907,personal_frequency
user_000000_001405,11,5,0,4,0.0,907,personal_frequency
user_000000_001406,15,7,0,3,0.0,907,personal_frequency
user_000000_001407,12,8,0,2,0.0,907,personal_frequency
user_000000_001408,9,6,0,3,0.0,907,personal_frequency
user_000000_001409,11,4,0,5,0.0,907,personal_frequency
user_000000_001410,11,3,0,2,0.0,907,personal_frequency
user_000000_001411,6,1,0,5,0.0,907,personal_frequency
user_000000_001412,13,8,0,2,0.0,907,personal_frequency
user_000000_001413,12,6,0,3,0.0,907,personal_frequency
user_000000_001414,12,6,0,3,0.0,907,personal_frequency
user_000000_001415,15,9,0,0,0.0,907,personal_frequency
user_000000_001416,12,7,0,3,0.0,907,personal_frequency
user_000000_001417,14,5,0,3,0.0,907,personal_frequency
user_000000_001418,9,3,0,5,0.0,907,personal_frequency
user_000000_001419,14,7,0,5,0.0,907,personal_frequency
user_000000_001420,10,4,0,3,0.0,907,personal_frequency
user_000000_001421,15,12,0,2,0.0,907,personal_frequency
user_000000_001422,10,5,0,4,0.0,907,personal_frequency
user_000000_001423,15,10,0,4,0.0,907,personal_frequency
user_000000_001424,10,2,0,5,0.0,907,personal_frequency
user_000000_001425,13,5,0,4,0.0,907,personal_frequency
user_000000_001426,13,5,0,5,0.0,907,personal_frequency
user_000000_001427,8,1,0,5,0.0,907,personal_frequency
user_000000_001428,14,3,0,6,0.0,907,personal_frequency
user_000000_001429,15,12,0,3,0.0,907,personal_frequency
user_000000_001430,15,8,0,5,0.0,907,personal_frequency
user_000000_001431,15,10,0,3,0.0,907,personal_frequency
user_000000_001432,10,6,0,3,0.0,907,personal_frequency
user_000000_001433,15,11,0,1,0.0,907,personal_frequency
user_000000_001434,9,3,0,5,0.0,907,personal_frequency
user_000000_001435,14,5,0,4,0.0,907,personal_frequency
user_000000_001436,15,9,0,3,0.0,907,personal_frequency
user_000000_001437,12,4,0,6,0.0,907,personal_frequency
user_000000_001438,12,6,0,3,0.0,907,personal_frequency
user_000000_001439,11,8,0,1,0.0,907,personal_frequency
user_000000_001440,12,5,0,3,0.0,907,personal_frequency
user_000000_001441,11,3,0,4,0.0,907,personal_frequency
user_000000_001442,11,4,0,6,0.0,907,personal_frequency
user_000000_001443,15,10,0,1,0.0,907,personal_frequency
user_000000_001444,12,5,0,5,0.0,907,personal_frequency
user_000000_001445,13,5,0,6,0.0,907,personal_frequency
user_000000_001446,12,10,0,1,0.0,907,personal_frequency
user_000000_001447,15,7,0,2,0.0,907,personal_frequency
user_000000_001448,14,8,0,3,0.0,907,personal_frequency
user_000000_001449,13,7,0,3,0.0,907,personal_frequency
user_000000_001450,7,5,0,2,0.0,907,personal_frequency
user_000000_001451,15,8,0,4,0.0,907,personal_frequency
user_000000_001452,15,11,0,2,0.0,907,personal_frequency
user_000000_001453,7,1,0,6,0.0,907,personal_frequency
user_000000_001454,15,11,0,1,0.0,907,personal_frequency
user_000000_001455,12,8,0,3,0.0,907,personal_frequency
user_000000_001456,14,6,0,3,0.0,907,personal_frequency
user_000000_001457,12,4,0,6,0.0,907,personal_frequency
user_000000_001458,7,4,0,3,0.0,907,personal_frequency
user_000000_001459,9,3,0,2,0.0,907,personal_frequency
user_000000_001460,12,4,0,5,0.0,907,personal_frequency
user_000000_001461,15,10,0,2,0.0,907,personal_frequency
user_000000_001462,12,4,0,3,0.0,907,personal_frequency
user_000000_001463,12,5,0,5,0.0,907,personal_frequency
user_000000_001464,12,5,0,3,0.0,907,personal_frequency
user_000000_001465,6,2,0,3,0.0,907,personal_frequency
user_000000_001466,13,6,0,6,0.0,907,personal_frequency
user_000000_001467,15,13,0,1,0.0,907,personal_frequency
user_000000_001468,14,4,0,3,0.0,907,personal_frequency
user_000000_001469,14,9,0,2,0.0,907,personal_frequency
user_000000_001470,14,8,0,3,0.0,907,personal_frequency
user_000000_001471,11,3,0,6,0.0,907,personal_frequency
user_000000_001472,11,3,0,4,0.0,907,personal_frequency
user_000000_001473,10,2,0,4,0.0,907,personal_frequency
user_000000_001474,12,2,0,5,0.0,907,personal_frequency
user_000000_001475,13,3,0,7,0.0,907,personal_frequency
user_000000_001476,12,6,0,3,0.0,907,personal_frequency
user_000000_001477,12,5,0,3,0.0,907,personal_frequency
user_000000_001478,15,10,0,0,0.0,907,personal_frequency
user_000000_001479,9,6,0,3,0.0,907,personal_frequency
user_000000_001480,14,8,0,4,0.0,907,personal_frequency
user_000000_001481,9,2,0,4,0.0,907,personal_frequency
user_000000_001482,8,5,0,1,0.0,907,personal_frequency
user_000000_001483,10,5,0,5,0.0,907,personal_frequency
user_000000_001484,15,10,0,2,0.0,907,personal_frequency
user_000000_001485,13,5,0,4,0.0,907,personal_frequency
user_000000_001486,14,9,0,2,0.0,907,personal_frequency
user_000000_001487,11,1,0,4,0.0,907,personal_frequency
user_000000_001488,13,5,0,4,0.0,907,personal_frequency
user_000000_001489,12,6,0,4,0.0,907,personal_frequency
user_000000_001490,7,5,0,2,0.0,907,personal_frequency
user_000000_001491,9,4,0,4,0.0,907,personal_frequency
user_000000_001492,10,2,0,4,0.0,907,personal_frequency
user_000000_001493,12,6,0,3,0.0,907,personal_frequency
user_000000_001494,13,7,0,2,0.0,907,personal_frequency
user_000000_001495,14,6,0,3,0.0,907,personal_frequency
user_000000_001496,15,10,0,1,0.0,907,personal_frequency
user_000000_001497,13,7,0,1,0.0,907,personal_frequency
user_000000_001498,4,1,0,3,0.0,907,personal_frequency
user_000000_001499,9,4,0,5,0.0,907,personal_frequency
user_000000_001500,13,6,0,3,0.0,907,personal_frequency
user_000000_001501,7,1,0,6,0.0,907,personal_frequency
user_000000_001502,13,8,0,4,0.0,907,personal_frequency
user_000000_001503,7,1,0,6,0.0,907,personal_frequency
user_000000_001504,13,8,0,4,0.0,907,personal_frequency
user_000000_001505,12,6,0,3,0.0,907,personal_frequency
user_000000_001506,10,6,0,3,0.0,907,personal_frequency
user_000000_001507,12,5,0,4,0.0,907,personal_frequency
user_000000_001508,12,9,0,1,0.0,907,personal_frequency
user_000000_001509,8,1,0,4,0.0,907,personal_frequency
user_000000_001510,12,7,0,3,0.0,907,personal_frequency
user_000000_001511,14,6,0,2,0.0,907,personal_frequency
user_000000_001512,13,8,0,1,0.0,907,personal_frequency
user_000000_001513,14,7,0,3,0.0,907,personal_frequency
user_000000_001514,14,8,0,4,0.0,907,personal_frequency
user_000000_001515,13,7,0,2,0.0,907,personal_frequency
user_000000_001516,12,4,0,3,0.0,907,personal_frequency
user_000000_001517,14,7,0,1,0.0,907,personal_frequency
user_000000_001518,13,8,0,3,0.0,907,personal_frequency
user_000000_001519,14,9,0,2,0.0,907,personal_frequency
user_000000_001520,11,4,0,4,0.0,907,personal_frequency
user_000000_001521,14,6,0,6,0.0,907,personal_frequency
user_000000_001522,12,5,0,3,0.0,907,personal_frequency
user_000000_001523,4,0,0,4,,907,personal_frequency
user_000000_001524,6,0,0,6,,907,personal_frequency
user_000000_001525,5,0,0,5,,907,personal_frequency
user_000000_001526,14,5,0,3,0.0,907,personal_frequency
user_000000_001527,8,2,0,5,0.0,907,personal_frequency
user_000000_001528,14,7,0,2,0.0,907,personal_frequency
user_000000_001529,14,8,0,4,0.0,907,personal_frequency
user_000000_001530,11,4,0,4,0.0,907,personal_frequency
user_000000_001531,15,10,0,4,0.0,907,personal_frequency
user_000000_001532,11,7,0,3,0.0,907,personal_frequency
user_000000_001533,13,11,0,1,0.0,907,personal_frequency
user_000000_001534,7,1,0,4,0.0,907,personal_frequency
user_000000_001535,15,10,0,1,0.0,907,personal_frequency
user_000000_001536,9,2,0,5,0.0,907,personal_frequency
user_000000_001537,5,0,0,5,,907,personal_frequency
user_000000_001538,8,3,0,5,0.0,907,personal_frequency
user_000000_001539,13,4,0,4,0.0,907,personal_frequency
user_000000_001540,11,7,0,3,0.0,907,personal_frequency
user_000000_001541,12,4,0,5,0.0,907,personal_frequency
user_000000_001542,13,3,0,4,0.0,907,personal_frequency
user_000000_001543,8,1,0,4,0.0,907,personal_frequency
user_000000_001544,13,8,0,2,0.0,907,personal_frequency
user_000000_001545,8,0,0,8,,907,personal_frequency
user_000000_001546,14,5,0,5,0.0,907,personal_frequency
user_000000_001547,6,0,0,6,,907,personal_frequency
user_000000_001548,9,5,0,3,0.0,907,personal_frequency
user_000000_001549,5,0,0,5,,907,personal_frequency
user_000000_001550,8,3,0,4,0.0,907,personal_frequency
user_000000_001551,15,3,0,5,0.0,907,personal_frequency
user_000000_001552,14,9,0,2,0.0,907,personal_frequency
user_000000_001553,8,0,0,4,,907,personal_frequency
user_000000_001554,10,4,0,5,0.0,907,personal_frequency
user_000000_001555,9,4,0,5,0.0,907,personal_frequency
user_000000_001556,13,6,0,5,0.0,907,personal_frequency
user_000000_001557,6,3,0,2,0.0,907,personal_frequency
user_000000_001558,15,11,0,2,0.0,907,personal_frequency
user_000000_001559,12,5,0,4,0.0,907,personal_frequency
user_000000_001560,10,5,0,5,0.0,907,personal_frequency
user_000000_001561,8,3,0,3,0.0,907,personal_frequency
user_000000_001562,14,8,0,3,0.0,907,personal_frequency
user_000000_001563,14,9,0,2,0.0,907,personal_frequency
user_000000_001564,13,7,0,5,0.0,907,personal_frequency
user_000000_001565,11,5,0,3,0.0,907,personal_frequency
user_000000_001566,14,8,0,6,0.0,907,personal_frequency
user_000000_001567,13,6,0,5,0.0,907,personal_frequency
user_000000_001568,13,8,0,2,0.0,907,personal_frequency
user_000000_001569,11,4,0,4,0.0,907,personal_frequency
user_000000_001570,14,10,0,2,0.0,907,personal_frequency
user_000000_001571,10,4,0,5,0.0,907,personal_frequency
user_000000_001572,14,6,0,3,0.0,907,personal_frequency
user_000000_001573,9,3,0,5,0.0,907,personal_frequency
user_000000_001574,13,7,0,4,0.0,907,personal_frequency
user_000000_001575,10,4,0,3,0.0,907,personal_frequency
user_000000_001576,5,1,0,4,0.0,907,personal_frequency
user_000000_001577,10,5,0,4,0.0,907,personal_frequency
user_000000_001578,13,9,0,1,0.0,907,personal_frequency
user_000000_001579,12,10,0,2,0.0,907,personal_frequency
user_000000_001580,13,6,0,3,0.0,907,personal_frequency
user_000000_001581,11,3,0,5,0.0,907,personal_frequency
user_000000_001582,11,4,0,3,0.0,907,personal_frequency
user_000000_001583,10,3,0,5,0.0,907,personal_frequency
user_000000_001584,5,1,0,4,0.0,907,personal_frequency
user_000000_001585,12,8,0,3,0.0,907,personal_frequency
user_000000_001586,5,1,0,4,0.0,907,personal_frequency
user_000000_001587,13,6,0,5,0.0,907,personal_frequency
user_000000_001588,15,8,0,0,0.0,907,personal_frequency
user_000000_001589,9,2,0,6,0.0,907,personal_frequency
user_000000_001590,13,2,0,5,0.0,907,personal_frequency
user_000000_001591,13,6,0,3,0.0,907,personal_frequency
user_000000_001592,6,0,0,5,,907,personal_frequency
user_000000_001593,10,1,0,5,0.0,907,personal_frequency
user_000000_001594,10,3,0,6,0.0,907,personal_frequency
user_000000_001595,13,8,0,3,0.0,907,personal_frequency
user_000000_001596,12,4,0,3,0.0,907,personal_frequency
user_000000_001597,11,5,0,6,0.0,907,personal_frequency
user_000000_001598,14,6,0,3,0.0,907,personal_frequency
user_000000_001599,14,8,0,2,0.0,907,personal_frequency
user_000000_001600,11,4,0,5,0.0,907,personal_frequency
user_000000_001601,12,7,0,2,0.0,907,personal_frequency
user_000000_001602,12,5,0,5,0.0,907,personal_frequency
user_000000_001603,13,5,0,6,0.0,907,personal_frequency
user_000000_001604,15,7,0,4,0.0,907,personal_frequency
user_000000_001605,15,9,0,2,0.0,907,personal_frequency
user_000000_001606,13,9,0,4,0.0,907,personal_frequency
user_000000_001607,12,7,0,2,0.0,907,personal_frequency
user_000000_001608,13,2,0,5,0.0,907,personal_frequency
user_000000_001609,10,4,0,5,0.0,907,personal_frequency
user_000000_001610,12,10,0,2,0.0,907,personal_frequency
user_000000_001611,13,10,0,2,0.0,907,personal_frequency
user_000000_001612,8,4,0,3,0.0,907,personal_frequency
user_000000_001613,4,0,0,4,,907,personal_frequency
user_000000_001614,13,7,0,4,0.0,907,personal_frequency
user_000000_001615,10,1,0,5,0.0,907,personal_frequency
user_000000_001616,10,2,0,5,0.0,907,personal_frequency
user_000000_001617,14,4,0,3,0.0,907,personal_frequency
user_000000_001618,14,4,0,4,0.0,907,personal_frequency
user_000000_001619,13,10,0,3,0.0,907,personal_frequency
user_000000_001620,11,8,0,1,0.0,907,personal_frequency
user_000000_001621,11,6,0,2,0.0,907,personal_frequency
user_000000_001622,12,5,0,4,0.0,907,personal_frequency
user_000000_001623,15,6,0,3,0.0,907,personal_frequency
user_000000_001624,14,12,0,1,0.0,907,personal_frequency
user_000000_001625,15,6,0,3,0.0,907,personal_frequency
user_000000_001626,10,5,0,4,0.0,907,personal_frequency
user_000000_001627,13,5,0,4,0.0,907,personal_frequency
user_000000_001628,10,3,0,7,0.0,907,personal_frequency
user_000000_001629,12,4,0,3,0.0,907,personal_frequency
user_000000_001630,13,8,0,2,0.0,907,personal_frequency
user_000000_001631,13,3,0,5,0.0,907,personal_frequency
user_000000_001632,7,2,0,5,0.0,907,personal_frequency
user_000000_001633,14,4,0,6,0.0,907,personal_frequency
user_000000_001634,14,7,0,3,0.0,907,personal_frequency
user_000000_001635,10,3,0,3,0.0,907,personal_frequency
user_000000_001636,11,3,0,3,0.0,907,personal_frequency
user_000000_001637,14,10,0,2,0.0,907,personal_frequency
user_000000_001638,14,6,0,3,0.0,907,personal_frequency
user_000000_001639,14,10,0,3,0.0,907,personal_frequency
user_000000_001640,7,0,0,6,,907,personal_frequency
user_000000_001641,12,3,0,3,0.0,907,personal_frequency
user_000000_001642,12,1,0,6,0.0,907,personal_frequency
user_000000_001643,14,10,0,2,0.0,907,personal_frequency
user_000000_001644,12,3,0,6,0.0,907,personal_frequency
user_000000_001645,7,2,0,3,0.0,907,personal_frequency
user_000000_001646,10,1,0,6,0.0,907,personal_frequency
user_000000_001647,14,10,0,2,0.0,907,personal_frequency
user_000000_001648,13,5,0,5,0.0,907,personal_frequency
user_000000_001649,12,6,0,2,0.0,907,personal_frequency
user_000000_001650,9,3,0,6,0.0,907,personal_frequency
user_000000_001651,13,7,0,3,0.0,907,personal_frequency
user_000000_001652,13,9,0,2,0.0,907,personal_frequency
user_000000_001653,6,3,0,3,0.0,907,personal_frequency
user_000000_001654,14,5,0,3,0.0,907,personal_frequency
user_000000_001655,10,1,0,3,0.0,907,personal_frequency
user_000000_001656,13,6,0,3,0.0,907,personal_frequency
user_000000_001657,15,10,0,4,0.0,907,personal_frequency
user_000000_001658,10,7,0,1,0.0,907,personal_frequency
user_000000_001659,8,4,0,3,0.0,907,personal_frequency
user_000000_001660,7,1,0,6,0.0,907,personal_frequency
user_000000_001661,7,1,0,6,0.0,907,personal_frequency
user_000000_001662,12,6,0,3,0.0,907,personal_frequency
user_000000_001663,12,4,0,5,0.0,907,personal_frequency
user_000000_001664,9,4,0,4,0.0,907,personal_frequency
user_000000_001665,14,7,0,3,0.0,907,personal_frequency
user_000000_001666,12,2,0,4,0.0,907,personal_frequency
user_000000_001667,15,10,0,3,0.0,907,personal_frequency
user_000000_001668,13,5,0,5,0.0,907,personal_frequency
user_000000_001669,13,7,0,2,0.0,907,personal_frequency
user_000000_001670,8,3,0,5,0.0,907,personal_frequency
user_000000_001671,13,6,0,2,0.0,907,personal_frequency
user_000000_001672,6,2,0,4,0.0,907,personal_frequency
user_000000_001673,8,3,0,5,0.0,907,personal_frequency
user_000000_001674,12,7,0,3,0.0,907,personal_frequency
user_000000_001675,13,6,0,2,0.0,907,personal_frequency
user_000000_001676,12,7,0,4,0.0,907,personal_frequency
user_000000_001677,12,5,0,5,0.0,907,personal_frequency
user_000000_001678,11,6,0,4,0.0,907,personal_frequency
user_000000_001679,12,2,0,2,0.0,907,personal_frequency
user_000000_001680,14,8,0,2,0.0,907,personal_frequency
user_000000_001681,13,8,0,3,0.0,907,personal_frequency
user_000000_001682,12,4,0,2,0.0,907,personal_frequency
user_000000_001683,15,11,0,3,0.0,907,personal_frequency
user_000000_001684,14,4,0,5,0.0,907,personal_frequency
user_000000_001685,12,6,0,5,0.0,907,personal_frequency
user_000000_001686,8,2,0,4,0.0,907,personal_frequency
user_000000_001687,14,10,0,2,0.0,907,personal_frequency
user_000000_001688,12,5,0,4,0.0,907,personal_frequency
user_000000_001689,13,9,0,3,0.0,907,personal_frequency
user_000000_001690,15,7,0,6,0.0,907,personal_frequency
user_000000_001691,10,3,0,5,0.0,907,personal_frequency
user_000000_001692,15,11,0,2,0.0,907,personal_frequency
user_000000_001693,12,3,0,5,0.0,907,personal_frequency
user_000000_001694,12,6,0,2,0.0,907,personal_frequency
user_000000_001695,14,8,0,6,0.0,907,personal_frequency
user_000000_001696,15,9,0,4,0.0,907,personal_frequency
user_000000_001697,14,8,0,4,0.0,907,personal_frequency
user_000000_001698,12,6,0,5,0.0,907,personal_frequency
user_000000_001699,15,4,0,4,0.0,907,personal_frequency
user_000000_001700,11,2,0,6,0.0,907,personal_frequency
user_000000_001701,13,7,0,3,0.0,907,personal_frequency
user_000000_001702,5,1,0,4,0.0,907,personal_frequency
user_000000_001703,11,7,0,2,0.0,907,personal_frequency
user_000000_001704,10,4,0,6,0.0,907,personal_frequency
user_000000_001705,14,10,0,3,0.0,907,personal_frequency
user_000000_001706,11,3,0,5,0.0,907,personal_frequency
user_000000_001707,8,0,0,5,,907,personal_frequency
user_000000_001708,14,9,0,3,0.0,907,personal_frequency
user_000000_001709,6,0,0,6,,907,personal_frequency
user_000000_001710,13,5,0,2,0.0,907,personal_frequency
user_000000_001711,12,5,0,6,0.0,907,personal_frequency
user_000000_001712,10,3,0,5,0.0,907,personal_frequency
user_000000_001713,14,7,0,4,0.0,907,personal_frequency
user_000000_001714,10,3,0,5,0.0,907,personal_frequency
user_000000_001715,12,9,0,3,0.0,907,personal_frequency
user_000000_001716,11,4,0,5,0.0,907,personal_frequency
user_000000_001717,12,10,0,1,0.0,907,personal_frequency
user_000000_001718,6,1,0,5,0.0,907,personal_frequency
user_000000_001719,13,10,0,2,0.0,907,personal_frequency
user_000000_001720,9,2,0,7,0.0,907,personal_frequency
user_000000_001721,13,4,0,7,0.0,907,personal_frequency
user_000000_001722,14,6,0,4,0.0,907,personal_frequency
user_000000_001723,9,2,0,6,0.0,907,personal_frequency
user_000000_001724,11,6,0,4,0.0,907,personal_frequency
user_000000_001725,6,2,0,3,0.0,907,personal_frequency
user_000000_001726,14,8,0,5,0.0,907,personal_frequency
user_000000_001727,13,10,0,3,0.0,907,personal_frequency
user_000000_001728,12,2,0,7,0.0,907,personal_frequency
user_000000_001729,9,3,0,5,0.0,907,personal_frequency
user_000000_001730,15,9,0,2,0.0,907,personal_frequency
user_000000_001731,14,9,0,3,0.0,907,personal_frequency
user_000000_001732,10,6,0,3,0.0,907,personal_frequency
user_000000_001733,15,10,0,2,0.0,907,personal_frequency
user_000000_001734,10,2,0,5,0.0,907,personal_frequency
user_000000_001735,10,2,0,5,0.0,907,personal_frequency
user_000000_001736,9,5,0,3,0.0,907,personal_frequency
user_000000_001737,10,3,0,3,0.0,907,personal_frequency
user_000000_001738,12,5,0,6,0.0,907,personal_frequency
user_000000_001739,13,6,0,1,0.0,907,personal_frequency
user_000000_001740,15,10,0,3,0.0,907,personal_frequency
user_000000_001741,14,9,0,3,0.0,907,personal_frequency
user_000000_001742,14,8,0,3,0.0,907,personal_frequency
user_000000_001743,10,3,0,3,0.0,907,personal_frequency
user_000000_001744,14,10,0,1,0.0,907,personal_frequency
user_000000_001745,14,10,0,2,0.0,907,personal_frequency
user_000000_001746,10,0,0,6,,907,personal_frequency
user_000000_001747,8,2,0,5,0.0,907,personal_frequency
user_000000_001748,9,4,0,5,0.0,907,personal_frequency
user_000000_001749,14,9,0,3,0.0,907,personal_frequency
user_000000_001750,5,1,0,4,0.0,907,personal_frequency
user_000000_001751,13,4,0,4,0.0,907,personal_frequency
user_000000_001752,14,7,0,4,0.0,907,personal_frequency
user_000000_001753,8,2,0,6,0.0,907,personal_frequency
user_000000_001754,12,2,0,6,0.0,907,personal_frequency
user_000000_001755,15,12,0,1,0.0,907,personal_frequency
user_000000_001756,14,10,0,2,0.0,907,personal_frequency
user_000000_001757,15,12,0,1,0.0,907,personal_frequency
user_000000_001758,10,3,0,4,0.0,907,personal_frequency
user_000000_001759,12,2,0,2,0.0,907,personal_frequency
user_000000_001760,14,9,0,2,0.0,907,personal_frequency
user_000000_001761,15,12,0,1,0.0,907,personal_frequency
user_000000_001762,14,8,0,3,0.0,907,personal_frequency
user_000000_001763,12,4,0,6,0.0,907,personal_frequency
user_000000_001764,9,2,0,6,0.0,907,personal_frequency
user_000000_001765,10,5,0,2,0.0,907,personal_frequency
user_000000_001766,12,7,0,4,0.0,907,personal_frequency
user_000000_001767,8,5,0,1,0.0,907,personal_frequency
user_000000_001768,12,8,0,3,0.0,907,personal_frequency
user_000000_001769,10,5,0,4,0.0,907,personal_frequency
user_000000_001770,15,8,0,2,0.0,907,personal_frequency
user_000000_001771,9,5,0,3,0.0,907,personal_frequency
user_000000_001772,14,7,0,5,0.0,907,personal_frequency
user_000000_001773,13,5,0,5,0.0,907,personal_frequency
user_000000_001774,7,3,0,3,0.0,907,personal_frequency
user_000000_001775,8,4,0,4,0.0,907,personal_frequency
user_000000_001776,11,5,0,2,0.0,907,personal_frequency
user_000000_001777,11,5,0,4,0.0,907,personal_frequency
user_000000_001778,12,7,0,5,0.0,907,personal_frequency
user_000000_001779,9,4,0,2,0.0,907,personal_frequency
user_000000_001780,13,9,0,2,0.0,907,personal_frequency
user_000000_001781,12,6,0,3,0.0,907,personal_frequency
user_000000_001782,10,5,0,5,0.0,907,personal_frequency
user_000000_001783,15,12,0,1,0.0,907,personal_frequency
user_000000_001784,6,1,0,5,0.0,907,personal_frequency
user_000000_001785,14,7,0,4,0.0,907,personal_frequency
user_000000_001786,8,2,0,6,0.0,907,personal_frequency
user_000000_001787,15,7,0,2,0.0,907,personal_frequency
user_000000_001788,13,6,0,5,0.0,907,personal_frequency
user_000000_001789,9,1,0,4,0.0,907,personal_frequency
user_000000_001790,8,3,0,5,0.0,907,personal_frequency
user_000000_001791,9,4,0,4,0.0,907,personal_frequency
user_000000_001792,14,9,0,2,0.0,907,personal_frequency
user_000000_001793,11,6,0,1,0.0,907,personal_frequency
user_000000_001794,7,0,0,7,,907,personal_frequency
user_000000_001795,15,10,0,3,0.0,907,personal_frequency
user_000000_001796,11,7,0,3,0.0,907,personal_frequency
user_000000_001797,13,5,0,3,0.0,907,personal_frequency
user_000000_001798,12,8,0,3,0.0,907,personal_frequency
user_000000_001799,13,7,0,4,0.0,907,personal_frequency
user_000000_001800,12,1,0,7,0.0,907,personal_frequency
user_000000_001801,14,6,0,5,0.0,907,personal_frequency
user_000000_001802,11,7,0,3,0.0,907,personal_frequency
user_000000_001803,6,1,0,3,0.0,907,personal_frequency
user_000000_001804,7,1,0,5,0.0,907,personal_frequency
user_000000_001805,13,4,0,4,0.0,907,personal_frequency
user_000000_001806,13,5,0,4,0.0,907,personal_frequency
user_000000_001807,14,7,0,1,0.0,907,personal_frequency
user_000000_001808,14,8,0,1,0.0,907,personal_frequency
user_000000_001809,13,8,0,2,0.0,907,personal_frequency
user_000000_001810,11,5,0,4,0.0,907,personal_frequency
user_000000_001811,14,6,0,1,0.0,907,personal_frequency
user_000000_001812,8,2,0,6,0.0,907,personal_frequency
user_000000_001813,11,3,0,4,0.0,907,personal_frequency
user_000000_001814,8,7,0,1,0.0,907,personal_frequency
user_000000_001815,12,7,0,3,0.0,907,personal_frequency
user_000000_001816,11,3,0,3,0.0,907,personal_frequency
user_000000_001817,13,4,0,1,0.0,907,personal_frequency
user_000000_001818,10,5,0,5,0.0,907,personal_frequency
user_000000_001819,12,7,0,3,0.0,907,personal_frequency
user_000000_001820,5,0,0,5,,907,personal_frequency
user_000000_001821,12,8,0,1,0.0,907,personal_frequency
user_000000_001822,13,5,0,3,0.0,907,personal_frequency
user_000000_001823,12,7,0,5,0.0,907,personal_frequency
user_000000_001824,15,9,0,3,0.0,907,personal_frequency
user_000000_001825,9,2,0,5,0.0,907,personal_frequency
user_000000_001826,15,7,0,3,0.0,907,personal_frequency
user_000000_001827,13,6,0,4,0.0,907,personal_frequency
user_000000_001828,14,7,0,4,0.0,907,personal_frequency
user_000000_001829,13,4,0,6,0.0,907,personal_frequency
user_000000_001830,13,5,0,4,0.0,907,personal_frequency
user_000000_001831,12,3,0,5,0.0,907,personal_frequency
user_000000_001832,8,2,0,6,0.0,907,personal_frequency
user_000000_001833,12,7,0,2,0.0,907,personal_frequency
user_000000_001834,13,4,0,4,0.0,907,personal_frequency
user_000000_001835,14,8,0,3,0.0,907,personal_frequency
user_000000_001836,12,8,0,1,0.0,907,personal_frequency
user_000000_001837,5,2,0,3,0.0,907,personal_frequency
user_000000_001838,11,8,0,3,0.0,907,personal_frequency
user_000000_001839,11,5,0,4,0.0,907,personal_frequency
user_000000_001840,13,8,0,3,0.0,907,personal_frequency
user_000000_001841,11,5,0,3,0.0,907,personal_frequency
user_000000_001842,11,3,0,5,0.0,907,personal_frequency
user_000000_001843,11,5,0,6,0.0,907,personal_frequency
user_000000_001844,12,3,0,5,0.0,907,personal_frequency
user_000000_001845,10,4,0,5,0.0,907,personal_frequency
user_000000_001846,13,7,0,1,0.0,907,personal_frequency
user_000000_001847,13,5,0,6,0.0,907,personal_frequency
user_000000_001848,14,9,0,3,0.0,907,personal_frequency
user_000000_001849,12,8,0,3,0.0,907,personal_frequency
user_000000_001850,7,1,0,5,0.0,907,personal_frequency
user_000000_001851,9,6,0,3,0.0,907,personal_frequency
user_000000_001852,14,6,0,5,0.0,907,personal_frequency
user_000000_001853,9,3,0,5,0.0,907,personal_frequency
user_000000_001854,14,9,0,2,0.0,907,personal_frequency
user_000000_001855,14,3,0,3,0.0,907,personal_frequency
user_000000_001856,14,6,0,2,0.0,907,personal_frequency
user_000000_001857,10,1,0,5,0.0,907,personal_frequency
user_000000_001858,14,3,0,6,0.0,907,personal_frequency
user_000000_001859,14,10,0,2,0.0,907,personal_frequency
user_000000_001860,15,10,0,2,0.0,907,personal_frequency
user_000000_001861,8,1,0,7,0.0,907,personal_frequency
user_000000_001862,10,2,0,6,0.0,907,personal_frequency
user_000000_001863,13,6,0,4,0.0,907,personal_frequency
user_000000_001864,8,2,0,5,0.0,907,personal_frequency
user_000000_001865,12,6,0,3,0.0,907,personal_frequency
user_000000_001866,15,6,0,6,0.0,907,personal_frequency
user_000000_001867,11,2,0,5,0.0,907,personal_frequency
user_000000_001868,14,8,0,1,0.0,907,personal_frequency
user_000000_001869,7,5,0,1,0.0,907,personal_frequency
user_000000_001870,14,9,0,3,0.0,907,personal_frequency
user_000000_001871,6,0,0,6,,907,personal_frequency
user_000000_001872,14,9,0,2,0.0,907,personal_frequency
user_000000_001873,5,1,0,4,0.0,907,personal_frequency
user_000000_001874,7,1,0,2,0.0,907,personal_frequency
user_000000_001875,14,10,0,1,0.0,907,personal_frequency
user_000000_001876,12,6,0,3,0.0,907,personal_frequency
user_000000_001877,15,10,0,4,0.0,907,personal_frequency
user_000000_001878,12,4,0,6,0.0,907,personal_frequency
user_000000_001879,12,3,0,4,0.0,907,personal_frequency
user_000000_001880,15,10,0,3,0.0,907,personal_frequency
user_000000_001881,4,0,0,4,,907,personal_frequency
user_000000_001882,13,5,0,3,0.0,907,personal_frequency
user_000000_001883,12,5,0,4,0.0,907,personal_frequency
user_000000_001884,10,4,0,4,0.0,907,personal_frequency
user_000000_001885,14,8,0,3,0.0,907,personal_frequency
user_000000_001886,12,6,0,3,0.0,907,personal_frequency
user_000000_001887,7,1,0,4,0.0,907,personal_frequency
user_000000_001888,15,12,0,1,0.0,907,personal_frequency
user_000000_001889,7,2,0,4,0.0,907,personal_frequency
user_000000_001890,12,5,0,3,0.0,907,personal_frequency
user_000000_001891,10,7,0,2,0.0,907,personal_frequency
user_000000_001892,9,3,0,5,0.0,907,personal_frequency
user_000000_001893,14,8,0,4,0.0,907,personal_frequency
user_000000_001894,5,2,0,2,0.0,907,personal_frequency
user_000000_001895,11,7,0,2,0.0,907,personal_frequency
user_000000_001896,9,5,0,1,0.0,907,personal_frequency
user_000000_001897,14,7,0,5,0.0,907,personal_frequency
user_000000_001898,13,6,0,4,0.0,907,personal_frequency
user_000000_001899,10,7,0,2,0.0,907,personal_frequency
user_000000_001900,5,0,0,5,,907,personal_frequency
user_000000_001901,7,3,0,3,0.0,907,personal_frequency
user_000000_001902,12,1,0,5,0.0,907,personal_frequency
user_000000_001903,9,3,0,5,0.0,907,personal_frequency
user_000000_001904,14,7,0,6,0.0,907,personal_frequency
user_000000_001905,9,2,0,5,0.0,907,personal_frequency
user_000000_001906,9,5,0,2,0.0,907,personal_frequency
user_000000_001907,14,8,0,5,0.0,907,personal_frequency
user_000000_001908,12,6,0,3,0.0,907,personal_frequency
user_000000_001909,13,5,0,3,0.0,907,personal_frequency
user_000000_001910,13,8,0,1,0.0,907,personal_frequency
user_000000_001911,12,8,0,3,0.0,907,personal_frequency
user_000000_001912,6,1,0,5,0.0,907,personal_frequency
user_000000_001913,6,0,0,6,,907,personal_frequency
user_000000_001914,11,3,0,7,0.0,907,personal_frequency
user_000000_001915,12,8,0,2,0.0,907,personal_frequency
user_000000_001916,15,9,0,0,0.0,907,personal_frequency
user_000000_001917,12,6,0,4,0.0,907,personal_frequency
user_000000_001918,14,7,0,4,0.0,907,personal_frequency
user_000000_001919,13,5,0,5,0.0,907,personal_frequency
user_000000_001920,12,7,0,2,0.0,907,personal_frequency
user_000000_001921,13,6,0,4,0.0,907,personal_frequency
user_000000_001922,14,4,0,5,0.0,907,personal_frequency
user_000000_001923,13,7,0,2,0.0,907,personal_frequency
user_000000_001924,8,6,0,2,0.0,907,personal_frequency
user_000000_001925,15,7,0,4,0.0,907,personal_frequency
user_000000_001926,14,6,0,3,0.0,907,personal_frequency
user_000000_001927,12,9,0,2,0.0,907,personal_frequency
user_000000_001928,11,5,0,5,0.0,907,personal_frequency
user_000000_001929,14,6,0,2,0.0,907,personal_frequency
user_000000_001930,14,10,0,3,0.0,907,personal_frequency
user_000000_001931,11,9,0,2,0.0,907,personal_frequency
user_000000_001932,9,4,0,5,0.0,907,personal_frequency
user_000000_001933,13,8,0,4,0.0,907,personal_frequency
user_000000_001934,10,6,0,1,0.0,907,personal_frequency
user_000000_001935,10,6,0,3,0.0,907,personal_frequency
user_000000_001936,11,5,0,2,0.0,907,personal_frequency
user_000000_001937,12,5,0,5,0.0,907,personal_frequency
user_000000_001938,14,9,0,2,0.0,907,personal_frequency
user_000000_001939,11,3,0,5,0.0,907,personal_frequency
user_000000_001940,10,3,0,5,0.0,907,personal_frequency
user_000000_001941,14,7,0,3,0.0,907,personal_frequency
user_000000_001942,15,10,0,1,0.0,907,personal_frequency
user_000000_001943,11,5,0,5,0.0,907,personal_frequency
user_000000_001944,14,11,0,0,0.0,907,personal_frequency
user_000000_001945,13,8,0,3,0.0,907,personal_frequency
user_000000_001946,11,2,0,5,0.0,907,personal_frequency
user_000000_001947,14,9,0,2,0.0,907,personal_frequency
user_000000_001948,14,2,0,4,0.0,907,personal_frequency
user_000000_001949,9,4,0,5,0.0,907,personal_frequency
user_000000_001950,13,5,0,4,0.0,907,personal_frequency
user_000000_001951,6,1,0,4,0.0,907,personal_frequency
user_000000_001952,4,0,0,4,,907,personal_frequency
user_000000_001953,5,0,0,5,,907,personal_frequency
user_000000_001954,8,3,0,4,0.0,907,personal_frequency
user_000000_001955,13,5,0,3,0.0,907,personal_frequency
user_000000_001956,14,5,0,6,0.0,907,personal_frequency
user_000000_001957,14,7,0,3,0.0,907,personal_frequency
user_000000_001958,13,10,0,1,0.0,907,personal_frequency
user_000000_001959,15,9,0,4,0.0,907,personal_frequency
user_000000_001960,12,4,0,6,0.0,907,personal_frequency
user_000000_001961,11,3,0,6,0.0,907,personal_frequency
user_000000_001962,14,4,0,4,0.0,907,personal_frequency
user_000000_001963,3,0,0,3,,907,personal_frequency
user_000000_001964,12,6,0,3,0.0,907,personal_frequency
user_000000_001965,11,4,0,3,0.0,907,personal_frequency
user_000000_001966,10,3,0,6,0.0,907,personal_frequency
user_000000_001967,10,6,0,4,0.0,907,personal_frequency
user_000000_001968,8,3,0,5,0.0,907,personal_frequency
user_000000_001969,7,0,0,7,,907,personal_frequency
user_000000_001970,7,4,0,3,0.0,907,personal_frequency
user_000000_001971,13,6,0,4,0.0,907,personal_frequency
user_000000_001972,11,8,0,2,0.0,907,personal_frequency
user_000000_001973,13,7,0,2,0.0,907,personal_frequency
user_000000_001974,12,7,0,4,0.0,907,personal_frequency
user_000000_001975,15,8,0,4,0.0,907,personal_frequency
user_000000_001976,14,8,0,3,0.0,907,personal_frequency
user_000000_001977,14,9,0,2,0.0,907,personal_frequency
user_000000_001978,9,4,0,2,0.0,907,personal_frequency
user_000000_001979,13,5,0,6,0.0,907,personal_frequency
user_000000_001980,13,8,0,2,0.0,907,personal_frequency
user_000000_001981,14,9,0,4,0.0,907,personal_frequency
user_000000_001982,13,4,0,3,0.0,907,personal_frequency
user_000000_001983,14,7,0,6,0.0,907,personal_frequency
user_000000_001984,6,1,0,5,0.0,907,personal_frequency
user_000000_001985,14,9,0,3,0.0,907,personal_frequency
user_000000_001986,11,2,0,5,0.0,907,personal_frequency
user_000000_001987,12,3,0,5,0.0,907,personal_frequency
user_000000_001988,12,5,0,5,0.0,907,personal_frequency
user_000000_001989,14,7,0,4,0.0,907,personal_frequency
user_000000_001990,13,2,0,4,0.0,907,personal_frequency
user_000000_001991,9,6,0,2,0.0,907,personal_frequency
user_000000_001992,15,11,0,0,0.0,907,personal_frequency
user_000000_001993,13,7,0,4,0.0,907,personal_frequency
user_000000_001994,14,7,0,1,0.0,907,personal_frequency
user_000000_001995,15,12,0,1,0.0,907,personal_frequency
user_000000_001996,12,8,0,4,0.0,907,personal_frequency
user_000000_001997,14,10,0,0,0.0,907,personal_frequency
user_000000_001998,6,1,0,5,0.0,907,personal_frequency
user_000000_001999,13,9,0,2,0.0,907,personal_frequency
